video_id;video_label;text;votes;text_clean;text_processed;sentiment;label_enc;text_len;word_count
za8EqDmgeiM;Video 3;"Tujuan MBG biar nambah nutrisi, tambah sehat tambah pinter.
Bukan tambah SAKIT";0;tujuan mbg biar nambah nutrisi tambah sehat tambah pinter bukan tambah sakit;tuju mbg biar nambah nutrisi sehat pinter sakit;Negatif;0;76;8
EEmfTnEhVJ0;Video 1;PENGAWASAN, jangan pake vendor punya nya pemerintah daerah tersebut;0;pengawasan jangan pake vendor punya nya pemerintah daerah tersebut;awas pake vendor perintah daerah;Netral;1;66;5
a2WXt0aW76g;Video 4;"Mungkin cara soeharto awal2 dulu , waktu belum gila kuasa korupsi,  posyandu, berhasil menghilangkan burung lapar...
Jadi bukan karena kurang makan, tapi karena makannya ga bergizi ,  salah, jadi lewat pendidikan antar sesama ibu2 rakyat simple...";10;mungkin cara soeharto awal dulu waktu belum gila kuasa korupsi posyandu berhasil menghilangkan burung lapar jadi bukan karena kurang makan tapi karena makannya ga bergizi salah jadi lewat pendidikan antar sesama ibu rakyat simple;soeharto waktu gila kuasa korupsi posyandu hasil hilang burung lapar makan makan gizi salah didik rakyat simple;Negatif;0;229;17
a2WXt0aW76g;Video 4;Udah pasti, orang orang prabowo dapat proyek MBG;0;udah pasti orang orang prabowo dapat proyek mbg;prabowo proyek mbg;Negatif;0;47;3
za8EqDmgeiM;Video 3;Hampir mustahil bahwa MBG itu dihentikan. Proyek ini telah dirancang memang untuk bagi-bagi anggaran dari sejak awal. HEBAT jika apa yang dibilang Mas Feri Amsari didengar dan dilakukan oleh pemerintah. Tapi, mari kita tunggu dan lihat bersama...;0;hampir mustahil bahwa mbg itu dihentikan proyek ini telah dirancang memang untuk bagi bagi anggaran dari sejak awal hebat jika apa yang dibilang mas feri amsari didengar dan dilakukan oleh pemerintah tapi mari kita tunggu dan lihat bersama;mustahil mbg henti proyek rancang anggar hebat bilang feri amsari dengar perintah mari tunggu;Netral;1;239;14
a2WXt0aW76g;Video 4;"Mana neh yg mendukung makan bergizi gratis? 
Ternyata anda sudah mendukung adanya tindakan korupsi??????
Dari awal waktu kampanye juga udah banyak yg bilang program ini pasti ada yg gak beres kalo dilakukan dan gak efektif tapi toh faktanya banyak yg mendukung makan gratis daripada lapangan pekerjaan";10;mana neh yg mendukung makan bergizi gratis ternyata anda sudah mendukung adanya tindakan korupsi dari awal waktu kampanye juga udah banyak yg bilang program ini pasti ada yg gak beres kalo dilakukan dan gak efektif tapi toh faktanya banyak yg mendukung makan gratis daripada lapangan pekerjaan;neh dukung makan gizi gratis dukung tindak korupsi waktu kampanye program beres efektif fakta dukung makan gratis lapang kerja;Negatif;0;293;19
za8EqDmgeiM;Video 3;"7.libatkan ahli giji
8.ganti pengurus BGN pusat dgn org yg lebih memahami program MBG";0;libatkan ahli giji ganti pengurus bgn pusat dgn org yg lebih memahami program mbg;libat ahli giji ganti urus bgn pusat paham program mbg;Netral;1;81;10
a2WXt0aW76g;Video 4;BMG SDH 4 BLN  BERJALAN TPI JATENG JG MASIH BANYAK YANG ZONK;0;bmg sdh bln berjalan tpi jateng jg masih banyak yang zonk;bmg bln jalan jateng zonk;Negatif;0;57;5
za8EqDmgeiM;Video 3;"Bung Feri Amsari ...sangt peduli kondisi Indonesia.saat ini tdk baik"".. smg.bpk.prabowo bisa membuzt.indonesia jdi baik dari sebelomnya brantas korupsi yg lgi.meraja lela   yg di biarkn oleh pak jokowi..";0;bung feri amsari sangt peduli kondisi indonesia saat ini tdk baik smg bpk prabowo bisa membuzt indonesia jdi baik dari sebelomnya brantas korupsi yg lgi meraja lela yg di biarkn oleh pak jokowi;feri amsari sangt peduli kondisi indonesia smg bpk prabowo membuzt indonesia jdi bom brantas korupsi lgi raja lela biarkn jokowi;Negatif;0;193;20
EEmfTnEhVJ0;Video 1;@ ngerti objektif ? oh engga ngerti, makannya sekolah;0;ngerti objektif oh engga ngerti makannya sekolah;ngerti objektif oh engga ngerti makan sekolah;Netral;1;48;7
a2WXt0aW76g;Video 4;Proyek ini ditetapkan msh dimasa jkw berkuasa;0;proyek ini ditetapkan msh dimasa jkw berkuasa;proyek tetap msh masa jkw kuasa;Netral;1;45;6
a2WXt0aW76g;Video 4;Semoga Pak Prabowo nonton Bocor Alus..;0;semoga pak prabowo nonton bocor alus;moga prabowo nonton bocor alus;Netral;1;36;5
a2WXt0aW76g;Video 4;Mungkin beliau sudah biasa masak kepala babi jadi langsung reflek jawabnya begitu ditanya??.;60;mungkin beliau sudah biasa masak kepala babi jadi langsung reflek jawabnya begitu ditanya;beliau masak kepala babi reflek;Netral;1;89;5
EEmfTnEhVJ0;Video 1;"kalau gw sih sarannya ada dua : 1. sistem makannya jadiin prasmanan ; 2, cukup fokuskan di daerah yg berkebutuhan (yg bisa makan layak gausah kasih, nanti manja wkwkwka)";20;kalau gw sih sarannya ada dua sistem makannya jadiin prasmanan cukup fokuskan di daerah yg berkebutuhan yg bisa makan layak gausah kasih nanti manja wkwkwka;gw saran sistem makan jadiin prasmanan fokus daerah butuh makan layak gausah kasih manja wkwkwka;Netral;1;156;15
rrTT_3KwcSs;Video 2;? @user Kuponnya dituker ke kantin sekolah atau toko sembako yg kerjasama dgn penukaran kupon itu?;0;p tkuponnya dituker ke kantin sekolah atau toko sembako yg kerjasama dgn penukaran kupon itu;tkuponnya dituker kantin sekolah toko sembako kerjasama tukar kupon;Netral;1;92;9
a2WXt0aW76g;Video 4;Tranfers aja ke rekening ortu siswa lebih praktis dan efesien;0;tranfers aja ke rekening ortu siswa lebih praktis dan efesien;tranfers rekening ortu siswa praktis efesien;Positif;2;61;6
EEmfTnEhVJ0;Video 1;bahas tentang kebijakan gas lpg sama pagar laut bang, thank u;0;bahas tentang kebijakan gas lpg sama pagar laut bang thank u;bahas bijak gas lpg pagar laut thank;Netral;1;60;7
za8EqDmgeiM;Video 3;udah bagus TNI yang awasi MBG, kalau ada siswa yang keracunan tinggal di cambukin pakai selang hijau, siswanya langsung sehat, segar bugar;0;udah bagus tni yang awasi mbg kalau ada siswa yang keracunan tinggal di cambukin pakai selang hijau siswanya langsung sehat segar bugar;bagus tni awas mbg siswa racun tinggal cambukin pakai selang hijau siswa sehat segar bugar;Negatif;0;135;15
za8EqDmgeiM;Video 3;Dibagikan lsg kpd ortu siswa yg anknya dpt MBG disekolah.. sianak diwajibkan bawa bekal ke sklh.. krn  bagaimanapun si ibu tentu lbh tau mana yg terbaik utk anaknya. Dgn makanan yg sdh pst si anak suka.. yg sdh pst dgn cr spt ini bebas dr proyek bebas keracunan dan dimakan sianak dan uang akan beredar lsg di masyarakat..;0;dibagikan lsg kpd ortu siswa yg anknya dpt mbg disekolah sianak diwajibkan bawa bekal ke sklh krn bagaimanapun si ibu tentu lbh tau mana yg terbaik utk anaknya dgn makanan yg sdh pst si anak suka yg sdh pst dgn cr spt ini bebas dr proyek bebas keracunan dan dimakan sianak dan uang akan beredar lsg di masyarakat;bagi lsg kpd ortu siswa anknya dpt mbg seko sianak wajib bawa bekal sklh si lbh tau baik anak makan pst si anak suka pst cr spt bebas proyek bebas racun makan sianak uang edar lsg masyarakat;Negatif;0;312;37
a2WXt0aW76g;Video 4;Tolong bang diinvestigasi,di Soloraya ada yayasan yg menamakan diri BARNAS yg mengaku sbg vendor MBG Di Soloraya....saat ini aktif bergerak merekrut mitra dg melibatkan pelaku UMKM,jadi tdk dg sistem dapur umum ....dg menarik bayaran per mitra 175rb,saat ini diperkirakan sdh 1000 mitra yg direkrut dg janji pertengahan bulan mei MBG sdh dimulai....namung anehnya sampai saat ini persiapan bisa dibilang baru 10% saja (baru sebatas pendataan);70;tolong bang diinvestigasi di soloraya ada yayasan yg menamakan diri barnas yg mengaku sbg vendor mbg di soloraya saat ini aktif bergerak merekrut mitra dg melibatkan pelaku umkm jadi tdk dg sistem dapur umum dg menarik bayaran per mitra rb saat ini diperkirakan sdh mitra yg direkrut dg janji pertengahan bulan mei mbg sdh dimulai namung anehnya sampai saat ini persiapan bisa dibilang baru saja baru sebatas pendataan;tolong investigasi soloraya yayasan nama barnas aku sbg vendor mbg soloraya aktif gerak rekrut mitra libat laku umkm sistem dapur umum tarik bayar mitra rb mitra rekrut janji tengah mei mbg namung aneh siap bilang batas data;Negatif;0;418;37
a2WXt0aW76g;Video 4;Tempo memang top!!!! Lanjutkan menyebar kebenaran!!! Ternyata oh ternyata banyak perampokan terstruktur...;130;tempo memang top lanjutkan menyebar kebenaran ternyata oh ternyata banyak perampokan terstruktur;tempo top lanjut sebar benar oh ampo struktur;Negatif;0;96;8
EEmfTnEhVJ0;Video 1;Terkadang karna ada kepentingan bagi bagi anggaran, penguasa banyak menciptakan vendor vendor siluman supaya dana bisa dimainkan dan diambil untuk jatah kelompoknya;0;terkadang karna ada kepentingan bagi bagi anggaran penguasa banyak menciptakan vendor vendor siluman supaya dana bisa dimainkan dan diambil untuk jatah kelompoknya;terkadang penting anggar kuasa cipta vendor vendor siluman dana main ambil jatah kelompok;Negatif;0;163;13
EEmfTnEhVJ0;Video 1; @user  karena di sini petani sawit semua dan punya usaha ternak walet juga hampir semuanya. Jadi soal makan  kami sanggup kak. Trus di sini banyak PT sawit jadi masyarakat di sini bekerja juga.;0;karena di sini petani sawit semua dan punya usaha ternak walet juga hampir semuanya jadi soal makan kami sanggup kak trus di sini banyak pt sawit jadi masyarakat di sini bekerja juga;tani sawit usaha ternak walet makan sanggup trus pt sawit masyarakat;Netral;1;182;11
za8EqDmgeiM;Video 3;Kasus keracuran MBG ini menurutku masalah yang sifatnya teknis mengarah ke SOP, bukan yang sifat-nya teori-tis. Anak SMA/K aja tau itu, tidak perlu tokoh besar atau sekelas profesor atau ahli untuk mendapatkan solusi, tapi ya orang-orang yang sudah bekerja di MBG tersebut yang paling tau letak masalah spesifik-nya dimana dan tinggal mencari solusi terus dijadikan standard SOP. Ingat setiap zaman ada masa-nya dan setiap masa ada cara-nya, standard SOP ini yang sebaiknya terus di upgrade dan update kayak sistem operasi gitu. Jadi siapapun yang mengoperasikan-nya bakal mengikuti standard SOP yang paling up2date itu;0;kasus keracuran mbg ini menurutku masalah yang sifatnya teknis mengarah ke sop bukan yang sifat nya teori tis anak sma k aja tau itu tidak perlu tokoh besar atau sekelas profesor atau ahli untuk mendapatkan solusi tapi ya orang orang yang sudah bekerja di mbg tersebut yang paling tau letak masalah spesifik nya dimana dan tinggal mencari solusi terus dijadikan standard sop ingat setiap zaman ada masa nya dan setiap masa ada cara nya standard sop ini yang sebaiknya terus di upgrade dan update kayak sistem operasi gitu jadi siapapun yang mengoperasikan nya bakal mengikuti standard sop yang paling up date itu;keracuran mbg turut sifat teknis arah sop sifat teori tis anak sma tau tokoh kelas profesor ahli solusi mbg tau letak spesifik mana tinggal cari solusi jadi standard sop zaman standard sop upgrade update kayak sistem operasi gitu operasi ikut standard sop up date;Netral;1;612;44
rrTT_3KwcSs;Video 2;"Program ini Bagus. 
Tapi kalo dana nya nggak cukup jangan malu untuk ngaku. Jangan MALAS untuk mendata siapa aja anak yang bener bener butuh. Memberi makan gratis tidak harus ke semua anak. 

Lu sebagai negara, udah tau duit sedikit. Tapi Males untuk benar benar mendata.";0;program ini bagus tapi kalo dana nya nggak cukup jangan malu untuk ngaku jangan malas untuk mendata siapa aja anak yang bener bener butuh memberi makan gratis tidak harus ke semua anak lu sebagai negara udah tau duit sedikit tapi males untuk benar benar mendata;program bagus dana malu ngaku malas data anak bener bener butuh makan gratis anak lu negara tau duit males data;Netral;1;261;20
rrTT_3KwcSs;Video 2;Acuan saya sih program makan untuk anak sekolah itu bukan program baru kok, di negara maju sudah di berlakukan semenjak kapan kali udah lama banget. Dan emang program nya bagus, dan ngefek di jangka panjang nya. Seperti kata bang Pandji,  kita kalau bikin sesuatu mau langsung bagus ga akan jalan2.;10;acuan saya sih program makan untuk anak sekolah itu bukan program baru kok di negara maju sudah di berlakukan semenjak kapan kali udah lama banget dan emang program nya bagus dan ngefek di jangka panjang nya seperti kata bang pandji kita kalau bikin sesuatu mau langsung bagus ga akan jalan;acu program makan anak sekolah program negara maju laku semenjak banget program bagus ngefek jangka bikin bagus jalan;Positif;2;290;18
za8EqDmgeiM;Video 3;"Stuju.
Berdayakan kantin sekolah & juga komite sekolah yg diawasi dinas terkait.";20;stuju berdayakan kantin sekolah juga komite sekolah yg diawasi dinas terkait;stuju daya kantin sekolah komite sekolah awas dinas kait;Positif;2;76;9
EEmfTnEhVJ0;Video 1;izin menyampaikan pendapat pak, menurut saya perihal gak beli buku tiap tahun itu keliru, karna ilmu pengetahuan bertambah seiring berjalan nya waktu, jadi kalo buku nya stuck disitu situ aja nanti nya anak anak malah mengulang pelajaran apa yang di pelajari angkatan sebelum nya,  kecuali jika pemerintah atau pihak sekolah menggunakan ebook yang mana tidak perlu mengeluarkan biaya tambahan untuk membeli buku, cukup murid murid nya saja yang di beri gadget untuk membuka ebook tersebut,;0;izin menyampaikan pendapat pak menurut saya perihal gak beli buku tiap tahun itu keliru karna ilmu pengetahuan bertambah seiring berjalan nya waktu jadi kalo buku nya stuck disitu situ aja nanti nya anak anak malah mengulang pelajaran apa yang di pelajari angkatan sebelum nya kecuali jika pemerintah atau pihak sekolah menggunakan ebook yang mana tidak perlu mengeluarkan biaya tambahan untuk membeli buku cukup murid murid nya saja yang di beri gadget untuk membuka ebook tersebut;izin dapat perihal beli buku tahun keliru ilmu tahu tambah iring jalan waktu buku stuck situ situ anak anak ulang ajar ajar angkat kecuali perintah sekolah ebook keluar biaya tambah beli buku murid murid gadget buka ebook;Negatif;0;482;37
a2WXt0aW76g;Video 4;Kalau sy sebagai orang tua anak2 yg masih sekolah dukung saja program MBG akan tetapi jika di jalankan dgn profesional, dan khusus utk menunya harus benar2 terkontrol sesuai indeks biaya yg di tentukan, kalau misal Rp 10.000 ya seharusnya dgn menu Rp 10.000, jgn di kuntit lagi jadi jauh di bawah itu, karena pelaksana program kan udah di Kasikan untung perporsi, itu yg benar2 harus di awasi karena banyak menunya yg jauh dari indeks harga menu yg seharusnya ????;0;kalau sy sebagai orang tua anak yg masih sekolah dukung saja program mbg akan tetapi jika di jalankan dgn profesional dan khusus utk menunya harus benar terkontrol sesuai indeks biaya yg di tentukan kalau misal rp ya seharusnya dgn menu rp jgn di kuntit lagi jadi jauh di bawah itu karena pelaksana program kan udah di kasikan untung perporsi itu yg benar harus di awasi karena banyak menunya yg jauh dari indeks harga menu yg seharusnya;sy tua anak sekolah dukung program mbg jalan profesional menu kontrol sesuai indeks biaya tentu rp menu rp kuntit laksana program kasi untung porsi awas menu indeks harga menu;Netral;1;437;29
a2WXt0aW76g;Video 4;Kenyataan yang ditelusuri didapat fakta pemilik SPPG MBG hampir semuanya dimiliki pejabat, dpr;0;kenyataan yang ditelusuri didapat fakta pemilik sppg mbg hampir semuanya dimiliki pejabat dpr;nyata telusur fakta milik sppg mbg milik jabat dpr;Negatif;0;93;9
a2WXt0aW76g;Video 4;"@ jauhh lah bos. Saya ga peduli mau siapa pun presidennya. Karna yg terpenting saat ini adalah perbaikan pendidikan dan hukum. Ini akar masalah utama. Bangsa lain itu maju karna sdm dan pendidikannya. Ini kenapa saya dukung anies, karna saat ini yg concern ke 2 hal itu cuman anies.
Prabowo jauhhh bgt, dia aja bilang ga butuh orang pinter. Apalagi ini MBG, asli ga jelas.
baru 6 bulan jg udah banyak masalah begini.
Ini logika gampang aja";60;jauhh lah bos saya ga peduli mau siapa pun presidennya karna yg terpenting saat ini adalah perbaikan pendidikan dan hukum ini akar masalah utama bangsa lain itu maju karna sdm dan pendidikannya ini kenapa saya dukung anies karna saat ini yg concern ke hal itu cuman anies prabowo jauhhh bgt dia aja bilang ga butuh orang pinter apalagi ini mbg asli ga jelas baru bulan jg udah banyak masalah begini ini logika gampang aja;jauhh bos peduli presiden penting baik didik hukum akar utama bangsa maju sdm didik dukung anies concern cuman anies prabowo jauhhh banget butuh pinter mbg asli logika gampang;Negatif;0;421;28
a2WXt0aW76g;Video 4;Cuma percaya sama tempo dan utk sumber berita cuma dari tempo;0;cuma percaya sama tempo dan utk sumber berita cuma dari tempo;percaya tempo sumber berita tempo;Negatif;0;61;5
a2WXt0aW76g;Video 4;"Please sekalian untuk menampilkan bukti eviden atas temuan itu min, agar semua menjadi terang secara faktual.
Buka mata dan jadilah rakyat cerdas dan obyektif, bukan hanya omon omon.
Peace";10;please sekalian untuk menampilkan bukti eviden atas temuan itu min agar semua menjadi terang secara faktual buka mata dan jadilah rakyat cerdas dan obyektif bukan hanya omon omon peace;please tampil bukti eviden temu min terang faktual buka rakyat cerdas obyektif omon omon peace;Netral;1;184;15
za8EqDmgeiM;Video 3;klo soal MBG, kasih nasbung aja ng usah pusing dgn talam, talamnya dikirim kepenjara aja tukar duitnya dari sono, terus pesan dari warung ibu kos2an aja utk membantu;0;klo soal mbg kasih nasbung aja ng usah pusing dgn talam talamnya dikirim kepenjara aja tukar duitnya dari sono terus pesan dari warung ibu kos an aja utk membantu;mbg kasih nasbung ng pusing talam talam kirim penjara tukar duit sono pesan warung kos an bantu;Negatif;0;162;17
a2WXt0aW76g;Video 4;teruslah memasak tempo agar masyarakat dpt informasi yang bergizi;0;teruslah memasak tempo agar masyarakat dpt informasi yang bergizi;terus masak tempo masyarakat dpt informasi gizi;Netral;1;65;7
EEmfTnEhVJ0;Video 1;Wow sangat jelas ini, dan saran dari bung ferry harus sampai ke telinga pak prabowo sih;0;wow sangat jelas ini dan saran dari bung ferry harus sampai ke telinga pak prabowo sih;wow saran telinga prabowo;Netral;1;86;4
a2WXt0aW76g;Video 4;Danatara jangan kendor ya....please;10;danatara jangan kendor ya please;danatara kendor please;Positif;2;32;3
a2WXt0aW76g;Video 4;Sebutkan satu program/kegiatan yg nol korupsi? Kalo ada, Alhamdulillah, harus diperbanyak;0;sebutkan satu program kegiatan yg nol korupsi kalo ada alhamdulillah harus diperbanyak;sebut program giat nol korupsi alhamdulillah banyak;Positif;2;86;7
za8EqDmgeiM;Video 3;Jujur aja ya ,gw berpikiran gini misal nih presiden kita niat nya sudah baik ,,yaaaa misal sama dengan era GUSDUR deh era GUSDUR kan yang bermain bawahan² beliau yang bertujuan untuk nurunin jabatan ke presidenan beliau,ya liat aja pola yang sekarang hampir² mirip kayak nya sih ya, kesalahan di lempar ke presiden Mulu ,si ahli gizi yang sudah profesor aja bilang nya kepala sekolah harus nyobain lebih dulu sebelum murid, kan harus nya ahli gizi kan yah yang memeriksa ke seterilan makanan nya ke layakan makanan nya,TAPI kalau ahli gizi memeriksa ke layakan makanan nya atau ke seterilan makanan nya 2 hari sebelum di kirim ke sekolah ya yang salah siapa coba???? Alhamdulillah di kota ku ada 1 sekolah yang ku tau yang dapat MBG Alhamdulillah aman² aja karena masak nya gak jauh dari sekolahan nya juga ,ya seperti di bikin dapur masyarakat jeda waktu masak dan waktu pas di bagiin juga gak berlangsung lama,;0;jujur aja ya gw berpikiran gini misal nih presiden kita niat nya sudah baik yaaaa misal sama dengan era gusdur deh era gusdur kan yang bermain bawahan beliau yang bertujuan untuk nurunin jabatan ke presidenan beliau ya liat aja pola yang sekarang hampir mirip kayak nya sih ya kesalahan di lempar ke presiden mulu si ahli gizi yang sudah profesor aja bilang nya kepala sekolah harus nyobain lebih dulu sebelum murid kan harus nya ahli gizi kan yah yang memeriksa ke seterilan makanan nya ke layakan makanan nya tapi kalau ahli gizi memeriksa ke layakan makanan nya atau ke seterilan makanan nya hari sebelum di kirim ke sekolah ya yang salah siapa coba alhamdulillah di kota ku ada sekolah yang ku tau yang dapat mbg alhamdulillah aman aja karena masak nya gak jauh dari sekolahan nya juga ya seperti di bikin dapur masyarakat jeda waktu masak dan waktu pas di bagiin juga gak berlangsung lama;jujur gw pikir gin presiden niat yaaaa era gusdur era gusdur main bawah beliau tuju nurunin jabat presiden beliau liat pola kayak salah lempar presiden mulu si ahli gizi profesor kepala sekolah nyobain murid ahli gizi yah periksa seterilan makan layak makan ahli gizi periksa layak makan seterilan makan kirim sekolah salah coba alhamdulillah kota ku sekolah ku tau mbg alhamdulillah aman masak sekolah bikin dapur masyarakat jeda waktu masak waktu pas bagiin;Netral;0;893;73
a2WXt0aW76g;Video 4;MBG tempat para koruptor memasak ????;0;mbg tempat para koruptor memasak;mbg koruptor masak;Negatif;0;32;3
EEmfTnEhVJ0;Video 1;"Soal MBG ini, saya kok lebih berfikir kenapa ga pakai cara ""zaman dulu""? dulu sekitar tahun 84-90 zaman saya SD, 3 bulan sekali itu selalu ada prodeusen susu yang datang ke sekolah dan membagikan produknya gratis. Bisa juga perusahaan-2 besar, daripada dana CSR-nya ""menguap"" entah kemana, di pakai untuk misal, mereka belikan makanan yang sehat dan higienis untuk di bagikan ke sejumlah sekolah";0;soal mbg ini saya kok lebih berfikir kenapa ga pakai cara zaman dulu dulu sekitar tahun zaman saya sd bulan sekali itu selalu ada prodeusen susu yang datang ke sekolah dan membagikan produknya gratis bisa juga perusahaan besar daripada dana csr nya menguap entah kemana di pakai untuk misal mereka belikan makanan yang sehat dan higienis untuk di bagikan ke sejumlah sekolah;mbg berfikir pakai zaman tahun zaman sd prodeusen susu sekolah bagi produk gratis usaha dana csr uap mana pakai belikan makan sehat higienis bagi sekolah;Netral;1;374;25
a2WXt0aW76g;Video 4;Istilah TIDAK ADA MAKAN SIANG GRATIS... Terbukti!!!;0;istilah tidak ada makan siang gratis terbukti;istilah makan siang gratis bukti;Negatif;0;45;5
a2WXt0aW76g;Video 4;siapapun presidennya, siapapun gubernurnya, siapapun penguasanya, tempo tetap akan memasak ??;0;siapapun presidennya siapapun gubernurnya siapapun penguasanya tempo tetap akan memasak;presiden gubernur kuasa tempo masak;Netral;1;87;5
a2WXt0aW76g;Video 4;"BOGOR HADIR
  BONGKAR TERUS MAS PRAM &DKK,,ATAS KEBUSUKAN DAN KEMUNAFIKAN PARA BROMOCORAH YG SERING DI SEBUT ""ELIT EKSEKUTIP,LEGISLATIIP &YUDIKATIP PUSAT MAUPUN DAERAH...TRS BRJUANG DAN JNGAN PRNH GENTAR.";0;bogor hadir bongkar terus mas pram dkk atas kebusukan dan kemunafikan para bromocorah yg sering di sebut elit eksekutip legislatiip yudikatip pusat maupun daerah trs brjuang dan jngan prnh gentar;bogor hadir bongkar pram dkk busuk munafik bromocorah elit eksekutip legislatiip yudikatip pusat daerah trs brjuang jngan prnh gentar;Negatif;0;195;19
EEmfTnEhVJ0;Video 1;"Kerenn banget Bang Ferry bahas program ini. 
Kebetulan aku ahli gizi, meski bukan yg handle program makan siang gratis sekarang ini. Tapi aku pernah kerja jadi ahli gizi sekolah SD swasta yg tiap hari handle kurang lebih 900 porsi. Dengan segala SOP dan budget yang jelas, masalah makan anak2 ini memang harus melibatkan pendidikan dan edukasi buat anak-anak. Sebenernya bagus banget bisa jadi wadah juga buat sekolah punya program edukasi gizi dan anak2 sudah bisa kenal gizi seimbang sedari dini. 
Salah satu yg sempat rame diomongin rame sama nakes2 ya gitu slogan 4 sehat 5 sempurna, udah lama ga dipake. Alias susu sebenernya bukan 'menu wajib' yang harus ada?? salah 1 nya itu.

Pas pertama tau program ini bener-bener diterapkan, jujur kayak ragu banget, soalnya handle makan buat orang banyak apalagi menunya buat anak2 mnrtku cukup tricky.
Setuju banget sama Bang Ferry sarannya, kenapa ga diimplementasikan ke daerah2 rural yg kemungkinan mereka butuh banget program ini. 
Program ini bagus tapi PRnya itu lho masih banyak. Seberapa jauh pemerintah bisa monitoring evaluasi.
Kalau aku dulu kebetulan di sekolah sebar angket ke siswa2 semua kelas 1-6 buat tau juga dari sisi mereka menu2 kesukaan, usulan menu, penilaian terhadap penampilan, rasa, tektur dsb. Apakah ada evaluasi seperti itu di program ini? Hmm entahlah.

Tapi yang selalu jadi pertanyaanku sampe sekarang apakah program ini bisa berkelanjutan ya???";6690;kerenn banget bang ferry bahas program ini kebetulan aku ahli gizi meski bukan yg handle program makan siang gratis sekarang ini tapi aku pernah kerja jadi ahli gizi sekolah sd swasta yg tiap hari handle kurang lebih porsi dengan segala sop dan budget yang jelas masalah makan anak ini memang harus melibatkan pendidikan dan edukasi buat anak anak sebenernya bagus banget bisa jadi wadah juga buat sekolah punya program edukasi gizi dan anak sudah bisa kenal gizi seimbang sedari dini salah satu yg sempat rame diomongin rame sama nakes ya gitu slogan sehat sempurna udah lama ga dipake alias susu sebenernya bukan menu wajib yang harus ada salah nya itu pas pertama tau program ini bener bener diterapkan jujur kayak ragu banget soalnya handle makan buat orang banyak apalagi menunya buat anak mnrtku cukup tricky setuju banget sama bang ferry sarannya kenapa ga diimplementasikan ke daerah rural yg kemungkinan mereka butuh banget program ini program ini bagus tapi prnya itu lho masih banyak seberapa jauh pemerintah bisa monitoring evaluasi kalau aku dulu kebetulan di sekolah sebar angket ke siswa semua kelas buat tau juga dari sisi mereka menu kesukaan usulan menu penilaian terhadap penampilan rasa tektur dsb apakah ada evaluasi seperti itu di program ini hmm entahlah tapi yang selalu jadi pertanyaanku sampe sekarang apakah program ini bisa berkelanjutan ya;kerenn banget bahas program ahli gizi handle program makan siang gratis ahli gizi sekolah sd swasta handle porsi sop budget makan anak libat didik edukasi anak anak sebenernya bagus banget wadah sekolah program edukasi gizi anak kenal gizi imbang dar salah rame diomongin rame nakes gitu slogan sehat sempurna dipake alias susu sebenernya menu wajib salah pas tau program bener bener terap jujur kayak ragu banget handle makan menu anak mnrtku tricky tuju banget saran implementasi daerah rural butuh banget program program bagus prnya lho perintah monitoring evaluasi sekolah sebar angket siswa kelas tau sisi menu suka usul menu nilai tampil tektur dsb evaluasi program hmm tanya sampe program lanjut;Positif;2;1368;110
a2WXt0aW76g;Video 4;"Soal mbg masyarakat sudah banyak  memberi masukan ke pemerintah supaya  mbg ini benar"" tepat sasaran  dengan cara  memberikan langsung bantuan ke orang tua anak  karna orangtua  anak lebih faham selera anak nya  , tapi  sepertinya mbg ini  merupakan proyek  buat  mereka  yang ber ada di daerah   yang tidak terposiaikan di pemerintah .";0;soal mbg masyarakat sudah banyak memberi masukan ke pemerintah supaya mbg ini benar tepat sasaran dengan cara memberikan langsung bantuan ke orang tua anak karna orangtua anak lebih faham selera anak nya tapi sepertinya mbg ini merupakan proyek buat mereka yang ber ada di daerah yang tidak terposiaikan di pemerintah;mbg masyarakat masuk perintah mbg sasar bantu tua anak orangtua anak faham selera anak mbg proyek ber daerah terposiaikan perintah;Negatif;0;317;20
za8EqDmgeiM;Video 3;UP LAGI OM NARASUMBER TENTANG JUDOL, BIAR DI DENGAR PA PRABOWO, AGAR DI BERANTAS..;0;up lagi om narasumber tentang judol biar di dengar pa prabowo agar di berantas;up narasumber judol biar dengar pa prabowo berantas;Negatif;0;78;8
EEmfTnEhVJ0;Video 1;pembahasan makan siang gratis ini membuat banyak pro dan kontra di elemen masyarakat;0;pembahasan makan siang gratis ini membuat banyak pro dan kontra di elemen masyarakat;bahas makan siang gratis pro kontra elemen masyarakat;Netral;1;84;8
rrTT_3KwcSs;Video 2;Bagus isinya. Rilis.;0;bagus isinya rilis;bagus isi rilis;Positif;2;18;3
EEmfTnEhVJ0;Video 1;"Kalau kataku kan mungkin dari lapangan kerja dulu ya.... Karena ini yang buat ayah ayah nggk bisa memenuhi tanggungjawabnya... 

Coba kalau begini mekanismenya pemerintah daerah bangun fasilitas publik, jelas itu butuh anggaran ngajuin ke pusat kan? Nah ini buat warganya gotong royong kerja dengan di upah tentunya, upahnya buat nafkah keluarga yg mana untuk membeli makan yg bergizi. Anak fokus sekolah, orang tua kerja, fasilitas publik jadi. Habbitnya orang jadi nggk ketergantungan bansos, dan peluang pengangguran terkurangi.";10;kalau kataku kan mungkin dari lapangan kerja dulu ya karena ini yang buat ayah ayah nggk bisa memenuhi tanggungjawabnya coba kalau begini mekanismenya pemerintah daerah bangun fasilitas publik jelas itu butuh anggaran ngajuin ke pusat kan nah ini buat warganya gotong royong kerja dengan di upah tentunya upahnya buat nafkah keluarga yg mana untuk membeli makan yg bergizi anak fokus sekolah orang tua kerja fasilitas publik jadi habbitnya orang jadi nggk ketergantungan bansos dan peluang pengangguran terkurangi;kata lapang ayah ayah nggk penuh tanggungjawabnya coba mekanisme perintah daerah bangun fasilitas publik butuh anggar ngajuin pusat warga gotong royong upah upah nafkah keluarga beli makan gizi anak fokus sekolah tua fasilitas publik habbitnya nggk gantung bansos peluang anggur rang;Netral;1;513;41
a2WXt0aW76g;Video 4;Setuju bangit “PROYEK MGB’!!;0;setuju bangit proyek mgb;tuju bangit proyek mgb;Netral;1;24;4
a2WXt0aW76g;Video 4;Ane setuju duitnya langsung bagiin ke orang tua masing2;0;ane setuju duitnya langsung bagiin ke orang tua masing;ane tuju duit bagiin tua;Negatif;0;54;5
a2WXt0aW76g;Video 4;Sebetulnya dari awal Kami dari kubu GAMA sudah menduga dan mengingatkan bahwa PROGRAM MAKAN BERGIZI GRATIS susah diterapkan sesuai niat dan tujuannya karena selain faktor biaya dan distribusinya memang lebih berorientasi proyek buat TIM SUKSES 02 Jadi tidak perlu kaget kalau prediksi dari awal menjadi kenyataan.;0;sebetulnya dari awal kami dari kubu gama sudah menduga dan mengingatkan bahwa program makan bergizi gratis susah diterapkan sesuai niat dan tujuannya karena selain faktor biaya dan distribusinya memang lebih berorientasi proyek buat tim sukses jadi tidak perlu kaget kalau prediksi dari awal menjadi kenyataan;kubu gama duga program makan gizi gratis susah terap sesuai niat tuju faktor biaya distribusi orientasi proyek tim sukses kaget prediksi nyata;Netral;1;309;22
za8EqDmgeiM;Video 3;HIDUP JO,  KRITIKUSS;0;hidup jo kritikuss;hidup jo kritikuss;Positif;2;18;3
EEmfTnEhVJ0;Video 1;"Jadi inget kata pandji terkait yg viral ini..
koreksi dan EVALUASI vendornya.. ganti yg baru udah gitu aja!
thanks bang ferry";0;jadi inget kata pandji terkait yg viral ini koreksi dan evaluasi vendornya ganti yg baru udah gitu aja thanks bang ferry;inget kait viral koreksi evaluasi vendor ganti gitu thanks;Positif;2;120;9
za8EqDmgeiM;Video 3;modal 1,5 M balik modal 6 bln itungannya lebih cepat gmana ya...?dengan biaya sewa dapur MBG 2000 per porsi menghasilkan 3000 porsi/day, 2000x3000= 6 juta/day, sehingga balik modal dlm waktu 8-9 blnan. itu kalo ga ada masalah, tahu-tahu kalo emBEg dievaluasi bisa ambyar.??;0;modal m balik modal bln itungannya lebih cepat gmana ya dengan biaya sewa dapur mbg per porsi menghasilkan porsi day x juta day sehingga balik modal dlm waktu blnan itu kalo ga ada masalah tahu tahu kalo embeg dievaluasi bisa ambyar;modal modal bln itungannya cepat gmana biaya sewa dapur mbg porsi hasil porsi day juta day modal waktu blnan embeg evaluasi ambyar;Negatif;0;232;22
za8EqDmgeiM;Video 3;Ferry cerdas .bahasa nya ndak perlu adu urat .;0;ferry cerdas bahasa nya ndak perlu adu urat;cerdas bahasa ndak adu urat;Positif;2;43;5
rrTT_3KwcSs;Video 2;gw lebih setuju seminggu satu kali dapat makan gratis tapi nilai budgetnya jadi besar, itu lebih beneran bergizi daripada yang makan tiap hari cuma dapet kenyangnya;0;gw lebih setuju seminggu satu kali dapat makan gratis tapi nilai budgetnya jadi besar itu lebih beneran bergizi daripada yang makan tiap hari cuma dapet kenyangnya;gw tuju minggu makan gratis nilai budgetnya beneran gizi makan dapet kenyang;Negatif;0;163;12
za8EqDmgeiM;Video 3;Kantin siap, cuma dananya berapa perporsi untuk makanan bergizi? Pecel lele aja dah 18 RB perporsi,;0;kantin siap cuma dananya berapa perporsi untuk makanan bergizi pecel lele aja dah rb perporsi;kantin dana porsi makan gizi pecel lele dah rb porsi;Negatif;0;93;10
a2WXt0aW76g;Video 4;Coba tempo infestigasi keterangan sekjen pdip yg mengatakan pilpres 2024 itu  01 yg menang;0;coba tempo infestigasi keterangan sekjen pdip yg mengatakan pilpres itu yg menang;coba tempo infestigasi terang sekjen pdip pilpres menang;Netral;1;81;8
EEmfTnEhVJ0;Video 1;sejak awal gua rasa ide makan gratis sudah buruk dan sulit di realisasikan, dulu saat saya SD di zaman bapak SBY ada program dari kerjasama jepang dan indonesia perbaikan gizi berupah biskuit bergisi. kenapa gak gitu aja berupah biskuit atau ranzum mudah di kelola, tahan lama, distribusi mudah, bergizi, dan yg paling penting bentuk produk sama mau di sabang sampai maroke porsinya sama.;0;sejak awal gua rasa ide makan gratis sudah buruk dan sulit di realisasikan dulu saat saya sd di zaman bapak sby ada program dari kerjasama jepang dan indonesia perbaikan gizi berupah biskuit bergisi kenapa gak gitu aja berupah biskuit atau ranzum mudah di kelola tahan lama distribusi mudah bergizi dan yg paling penting bentuk produk sama mau di sabang sampai maroke porsinya sama;gua ide makan gratis buruk sulit realisasi sd zaman sby program kerjasama jepang indonesia baik gizi upah biskuit bergisi gitu upah biskuit ranzum mudah kelola tahan distribusi mudah gizi bentuk produk sabang maroke porsi;Positif;2;381;34
a2WXt0aW76g;Video 4;Bener emang...masak tapi nggak pernah mateng.;0;bener emang masak tapi nggak pernah mateng;bener masak mateng;Netral;1;42;3
rrTT_3KwcSs;Video 2;Mungkin gk sih sekolahnya dibuat Pantry ato kayak dapur begitu, jd ya masaknya misalnya kyk kerjasama sama orang kantin ato dibuka volunteer (melibatkan NGO ato orang tua siswa) utk yg masak. Akan keluar modal bangun pantry sederhana tapi kan bisa dipakai sampai nanti2 tapi yakin sih krn dana utk program ini besar. BIsa dicontoh kayak yg di Jepang, Korsel ato Australia. Jadi gk perlu kerjasama sama catering. Soalnya aku lihat dari Kartun Chibi Maruko Chan dan siswanya terlibat gitu pas makanan didistribusikan. Siswa2 juga kan jadi merasa terlibat dan jadi lebih menghargai program makan siang bergizi gratis ini.;0;mungkin gk sih sekolahnya dibuat pantry ato kayak dapur begitu jd ya masaknya misalnya kyk kerjasama sama orang kantin ato dibuka volunteer melibatkan ngo ato orang tua siswa utk yg masak akan keluar modal bangun pantry sederhana tapi kan bisa dipakai sampai nanti tapi yakin sih krn dana utk program ini besar bisa dicontoh kayak yg di jepang korsel ato australia jadi gk perlu kerjasama sama catering soalnya aku lihat dari kartun chibi maruko chan dan siswanya terlibat gitu pas makanan didistribusikan siswa juga kan jadi merasa terlibat dan jadi lebih menghargai program makan siang bergizi gratis ini;sekolah pantry ato kayak dapur masak kyk kerjasama kantin ato buka volunteer libat ngo ato tua siswa masak modal bangun pantry sederhana pakai dana program contoh kayak jepang korsel ato australia kerjasama catering kartun chibi maruko chan siswa libat gitu pas makan distribusi siswa libat harga program makan siang gizi gratis;Netral;1;606;51
za8EqDmgeiM;Video 3;Gak tau ahh.....yang saya tau Anda kang dedy jadi anak KUCING di depan PAK FERYY AMSARI...????????.....;0;gak tau ahh yang saya tau anda kang dedy jadi anak kucing di depan pak feryy amsari;tau ahh tau kang dedy anak kucing feryy amsari;Negatif;0;83;9
za8EqDmgeiM;Video 3;INTINYA SAYA TETAP DUKUNG PROGRAM MBG,,,,,,,;0;intinya saya tetap dukung program mbg;inti dukung program mbg;Netral;1;37;4
a2WXt0aW76g;Video 4;Dari MBG saya tahu kenapa pak Harto memecat dia sebagai menantunya;0;dari mbg saya tahu kenapa pak harto memecat dia sebagai menantunya;mbg harto pecat menantu;Negatif;0;66;4
a2WXt0aW76g;Video 4;mbg bukan program tetapi proyek;0;mbg bukan program tetapi proyek;mbg program proyek;Negatif;0;31;3
a2WXt0aW76g;Video 4;Saran untuk tempo supaya lebih menelisik anggaran 71 T ataupun 171 T itu untuk apa saja, apakah hanya untuk makanan saja atau sebenarnya kurang 50 % anggaran yg digunakan belanja mbg dan sisanya operasional;10;saran untuk tempo supaya lebih menelisik anggaran t ataupun t itu untuk apa saja apakah hanya untuk makanan saja atau sebenarnya kurang anggaran yg digunakan belanja mbg dan sisanya operasional;saran tempo tisik anggar makan anggar belanja mbg sisa operasional;Netral;1;193;10
za8EqDmgeiM;Video 3;"M.B.G
MAKANAN BERACUN GRATIS????";10;m b g makanan beracun gratis;makan racun gratis;Negatif;0;28;3
za8EqDmgeiM;Video 3;? @user judiari siapa yah.rakyat taunya b*di Arie bro;0;ff kgjudiari siapa yah rakyat taunya b di arie bro;ff kgjudiari yah rakyat tau arie;Netral;1;50;6
a2WXt0aW76g;Video 4;Tempo tetap exsis tegas lugas, dan jls.;0;tempo tetap exsis tegas lugas dan jls;tempo exsis lugas jls;Positif;2;37;4
za8EqDmgeiM;Video 3;akhirnya berkualitas lagi podcastnya, emang perlu ahli2 seperti ini yg di undang, bukan orang partai bukan dari pemerintahan, jadi obrolannya on point semua;10;akhirnya berkualitas lagi podcastnya emang perlu ahli seperti ini yg di undang bukan orang partai bukan dari pemerintahan jadi obrolannya on point semua;kualitas podcastnya ahli undang partai perintah obrol on point;Positif;2;152;9
rrTT_3KwcSs;Video 2;"Wajar sih STeak itu kan ga mateng banget masaknya, istilahnya medium rare. Nah, kalo yg ayam MBG malah masaknya kematengan, jadi wajar juga keras. 

Pemilihan Chef nya juga berpengaruh. Let Him Cook..";10;wajar sih steak itu kan ga mateng banget masaknya istilahnya medium rare nah kalo yg ayam mbg malah masaknya kematengan jadi wajar juga keras pemilihan chef nya juga berpengaruh let him cook;wajar steak mateng banget masak istilah medium rare ayam mbg masak kematengan wajar keras pilih chef pengaruh let him cook;Netral;1;190;20
a2WXt0aW76g;Video 4;MBG ini strategis untuk Pemilu 2029. Yg diberi makan akan menjadi pemilih pemula. Gibran - KDM, kmungkinan menang telaj;0;mbg ini strategis untuk pemilu yg diberi makan akan menjadi pemilih pemula gibran kdm kmungkinan menang telaj;mbg strategis milu makan pilih mula gibran kdm kmungkinan menang telaj;Positif;2;109;11
EEmfTnEhVJ0;Video 1;MBG engga perlu ada kalo kita sebagai manusia sadar diri untuk berbagi!! Ketika ada anak saudara atau anak tetangga yang lapar kasihlah makan supaya tingkat stunting di Indonesia 0 persen!! ??;0;mbg engga perlu ada kalo kita sebagai manusia sadar diri untuk berbagi ketika ada anak saudara atau anak tetangga yang lapar kasihlah makan supaya tingkat stunting di indonesia persen;mbg engga manusia sadar bagi anak saudara anak tetangga lapar kasih makan tingkat stunting indonesia persen;Negatif;0;183;16
za8EqDmgeiM;Video 3;"Negera ini terdiri dari beberapa daerah dengan kekurangan dan kelebihan masing"".Kalau masih ngotot MBG masih ingin dijalankan,mending ajak warga sekitar atau karang taruna untuk membantu mengelola...tapi tetap dibawah pengawasan Pemerintah Bidang"",masing.disisi lain kontrol lebih mudah,ekonomi berjalan,pemuda bisa menjadi pemimpin pekerjaan/supplier berkelompok tanpa harus merantau.";0;negera ini terdiri dari beberapa daerah dengan kekurangan dan kelebihan masing kalau masih ngotot mbg masih ingin dijalankan mending ajak warga sekitar atau karang taruna untuk membantu mengelola tapi tetap dibawah pengawasan pemerintah bidang masing disisi lain kontrol lebih mudah ekonomi berjalan pemuda bisa menjadi pemimpin pekerjaan supplier berkelompok tanpa harus merantau;negera daerah kurang lebih ngotot mbg jalan mending ajak warga karang taruna bantu kelola bawah awas perintah bidang sisi kontrol mudah ekonomi jalan pemuda pimpin kerja supplier kelompok rantau;Netral;1;380;29
za8EqDmgeiM;Video 3;ga diragukan anak abahnya.. lerr;20;ga diragukan anak abahnya lerr;ragu anak abah lerr;Positif;2;30;4
za8EqDmgeiM;Video 3;Menteri Komunikasi dan Digital itu bossnya;0;menteri komunikasi dan digital itu bossnya;menteri komunikasi digital bossnya;Netral;1;42;4
a2WXt0aW76g;Video 4;? @user ga ada yang telat blok?? ijazah ini pintu buat buka kasus korupnya;0;ga ada yang telat blok ijazah ini pintu buat buka kasus korupnya;telat blok ijazah pintu buka korup;Negatif;0;64;6
EEmfTnEhVJ0;Video 1;Kamera lo bagus  bang;0;kamera lo bagus bang;kamera lo bagus;Netral;1;20;3
rrTT_3KwcSs;Video 2;Guru juga ikut campur bicara ke anak2: anak2 makan ikan sehat, makan ayam bagus, makan sayur bagus untuknpencernaan dll…. dari pada anak2 hanya pilih mie atau sosis…..dan jajan di sekolah tidak sehat…..sangat bagus program makan bergizi ini ??????;0;guru juga ikut campur bicara ke anak anak makan ikan sehat makan ayam bagus makan sayur bagus untuknpencernaan dll dari pada anak hanya pilih mie atau sosis dan jajan di sekolah tidak sehat sangat bagus program makan bergizi ini;guru campur bicara anak anak makan ikan sehat makan ayam bagus makan sayur bagus untuknpencernaan dll anak pilih mie sosis jajan sekolah sehat bagus program makan gizi;Positif;2;228;27
a2WXt0aW76g;Video 4;Dari awal aku walau hanya rakyat kecil tak percaya program ini.;0;dari awal aku walau hanya rakyat kecil tak percaya program ini;rakyat percaya program;Negatif;0;62;3
rrTT_3KwcSs;Video 2;kereeeeen juga sportif dalam menyikapi segala hal, dan buat si dedi cobuzer yg muka nya kaya spongbob kotak, lo kayaknya harus banyak belajar dari panji deh...makanya gn terlalu PD jadi manusia ... gaya lo doang so jenius tapi tolooool.... akhirnya terwakili aspirasi masyarakat tentang si spongbob tolooool itu. lewat bang kita ini... lanjut bang;0;kereeeeen juga sportif dalam menyikapi segala hal dan buat si dedi cobuzer yg muka nya kaya spongbob kotak lo kayaknya harus banyak belajar dari panji deh makanya gn terlalu pd jadi manusia gaya lo doang so jenius tapi tolooool akhirnya terwakili aspirasi masyarakat tentang si spongbob tolooool itu lewat bang kita ini lanjut bang;kereeeeen sportif sikap si dedi cobuzer muka kaya spongbob kotak lo kayak ajar gn manusia gaya lo doang so jenius tolooool wakil aspirasi masyarakat si spongbob tolooool;Positif;2;331;27
a2WXt0aW76g;Video 4;Sabtu gak seru, kalau gak ada bocor alus,,,, semangat terus Tempo !;950;sabtu gak seru kalau gak ada bocor alus semangat terus tempo;sabtu seru bocor alus semangat tempo;Netral;2;60;6
a2WXt0aW76g;Video 4;Sudah ku duga.. Proyek pemerintah apa sih yang ga ad konflik kepentingan & korupsi? Urusan agama, urusan sosial, urusan politik, pasti ada aja celah buat cuan2 haram;0;sudah ku duga proyek pemerintah apa sih yang ga ad konflik kepentingan korupsi urusan agama urusan sosial urusan politik pasti ada aja celah buat cuan haram;ku duga proyek perintah ad konflik penting korupsi urus agama urus sosial urus politik celah cuan haram;Negatif;0;156;17
a2WXt0aW76g;Video 4;MBG kreatornya canggih di audit sudah jadi EEk;0;mbg kreatornya canggih di audit sudah jadi eek;mbg kreator canggih audit eek;Negatif;0;46;5
rrTT_3KwcSs;Video 2;"Pendapat dari gua sih
Gua kurang setuju klo makan gratis.
Turun kan dlu harga bahan pokok baru kasih makan gratis jd ga boncos dana,a.";0;pendapat dari gua sih gua kurang setuju klo makan gratis turun kan dlu harga bahan pokok baru kasih makan gratis jd ga boncos dana a;dapat gua gua tuju makan gratis turun dlu harga bahan pokok kasih makan gratis boncos dana;Netral;1;132;16
a2WXt0aW76g;Video 4;"Pertanyaannya ?
Berapa prosen yg diterima mulut sasaran berupa nasi  Dari anggaran 71 t...?";0;pertanyaannya berapa prosen yg diterima mulut sasaran berupa nasi dari anggaran t;tanya prosen terima mulut sasar nasi anggar;Negatif;0;81;7
rrTT_3KwcSs;Video 2;"Ya ada juga orang yg pro dengan program prabowo dikata buzzer pemerintah...

Padahal yg setuju juga rakyat Indonesia... ????";0;ya ada juga orang yg pro dengan program prabowo dikata buzzer pemerintah padahal yg setuju juga rakyat indonesia;pro program prabowo kata buzzer perintah tuju rakyat indonesia;Negatif;0;112;9
rrTT_3KwcSs;Video 2;gw pernah kerja di jepang..kalau datang pagi itu selain isi kartu absen ada kertas yang bisa kita tandai di nama masing2 kalau mau ambil nasi kotak dari kantor setiap hari kerja..jadi pagi itu kita isi, jadi kantor tau ada berapa nasi kotak yang harus di siapkan nanti siang..dan di dalam ruang makan karyawan ada poster menu makanan yang akan di sajikan tiap hari selama sebulan..jadi ada gambaran apa saja yang akan di sajikan setiap hari dalam satu bulan..program makan siang juga harus na begitu..karena tidak semua anak bisa dan mau makanan dari pemerintah..jadi yang dapat yang butuh saja..bukan yang tidak butuh ikutan di paksa makan..dan kantin sekolah tetap bisa berjalan..karena yang ambil makan gratis pasti tidak punya uang jajan dan tidak akan beli makanan di kantin sekolah juga..;220;gw pernah kerja di jepang kalau datang pagi itu selain isi kartu absen ada kertas yang bisa kita tandai di nama masing kalau mau ambil nasi kotak dari kantor setiap hari kerja jadi pagi itu kita isi jadi kantor tau ada berapa nasi kotak yang harus di siapkan nanti siang dan di dalam ruang makan karyawan ada poster menu makanan yang akan di sajikan tiap hari selama sebulan jadi ada gambaran apa saja yang akan di sajikan setiap hari dalam satu bulan program makan siang juga harus na begitu karena tidak semua anak bisa dan mau makanan dari pemerintah jadi yang dapat yang butuh saja bukan yang tidak butuh ikutan di paksa makan dan kantin sekolah tetap bisa berjalan karena yang ambil makan gratis pasti tidak punya uang jajan dan tidak akan beli makanan di kantin sekolah juga;gw jepang pagi isi kartu absen kertas tanda nama ambil nasi kotak kantor pagi isi kantor tau nasi kotak siap siang ruang makan karyawan poster menu makan saji bulan gambar saji program makan siang na anak makan perintah butuh butuh ikut paksa makan kantin sekolah jalan ambil makan gratis uang jajan beli makan kantin sekolah;Negatif;0;780;55
EEmfTnEhVJ0;Video 1;Karena blm adda satker didaeraahh , model dapur umum;0;karena blm adda satker didaeraahh model dapur umum;adda satker didaeraahh model dapur umum;Negatif;0;50;6
za8EqDmgeiM;Video 3;"nanya pertanyaan yang simpel banget ke chatgpt, bisa ga sih sekelas negara nangkap bandar judol ini? bisa banget. 
cuma ga dilakuin. ya mungkin ada kepentingan.";0;nanya pertanyaan yang simpel banget ke chatgpt bisa ga sih sekelas negara nangkap bandar judol ini bisa banget cuma ga dilakuin ya mungkin ada kepentingan;nanya simpel banget chatgpt kelas negara nangkap bandar judol banget dilakuin penting;Negatif;0;154;12
EEmfTnEhVJ0;Video 1;"Dapet info dari teman kontraktor pernah ikut meeting terkait program maksi ini. 

Untuk wilayah bandung sendiri programnya dilakukan swadaya TNI dan warlok untuk proses pembangunan dapur dan pengadaan program maksi ini(info des 2024). Dari informasi ini kemungkinan dapur belum berdiri, dan saat ini masih menggunakan Vendor. 

Se7 ama bang Ferry harus di seleksi ketat terkait vendor, sambil menunggu dapur siap. 

Untuk wilayah jabodetabek sendiri juga masih belum ada dapur yang berdiri.";0;dapet info dari teman kontraktor pernah ikut meeting terkait program maksi ini untuk wilayah bandung sendiri programnya dilakukan swadaya tni dan warlok untuk proses pembangunan dapur dan pengadaan program maksi ini info des dari informasi ini kemungkinan dapur belum berdiri dan saat ini masih menggunakan vendor se ama bang ferry harus di seleksi ketat terkait vendor sambil menunggu dapur siap untuk wilayah jabodetabek sendiri juga masih belum ada dapur yang berdiri;dapet info teman kontraktor meeting kait program maksi wilayah bandung program swadaya tni warlok proses bangun dapur ada program maksi info des informasi dapur diri vendor ama seleksi ketat kait vendor tunggu dapur wilayah jabodetabek dapur diri;Netral;1;470;37
a2WXt0aW76g;Video 4;Negara untuk relawan;0;negara untuk relawan;negara rawan;Negatif;0;20;2
EEmfTnEhVJ0;Video 1;Katanya kasih makan gratis ke anak sekolah kan salah satu point kesejahteraan rakyat;0;katanya kasih makan gratis ke anak sekolah kan salah satu point kesejahteraan rakyat;kasih makan gratis anak sekolah salah point sejahtera rakyat;Netral;1;84;9
a2WXt0aW76g;Video 4;TEMPO..MAJU TERUS..NYIMAK TERUS..PANTANG DILEWATKA;0;tempo maju terus nyimak terus pantang dilewatka;tempo maju nyimak pantang dilewatka;Positif;2;47;5
EEmfTnEhVJ0;Video 1;? @user tidak  mencekik dengan pajak ??;10;tidak mencekik dengan pajak;cekik pajak;Positif;2;27;2
EEmfTnEhVJ0;Video 1;"Adil itu mampu memberikan kepada mereka yang lebih membutuhkan.
1. Sebaiknya makan siang gratis diutamakan masa pertumbuhan anak TK dan SD dahulu.
2. Daerah yang dibantu mulai didaerah miskin atau desa pelosok2.

Kalau di kota2 besar lbh mudah dibantu karena kiri kanan masih banyak orang2 yg mampu untuk membantu.";0;adil itu mampu memberikan kepada mereka yang lebih membutuhkan sebaiknya makan siang gratis diutamakan masa pertumbuhan anak tk dan sd dahulu daerah yang dibantu mulai didaerah miskin atau desa pelosok kalau di kota besar lbh mudah dibantu karena kiri kanan masih banyak orang yg mampu untuk membantu;adil butuh makan siang gratis utama tumbuh anak tk sd daerah bantu daerah miskin desa pelosok kota lbh mudah bantu kiri kanan bantu;Netral;1;300;23
EEmfTnEhVJ0;Video 1;MBG ala Kondangan;0;mbg ala kondangan;mbg ala kondangan;Netral;1;17;3
EEmfTnEhVJ0;Video 1;apa tidak ada orang orang dengan pemikiran serupa di dalam pemerintah?? pasti banyak cm mau berpikir atau tidak?;0;apa tidak ada orang orang dengan pemikiran serupa di dalam pemerintah pasti banyak cm mau berpikir atau tidak;pikir perintah cm pikir;Netral;0;109;4
za8EqDmgeiM;Video 3;Yang salah Jokowi dan Gibran;0;yang salah jokowi dan gibran;salah jokowi gibran;Negatif;0;28;3
za8EqDmgeiM;Video 3;Sekolah anak saya menjelang mendapat MBG ada listing alergi. Anak apa alergi apa. Kebetulan anak saya alergi telur dan daging ayam. Jadi saya laporkan melalui guru. Saya kira kiriman makanan akan ada filtering untuk masing2 sekolah, tapi ternyata tetap sama semua. Ya sudahlah, saya pesan saja ke anak kalau ada 2 menu itu jangan dimakan.;0;sekolah anak saya menjelang mendapat mbg ada listing alergi anak apa alergi apa kebetulan anak saya alergi telur dan daging ayam jadi saya laporkan melalui guru saya kira kiriman makanan akan ada filtering untuk masing sekolah tapi ternyata tetap sama semua ya sudahlah saya pesan saja ke anak kalau ada menu itu jangan dimakan;sekolah anak jelang mbg listing alergi anak alergi anak alergi telur daging ayam lapor guru kirim makan filtering sekolah pesan anak menu makan;Negatif;0;327;23
EEmfTnEhVJ0;Video 1;Jadinya buzzer vs buzzer?? sama kek pilpres kemaren, fans anies benci prabowo, fans prabowo benci anies, kenapa gak ngefans itu karena lu lebib setuju pemikiran dia dan jangan membenci yg lain karena tidak ada orang jahat di antara itu??;0;jadinya buzzer vs buzzer sama kek pilpres kemaren fans anies benci prabowo fans prabowo benci anies kenapa gak ngefans itu karena lu lebib setuju pemikiran dia dan jangan membenci yg lain karena tidak ada orang jahat di antara itu;buzzer vs buzzer kek pilpres kemaren fans anies benci prabowo fans prabowo benci anies ngefans lu lebib tuju pikir benci jahat;Negatif;0;230;21
za8EqDmgeiM;Video 3;Dana dari pemerintah emang banyak yg mainin hampir di seluruh Indonesia;0;dana dari pemerintah emang banyak yg mainin hampir di seluruh indonesia;dana perintah mainin indonesia;Netral;1;71;4
a2WXt0aW76g;Video 4;Mana nih ternaknya Mulyono alias Jokowi yg kemaren menyebut PDI P sebagai PENUH PERJUANGAN dan juga menyebut TEMPO sebagai TEMPE.?;10;mana nih ternaknya mulyono alias jokowi yg kemaren menyebut pdi p sebagai penuh perjuangan dan juga menyebut tempo sebagai tempe;ternak mulyono alias jokowi kemaren sebut pdi penuh juang sebut tempo tempe;Negatif;0;128;12
za8EqDmgeiM;Video 3;Setelah saya lihat lihat satu dapur produksi 2500-3000 porsi sehari. Berarti untuk 2 sekolah . Klo keracunan harusnya semuanya. Klo beberapa lebih ke alergi mungkin;0;setelah saya lihat lihat satu dapur produksi porsi sehari berarti untuk sekolah klo keracunan harusnya semuanya klo beberapa lebih ke alergi mungkin;dapur produksi porsi hari sekolah racun alergi;Netral;1;148;7
za8EqDmgeiM;Video 3; @user  cek di menit 46:15 , beliau mengkritik karena masih berharap negara ini bisa lebih baik;50;cek di menit beliau mengkritik karena masih berharap negara ini bisa lebih baik;cek menit beliau kritik harap negara;Netral;1;79;6
EEmfTnEhVJ0;Video 1;di sekolah dekat rumahku ga ada;0;di sekolah dekat rumahku ga ada;sekolah rumah;Negatif;0;31;2
EEmfTnEhVJ0;Video 1; @user  kami tinggal di pelosok jauh kalau mau pergi sekolah sekitar 20 kmran dari rumah ke sekolah;0;kami tinggal di pelosok jauh kalau mau pergi sekolah sekitar kmran dari rumah ke sekolah;tinggal pelosok pergi sekolah kmran rumah sekolah;Netral;1;88;7
a2WXt0aW76g;Video 4;seperti biasa iklan ngga saya skip biar tempo dapat adsense;0;seperti biasa iklan ngga saya skip biar tempo dapat adsense;iklan skip biar tempo adsense;Netral;1;59;5
EEmfTnEhVJ0;Video 1;"Kenapa ngk studi banding aja ke Jepang?
Udh banyak dan lama program org Jepang, well lebih mandiri sih di sana. Dan semuanya terlibat, yg kurang yakin apakah mau sekuat tenaga semua terlibat
Kalo bisa yg daerah terpencil dulu yg dites program ini.
Utk referensi banyak program nya di nhk, di negara lain juga ada sepertinya";0;kenapa ngk studi banding aja ke jepang udh banyak dan lama program org jepang well lebih mandiri sih di sana dan semuanya terlibat yg kurang yakin apakah mau sekuat tenaga semua terlibat kalo bisa yg daerah terpencil dulu yg dites program ini utk referensi banyak program nya di nhk di negara lain juga ada sepertinya;ngk studi banding jepang program jepang well mandiri libat kuat tenaga libat daerah pencil tes program referensi program nhk negara;Netral;1;317;20
a2WXt0aW76g;Video 4;cara pemerintah meperkaya the gang prabowo family ??????????mantap,korup secara halus jdi ga ketahuan,josss wowo memang  generasi 98  ygbaru bangun lgi ????????????yuk makin agresif;0;cara pemerintah meperkaya the gang prabowo family mantap korup secara halus jdi ga ketahuan josss wowo memang generasi ygbaru bangun lgi yuk makin agresif;perintah meperkaya the gang prabowo family mantap korup halus jdi tahu josss wowo generasi ygbaru bangun lgi yuk agresif;Positif;2;154;19
EEmfTnEhVJ0;Video 1;"Gak asik, Terpenjara oleh kerjasama..!!!
Independent lebih baik..!!!";10;gak asik terpenjara oleh kerjasama independent lebih baik;asik penjara kerjasama independent;Positif;2;57;4
a2WXt0aW76g;Video 4;MBG Makan Basi Gratis bisa, Makan Bergizi Gagal pun bisa ??;0;mbg makan basi gratis bisa makan bergizi gagal pun bisa;mbg makan basi gratis makan gizi gagal;Negatif;0;55;7
rrTT_3KwcSs;Video 2;"Menurutku cuma bang panji sih yg bisa counter attack dedi cahyadi. Ayo bang ke ctd, tekan dia dengan gaya komunikasimu yg tegas tapi tetap kocak, bikin dia ngaku salah dan minta maaf. 
Tolongin dc biar dia tdk diserang basser terus ??";0;menurutku cuma bang panji sih yg bisa counter attack dedi cahyadi ayo bang ke ctd tekan dia dengan gaya komunikasimu yg tegas tapi tetap kocak bikin dia ngaku salah dan minta maaf tolongin dc biar dia tdk diserang basser terus;turut counter attack dedi cahyadi ayo ctd tekan gaya komunikasi kocak bikin ngaku salah maaf tolongin dc biar serang basser;Negatif;0;226;20
v2QNDjfDrL8;Video 5;Mengurangi anggaran pos pos  lain untuk mengcover program MBG ini ????;0;mengurangi anggaran pos pos lain untuk mengcover program mbg ini;kurang anggar pos pos mengcover program mbg;Negatif;0;64;7
a2WXt0aW76g;Video 4;Bagi yg berpikir waras pendidikan gratis lebih baik dari pada MBG.;50;bagi yg berpikir waras pendidikan gratis lebih baik dari pada mbg;pikir waras didik gratis mbg;Negatif;0;65;5
EEmfTnEhVJ0;Video 1;Baru nyadar dan sependapat dgn Feri klu makanan grartis itu gak gratis ,,;0;baru nyadar dan sependapat dgn feri klu makanan grartis itu gak gratis;nyadar dapat feri klu makan grartis gratis;Negatif;0;70;7
za8EqDmgeiM;Video 3;Klo mau, Indonesia belajar Ama America serikat. Mereka punya yg namanya USPH. United state public healt. Lengkap di ilmu nya disana, sy udah mengikuti standarisasi America itu. Klo di America, 1 rakyatnya keracunan itu perusahaan atau yg menyelenggarakan itu ditutup dan di tindak. Begitu ketatnya USPH itu. Yg lebih nya lagi selalu ada inspeksi juga mendadak2;0;klo mau indonesia belajar ama america serikat mereka punya yg namanya usph united state public healt lengkap di ilmu nya disana sy udah mengikuti standarisasi america itu klo di america rakyatnya keracunan itu perusahaan atau yg menyelenggarakan itu ditutup dan di tindak begitu ketatnya usph itu yg lebih nya lagi selalu ada inspeksi juga mendadak;indonesia ajar ama america serikat nama usph united state public healt lengkap ilmu sana sy ikut standar america america rakyat racun usaha selenggara tutup tindak ketat usph inspeksi dadak;Netral;1;348;29
a2WXt0aW76g;Video 4;" @user  
Dan di masa bapak Prabowo para koruptor banyak yang dihabisi";0;dan di masa bapak prabowo para koruptor banyak yang dihabisi;prabowo koruptor habis;Negatif;0;60;3
a2WXt0aW76g;Video 4;Dari awal saya sudah menduga, pasti hal itu akan menjadi proyek orang2 prabowo;0;dari awal saya sudah menduga pasti hal itu akan menjadi proyek orang prabowo;duga proyek prabowo;Negatif;0;76;3
v2QNDjfDrL8;Video 5;Lah cuma makan satu kali GG cukup untuk kebutuhan anak;0;lah cuma makan satu kali gg cukup untuk kebutuhan anak;makan gg butuh anak;Negatif;0;54;4
EEmfTnEhVJ0;Video 1;tapi untuk yang pak ahok sih boleh ya, asal tugas guru nya nanti ada pengecekan bekal dimana harus ada 4 sehat 5 sempurna gitu, kalau tidak yah dicabut tuh uang nya kepada keluarga tersebut;0;tapi untuk yang pak ahok sih boleh ya asal tugas guru nya nanti ada pengecekan bekal dimana harus ada sehat sempurna gitu kalau tidak yah dicabut tuh uang nya kepada keluarga tersebut;ahok tugas guru kece bekal mana sehat sempurna gitu yah cabut uang keluarga;Netral;1;183;13
a2WXt0aW76g;Video 4;Mbg hanya untuk yg sekolah negri atau suasta juga?;0;mbg hanya untuk yg sekolah negri atau suasta juga;mbg sekolah negri suasta;Netral;1;49;4
za8EqDmgeiM;Video 3;"betul kata om feri kalau layanan negara itu harus memberikan yang terbaik untuk masyarakat. pola pikir ""tidak mau ribet"" karena faktor sakit perut ""saja"", itu bukan pola pikir pejabat publik atau pemerintah yang ""melayani"". kalau ""tidak mau ribet"" dari awal jangan menjanjikan, kalau mau menjanjikan dan menjalankan, harus ""mau ribet"". apalagi ini menyangkut kesehatan, gizi, makanan, yang merupakan kebutuhan PRIMER masyarakat, terutama anak-anak. tolong utk bantu sadar sebagai pemerintah ya";0;betul kata om feri kalau layanan negara itu harus memberikan yang terbaik untuk masyarakat pola pikir tidak mau ribet karena faktor sakit perut saja itu bukan pola pikir pejabat publik atau pemerintah yang melayani kalau tidak mau ribet dari awal jangan menjanjikan kalau mau menjanjikan dan menjalankan harus mau ribet apalagi ini menyangkut kesehatan gizi makanan yang merupakan kebutuhan primer masyarakat terutama anak anak tolong utk bantu sadar sebagai pemerintah ya;feri layan negara baik masyarakat pola pikir ribet faktor sakit perut pola pikir jabat publik perintah layan ribet janji janji jalan ribet sehat gizi makan butuh primer masyarakat anak anak tolong bantu sadar perintah;Netral;1;472;34
za8EqDmgeiM;Video 3;? @user  hampir semua orang ngomong didepan publik itu baik n punya tujuan baik.   contoh yg korup itu dulunya banyak dari kalangan aktifis. .;0;h l hampir semua orang ngomong didepan publik itu baik n punya tujuan baik contoh yg korup itu dulunya banyak dari kalangan aktifis;ngomong depan publik tuju contoh korup dulunya kalang aktif;Netral;1;131;9
EEmfTnEhVJ0;Video 1;gw setuju sama yang pelaksanaannya trial and error dulu bang, diliat pada saat ini yang terjadi, masih banyak kritisi yang sebenernya bisa dicegah, contoh : di daerah sini belum ada, makanannya kualitas belum 100%, dsb. Dengan metode trial and error gw rasa bakal lebih mudah untuk menerima masukkan buat evaluasi dan menjalankannya lebih baik kedepan, dan juga trial and error ini gw rasa juga bisa untuk memperhitungkan anggaran yang seefisien mungkin, jangan sampe karna anggarannya berlebih/kekurangan malah menjadi masalah baru;0;gw setuju sama yang pelaksanaannya trial and error dulu bang diliat pada saat ini yang terjadi masih banyak kritisi yang sebenernya bisa dicegah contoh di daerah sini belum ada makanannya kualitas belum dsb dengan metode trial and error gw rasa bakal lebih mudah untuk menerima masukkan buat evaluasi dan menjalankannya lebih baik kedepan dan juga trial and error ini gw rasa juga bisa untuk memperhitungkan anggaran yang seefisien mungkin jangan sampe karna anggarannya berlebih kekurangan malah menjadi masalah baru;gw tuju laksana trial and error liat kritisi sebenernya cegah contoh daerah makan kualitas dsb metode trial and error gw mudah terima masuk evaluasi jalan depan trial and error gw hitung anggar efisien sampe anggar lebih kurang;Positif;2;517;37
EEmfTnEhVJ0;Video 1;"Yg bener itu ya untuk menjalankan program ""stunting"" yg sudah digodok jauh2 hari saat masih rame2nya kasus virus kocak covid.";0;yg bener itu ya untuk menjalankan program stunting yg sudah digodok jauh hari saat masih rame nya kasus virus kocak covid;bener jalan program stunting godok rame virus kocak covid;Negatif;0;121;9
a2WXt0aW76g;Video 4;Yng control nya siapa proyek itu;0;yng control nya siapa proyek itu;yng control proyek;Negatif;0;32;3
EEmfTnEhVJ0;Video 1;Maju jadi presiden bang;0;maju jadi presiden bang;maju presiden;Netral;1;23;2
a2WXt0aW76g;Video 4;Ya benar, ini proyek;0;ya benar ini proyek;proyek;Negatif;0;19;1
EEmfTnEhVJ0;Video 1;Balik lagi k sini stlh bnyak masalah, pgn dnger lgi dri POV yg bagi gw pribadi netral;0;balik lagi k sini stlh bnyak masalah pgn dnger lgi dri pov yg bagi gw pribadi netral;stlh bnyak pgn dnger lgi dri pov gw pribadi netral;Netral;1;84;10
a2WXt0aW76g;Video 4;MBG = MULYONO BAPAKNYA GIBRAN;0;mbg mulyono bapaknya gibran;mbg mulyono bapak gibran;Negatif;0;27;4
EEmfTnEhVJ0;Video 1;"gua setuju tuh.. Pemerintah bisa bekerja sama dengan petani lokal atau UMKM setempat untuk menyediakan bahan makanann. jadi akan membantu ekonomi lokal sekaligus menekan biaya logistik...
dampak nya jga di kedua belah pihak ??";0;gua setuju tuh pemerintah bisa bekerja sama dengan petani lokal atau umkm setempat untuk menyediakan bahan makanann jadi akan membantu ekonomi lokal sekaligus menekan biaya logistik dampak nya jga di kedua belah pihak;gua tuju perintah tani lokal umkm sedia bahan makanann bantu ekonomi lokal tekan biaya logistik dampak jga belah;Positif;2;217;18
za8EqDmgeiM;Video 3;Padahal dari 1 kasus ini bisa lohh nyiptain lapangan pekerjaan dgn biaya produksi kecil..;0;padahal dari kasus ini bisa lohh nyiptain lapangan pekerjaan dgn biaya produksi kecil;lohh nyiptain lapang kerja biaya produksi;Positif;2;85;6
EEmfTnEhVJ0;Video 1;"Ending 
X fresh money ??
V fresh bumbu & bahan baku makanan ??";10;ending x fresh money v fresh bumbu bahan baku makanan;ending fresh money fresh bumbu bahan baku makan;Netral;1;53;8
za8EqDmgeiM;Video 3;"Sikap sportif berjiwa besar.
Mengakui kesalahan dan khilaf adalah jiwa kesatria anak Bangsa.
Semua bisa terjadi bisa sengaja ataupun tidak sengaja. Di kehidupan seperti ini bisa terjadi.
Semua kesalahan bisa di perbaiki utk hari Esok yg lebih baik. Terimakasih";0;sikap sportif berjiwa besar mengakui kesalahan dan khilaf adalah jiwa kesatria anak bangsa semua bisa terjadi bisa sengaja ataupun tidak sengaja di kehidupan seperti ini bisa terjadi semua kesalahan bisa di perbaiki utk hari esok yg lebih baik terimakasih;sikap sportif jiwa aku salah khilaf jiwa kesatria anak bangsa sengaja sengaja hidup salah baik esok terimakasih;Positif;2;255;17
EEmfTnEhVJ0;Video 1;"0:17 maaf,gue gak setuju klo ini bukan gratis..konsep MBG emang gratis kok,kita yg menikmati tnpa harus langsung keluar uang..ini sperti MUDIK gratis oleh brand kopi di tujukan buat pedagang kopi..kok gak ada yg bilang ""ini gak gratis,krn kita berkontribusi membeli kopinya..""";0;maaf gue gak setuju klo ini bukan gratis konsep mbg emang gratis kok kita yg menikmati tnpa harus langsung keluar uang ini sperti mudik gratis oleh brand kopi di tujukan buat pedagang kopi kok gak ada yg bilang ini gak gratis krn kita berkontribusi membeli kopinya;maaf gue tuju gratis konsep mbg gratis nikmat tnpa uang sperti mudik gratis brand kopi tuju dagang kopi gratis kontribusi beli kopi;Positif;2;264;22
rrTT_3KwcSs;Video 2;Thnks Member ??,. Mudah2 sadar  kalo dia udh agak keterlaluan si om2 smart people itu;0;thnks member mudah sadar kalo dia udh agak keterlaluan si om smart people itu;thnks member mudah sadar si smart people;Positif;2;77;7
EEmfTnEhVJ0;Video 1;klo tujuannya untuk mencegah stunting ya bukan makan siang gratis solusinya. stunting itu di cegah dr anak br lahir sampai masa2 pra sekolah. klo tujuannya untuk mengatasi gizi buruk anak2 br oke ngasih ke anak2 sekolah. solusi yang bisa d lakuin sebenernya adalah ngasih subsidi untuk telur ayam. atau subsidi untuk makanan bayi. atau pembagian telur atau protein2 lainnya secara berkala. misal 3 kali dlm se minggu.  lebih gampang jalaninnya. lebih bisa tepat sasaran. lebih gampang ngawasinnya.;50;klo tujuannya untuk mencegah stunting ya bukan makan siang gratis solusinya stunting itu di cegah dr anak br lahir sampai masa pra sekolah klo tujuannya untuk mengatasi gizi buruk anak br oke ngasih ke anak sekolah solusi yang bisa d lakuin sebenernya adalah ngasih subsidi untuk telur ayam atau subsidi untuk makanan bayi atau pembagian telur atau protein lainnya secara berkala misal kali dlm se minggu lebih gampang jalaninnya lebih bisa tepat sasaran lebih gampang ngawasinnya;tuju cegah stunting makan siang gratis solusi stunting cegah anak br lahir pra sekolah tuju atas gizi buruk anak br oke ngasih anak sekolah solusi lakuin sebenernya ngasih subsidi telur ayam subsidi makan bayi bagi telur protein kala minggu gampang jalaninnya sasar gampang ngawasinnya;Netral;1;480;44
a2WXt0aW76g;Video 4;Bocor alus berani dan aktual dalam    membuka berita yang gk tau masyarakat semoga kalian kaya.dari karja yg sangat berati dari masyarakat banyak jangan mau di suap agar kalian bisa diatur yg mendukung yg salah .;0;bocor alus berani dan aktual dalam membuka berita yang gk tau masyarakat semoga kalian kaya dari karja yg sangat berati dari masyarakat banyak jangan mau di suap agar kalian bisa diatur yg mendukung yg salah;bocor alus berani aktual buka berita tau masyarakat moga kaya karja berat masyarakat suap atur dukung salah;Negatif;0;207;17
a2WXt0aW76g;Video 4;Sebenarnya lebih simpel kalau yang menyediakan mbg itu oihak sekolah.;0;sebenarnya lebih simpel kalau yang menyediakan mbg itu oihak sekolah;simpel sedia mbg oihak sekolah;Negatif;0;68;5
EEmfTnEhVJ0;Video 1;"PIN Comment gue bg kalau Berani !!!
Intinya PROGRAM NYA BAGUS dan BERMANFAAT JUGA , Tapi yang Menjalankan Program nya isinya BADJINGAN MAFIA SEMUA , Dari Atas sampai Bawah . 
Knp saya bilang gitu ?? 
Karena dengan Latar Belakang saya Pengusaha di Bidang Peternakan . Sempat di Tawarin jadi Supplier Daging dan Telur nya .
Dan itu pun dengan banyak bgt syaratnya , harus Ngasih ke si ini , Ngasih ke si itu , Nanti harus ngasih sisa Buat Anu . Dan Harga Kontrak nanti di bayar smisal 25rb tapi di Laporan hrganya jadi 28rb .
Dan masih banyak lagi";0;pin comment gue bg kalau berani intinya program nya bagus dan bermanfaat juga tapi yang menjalankan program nya isinya badjingan mafia semua dari atas sampai bawah knp saya bilang gitu karena dengan latar belakang saya pengusaha di bidang peternakan sempat di tawarin jadi supplier daging dan telur nya dan itu pun dengan banyak bgt syaratnya harus ngasih ke si ini ngasih ke si itu nanti harus ngasih sisa buat anu dan harga kontrak nanti di bayar smisal rb tapi di laporan hrganya jadi rb dan masih banyak lagi;pin comment gue berani inti program bagus manfaat jalan program isi badjingan mafia knp gitu latar usaha bidang terna tawarin supplier daging telur banget syarat ngasih si ngasih si ngasih sisa anu harga kontrak bayar smisal rb lapor hrganya rb;Negatif;0;512;40
EEmfTnEhVJ0;Video 1;kritik tanpa menghina tidak akan pernah didengarkan;0;kritik tanpa menghina tidak akan pernah didengarkan;kritik hina dengar;Negatif;0;51;3
EEmfTnEhVJ0;Video 1;MBG dilakukan dulu di sekolah pilot. Utamakan sekolah pinggiran 3T. Siswa pasti sangat mengapresiasi..karena mereka banyak ga mampu;0;mbg dilakukan dulu di sekolah pilot utamakan sekolah pinggiran t siswa pasti sangat mengapresiasi karena mereka banyak ga mampu;mbg sekolah pilot utama sekolah pinggir siswa apresiasi;Positif;2;127;8
EEmfTnEhVJ0;Video 1;Boleh gak sih kalau gue berpendapat guru dulu yang disejahterakan baru mbg ??;0;boleh gak sih kalau gue berpendapat guru dulu yang disejahterakan baru mbg;gue dapat guru sejahtera mbg;Netral;1;74;5
za8EqDmgeiM;Video 3;Itu makanan juga dari uang rakyat njir bukan dari uang Lo;30;itu makanan juga dari uang rakyat njir bukan dari uang lo;makan uang rakyat njir uang lo;Negatif;0;57;6
EEmfTnEhVJ0;Video 1;"Makan siang gratis itu sangat baik untuk masyarakat desa pelosok yg masih kurang paham tentang gizi.

Sementara anak kota tidak terlalu butuh program ini krn secara umum gizi udah cukup baik, yg anak kota lebih butuhkan adalah pendidikan sifat (akhlak) biar gak tawuran.";0;makan siang gratis itu sangat baik untuk masyarakat desa pelosok yg masih kurang paham tentang gizi sementara anak kota tidak terlalu butuh program ini krn secara umum gizi udah cukup baik yg anak kota lebih butuhkan adalah pendidikan sifat akhlak biar gak tawuran;makan siang gratis masyarakat desa pelosok paham gizi anak kota butuh program umum gizi anak kota butuh didik sifat akhlak biar tawur;Netral;1;264;22
EEmfTnEhVJ0;Video 1;Mkn gratis program pak prabowo semacamnya tidak cukup buat meringankan beban org tua kecuali perlu biaya bekal dll. Makan dah pd kenyang d rmh;0;mkn gratis program pak prabowo semacamnya tidak cukup buat meringankan beban org tua kecuali perlu biaya bekal dll makan dah pd kenyang d rmh;mkn gratis program prabowo macam ringan beban tua kecuali biaya bekal dll makan dah kenyang rmh;Negatif;0;141;16
a2WXt0aW76g;Video 4;ya biarin yg menikmati para pendukung pak prabowo. wong mereka timsuksesnya???? jangan norak dong jd orang. logis aja???? klo misal yg menang anis ya nanti yg untung orang²nya anis. klo yg menang ganjar yg untung PDIP . gitu lho bro. itu namanya politik?? kita orang kecil aja ngerti??;0;ya biarin yg menikmati para pendukung pak prabowo wong mereka timsuksesnya jangan norak dong jd orang logis aja klo misal yg menang anis ya nanti yg untung orangnya anis klo yg menang ganjar yg untung pdip gitu lho bro itu namanya politik kita orang kecil aja ngerti;biarin nikmat dukung prabowo timsuksesnya norak logis menang anis untung orang anis menang ganjar untung pdip gitu lho nama politik ngerti;Netral;1;266;21
EEmfTnEhVJ0;Video 1;Mas Ferry kalo nanti sampean jadi presiden, saran saya adalah dahulukan masalah keadilan daripada kesejahteraan. Karena di Pancasila hanya mencantumkan kalimat keadilan, bukan kesejahteraan.;0;mas ferry kalo nanti sampean jadi presiden saran saya adalah dahulukan masalah keadilan daripada kesejahteraan karena di pancasila hanya mencantumkan kalimat keadilan bukan kesejahteraan;sampean presiden saran dahulu adil sejahtera pancasila cantum kalimat adil sejahtera;Negatif;0;186;11
EEmfTnEhVJ0;Video 1;"Setuju kalau program MBG ini sangat membebankan keuangan negara, akan lebih baik implementasi bertahap mulai dari daerah terluar yang paling terdampak dengan gizi buruk.

Tapi untuk model implementasinya menurut pendapat gw, selama belum ada fasilitas dapur yang proper di sekolah tujuan program, model dapur umum yang dapat melayani beberapa sekolah sekaligus masih yang paling feasible.
Karena di atas kertas lebih mudah diawasi karena jumlah titik pengawasannya lebih sedikit.
Tinggal praktek pengawasannya aja yg kayak gimana.";0;setuju kalau program mbg ini sangat membebankan keuangan negara akan lebih baik implementasi bertahap mulai dari daerah terluar yang paling terdampak dengan gizi buruk tapi untuk model implementasinya menurut pendapat gw selama belum ada fasilitas dapur yang proper di sekolah tujuan program model dapur umum yang dapat melayani beberapa sekolah sekaligus masih yang paling feasible karena di atas kertas lebih mudah diawasi karena jumlah titik pengawasannya lebih sedikit tinggal praktek pengawasannya aja yg kayak gimana;tuju program mbg beban uang negara implementasi tahap daerah luar dampak gizi buruk model implementasi dapat gw fasilitas dapur proper sekolah tuju program model dapur umum layan sekolah feasible kertas mudah awas titik awas tinggal praktek awas kayak gimana;Netral;1;522;39
a2WXt0aW76g;Video 4;Korupsi pasti ada,namanya proyek MBG, pasti lah ambil untung.;0;korupsi pasti ada namanya proyek mbg pasti lah ambil untung;korupsi nama proyek mbg ambil untung;Negatif;0;59;6
za8EqDmgeiM;Video 3;Apakah proyek MBG ini akan tetap berlanjut jika Prabowo sdh bkn presiden lagi, siapa yg bisa menjawab;0;apakah proyek mbg ini akan tetap berlanjut jika prabowo sdh bkn presiden lagi siapa yg bisa menjawab;proyek mbg lanjut prabowo bkn presiden;Netral;1;100;6
v2QNDjfDrL8;Video 5;"seandainya  uang mbg yg total 330 T, dibagikan ke seluruh rakyat indonesia 286,9jt. Per kepala dapat brp ya???
Per kepala dapat 1,15M. gimana klo uang mbg dibagikan ke rakyat sj per kepala. Setuju???";0;seandainya uang mbg yg total t dibagikan ke seluruh rakyat indonesia jt per kepala dapat brp ya per kepala dapat m gimana klo uang mbg dibagikan ke rakyat sj per kepala setuju;anda uang mbg total bagi rakyat indonesia jt kepala brp kepala gimana uang mbg bagi rakyat sj kepala tuju;Negatif;0;175;19
EEmfTnEhVJ0;Video 1;"Mengenai gagasan pak Ahok, saya sangat setuju dan tidak menganggap hal tersebut tidak dapat ter-implementasi dengan realitas yang ada (terjadi penyalahgunaan). Beliau mengatakan bahwa terdapat guru sebagai ""pengawas"", yang menilai, apakah sang anak dibekalkan  makanan bergizi oleh ortunya,  yang akan dicabut dananya oleh guru, ketika sang anak dikatakan tak memperolehnya. 
...
Kendati program ini tidak lepas dari kemungkinan penyalahgunaan, namun hal tersebut barangkali lebih  terminimalisir daripada yang saat ini berjalan.";0;mengenai gagasan pak ahok saya sangat setuju dan tidak menganggap hal tersebut tidak dapat ter implementasi dengan realitas yang ada terjadi penyalahgunaan beliau mengatakan bahwa terdapat guru sebagai pengawas yang menilai apakah sang anak dibekalkan makanan bergizi oleh ortunya yang akan dicabut dananya oleh guru ketika sang anak dikatakan tak memperolehnya kendati program ini tidak lepas dari kemungkinan penyalahgunaan namun hal tersebut barangkali lebih terminimalisir daripada yang saat ini berjalan;gagas ahok tuju anggap ter implementasi realitas penyalahgunaan beliau guru awas nilai sang anak bekal makan gizi ortunya cabut dana guru sang anak oleh kendati program lepas penyalahgunaan barangkali terminimalisir jalan;Positif;2;508;31
za8EqDmgeiM;Video 3;Masyarakat butuh penjelasan bahasa sederhana dan jelas seperti ini ga terlalu intelektual bertele-tele;0;masyarakat butuh penjelasan bahasa sederhana dan jelas seperti ini ga terlalu intelektual bertele tele;masyarakat butuh jelas bahasa sederhana intelektual tele tele;Netral;1;102;8
a2WXt0aW76g;Video 4;Nah, itulah pentingnya scalability. Masjid Jogokariyan itu secara gradual perkembangannya. Mulai dari yang kecil dulu, perlahan-lahan kemudian jadi sebesar sekarang. Jadi pengelolaannya juga secara gradual menyesuaikan besarnya. Jadi peluang pengawasannya juga mengikuti, feasible. Nah, kalau MBG ini memang gak feasible, gak ada scalability, semuanya serba mendadak dan gak ada perencanaan matang. Makanya rentan praktik-praktik korupsi.;30;nah itulah pentingnya scalability masjid jogokariyan itu secara gradual perkembangannya mulai dari yang kecil dulu perlahan lahan kemudian jadi sebesar sekarang jadi pengelolaannya juga secara gradual menyesuaikan besarnya jadi peluang pengawasannya juga mengikuti feasible nah kalau mbg ini memang gak feasible gak ada scalability semuanya serba mendadak dan gak ada perencanaan matang makanya rentan praktik praktik korupsi;scalability masjid jogokariyan gradual kembang perlahan lahan kelola gradual sesuai besar peluang awas ikut feasible mbg feasible scalability serba dadak rencana matang rentan praktik praktik korupsi;Negatif;0;425;26
EEmfTnEhVJ0;Video 1;Kalau manfaatnya bisa dirasakan oleh semua orang sih perlu didukung. Tapi kalau yang bisa merasakan hanya sebagian kecil, buat apa. Banyak orang yang jauh lebih membutuhkan bantuan tapi dengan wujud yang lain, bukan makan siang di sekolah. Nggak dapat apa-apa.;0;kalau manfaatnya bisa dirasakan oleh semua orang sih perlu didukung tapi kalau yang bisa merasakan hanya sebagian kecil buat apa banyak orang yang jauh lebih membutuhkan bantuan tapi dengan wujud yang lain bukan makan siang di sekolah nggak dapat apa apa;manfaat rasa dukung rasa butuh bantu wujud makan siang sekolah;Negatif;0;254;10
a2WXt0aW76g;Video 4;omon-omon makan tidak banyak gizinya gratis;0;omon omon makan tidak banyak gizinya gratis;omon omon makan gizi gratis;Negatif;0;43;5
za8EqDmgeiM;Video 3;Pengadaan dibawah 200jt, bkn ditunjuk tp dipulih langsung, dipilih langsung itu artinya pelasanaengadaan udah punya list yg memang usaha dlm bidang catering.  Jd blg ditunjuk langsung salah.;0;pengadaan dibawah jt bkn ditunjuk tp dipulih langsung dipilih langsung itu artinya pelasanaengadaan udah punya list yg memang usaha dlm bidang catering jd blg ditunjuk langsung salah;ada bawah jt bkn pulih pilih pelasanaengadaan list usaha bidang catering blg salah;Netral;1;182;13
rrTT_3KwcSs;Video 2;"""Makan Siang Bergizi Gratis... Bagus. Lapor mas Wapres... Tolol"" ~ Panji 2025 :face-blue-smiling:";0;makan siang bergizi gratis bagus lapor mas wapres tolol panji face blue smiling;makan siang gizi gratis bagus lapor wapres tolol face blue smiling;Negatif;0;79;11
EEmfTnEhVJ0;Video 1;cara pandang kebanyakan masyarakat yang sekarang itu pengaruh dari nonton sinetron juga ga sih bang? masyarakat nilai sesuatu jadi kayak 100% baik atau 100% jahat wkwkwk;0;cara pandang kebanyakan masyarakat yang sekarang itu pengaruh dari nonton sinetron juga ga sih bang masyarakat nilai sesuatu jadi kayak baik atau jahat wkwkwk;pandang banyak masyarakat pengaruh nonton sinetron masyarakat nilai kayak jahat;Negatif;0;158;10
za8EqDmgeiM;Video 3;iya kalo niatnya emang untuk menyehatkan anak bangsa ??;20;iya kalo niatnya emang untuk menyehatkan anak bangsa;iya niat sehat anak bangsa;Netral;1;52;5
EEmfTnEhVJ0;Video 1;"Orang kota ngg usah di kasih mkn siang grtis di kasih ke yg di plosok"" saja mereka lebih membutuhkan dan di trima dg baik liatnyapun ikut seneng sperti di papua  ..
Orang kota di kasih plh nglunjak njir ngpain ngg butuh mereka";0;orang kota ngg usah di kasih mkn siang grtis di kasih ke yg di plosok saja mereka lebih membutuhkan dan di trima dg baik liatnyapun ikut seneng sperti di papua orang kota di kasih plh nglunjak njir ngpain ngg butuh mereka;kota ngg kasih mkn siang grtis kasih plosok butuh trima liat neng sperti papua kota kasih plh nglunjak njir ngpain ngg butuh;Negatif;0;221;22
za8EqDmgeiM;Video 3;Dananya dari dulu om??;0;dananya dari dulu om;dana;Netral;1;20;1
v2QNDjfDrL8;Video 5;yg tepat mbg bagikan uangnya supaya tepat sasaran;0;yg tepat mbg bagikan uangnya supaya tepat sasaran;mbg bagi uang sasar;Negatif;0;49;4
za8EqDmgeiM;Video 3;Seharusnya namanya mg bukan mbg,, makan gratis,, mau enak apa ndak, mau bergizi apa ndak,, yg penting makan gratis,, ??;0;seharusnya namanya mg bukan mbg makan gratis mau enak apa ndak mau bergizi apa ndak yg penting makan gratis;nama mg mbg makan gratis ndak gizi ndak makan gratis;Negatif;0;107;10
za8EqDmgeiM;Video 3;pencitraan yg mudah, efaktif dan murah ya blusukan, masalahnya prabowo susah jalan kakinya,   makanya bikin MBG buat pencitraanya;0;pencitraan yg mudah efaktif dan murah ya blusukan masalahnya prabowo susah jalan kakinya makanya bikin mbg buat pencitraanya;citra mudah efaktif murah blusukan prabowo susah jalan kaki bikin mbg pencitraanya;Negatif;0;124;12
za8EqDmgeiM;Video 3;feri amsari & fery irwandi , sama2 punya tujuan untuk indonesia lebih melek baik dari segi hukum maupun segi ekonomi.. ?;0;feri amsari fery irwandi sama punya tujuan untuk indonesia lebih melek baik dari segi hukum maupun segi ekonomi;feri amsari fery irwandi tuju indonesia melek segi hukum segi ekonomi;Positif;2;111;11
rrTT_3KwcSs;Video 2;Makanan gratis itu harus ada standar nya. Adanya permasalahan keracunan harus bisa di telusur akar masalahnya.;0;makanan gratis itu harus ada standar nya adanya permasalahan keracunan harus bisa di telusur akar masalahnya;makan gratis standar masalah racun telusur akar;Negatif;0;108;7
rrTT_3KwcSs;Video 2;Rilis bang biar banyak org yg makin paham soal ini agar masyarakat bisa memilah serta memilih;0;rilis bang biar banyak org yg makin paham soal ini agar masyarakat bisa memilah serta memilih;rilis biar paham masyarakat mem pilih;Netral;1;93;6
za8EqDmgeiM;Video 3;Saya sangat setuju jika di kelolah langsung oleh sekolah.  Atau kantin sekolah' @user;0;saya sangat setuju jika di kelolah langsung oleh sekolah atau kantin sekolah;tuju kelolah sekolah kantin sekolah;Netral;1;76;5
za8EqDmgeiM;Video 3;Negara bukan berjalan hanya untuk 10-20 tahun aja tapi sampai nanti sampai era anak cucu kita dan sampai kiamat baru hancur lebur ni dunia,,jadi sudah sepantasnya masyarakat menginginkan negara sendiri menjadi lebih baik lagi entah dari politik dari pola pikir dari pergaulan,AGAR KEDEPAN NYA LEBIH BAIK LAGI AGAR ANAK CUCU KITA NANTI HIDUP NYA ENGGAK DI TINDAS POL² AN SAMA PEMERINTAH, EMPATI DAN SOSIAL TERJAGA KAN ITU TUJUAN NYA UNTUK MASA DEPAN;0;negara bukan berjalan hanya untuk tahun aja tapi sampai nanti sampai era anak cucu kita dan sampai kiamat baru hancur lebur ni dunia jadi sudah sepantasnya masyarakat menginginkan negara sendiri menjadi lebih baik lagi entah dari politik dari pola pikir dari pergaulan agar kedepan nya lebih baik lagi agar anak cucu kita nanti hidup nya enggak di tindas pol an sama pemerintah empati dan sosial terjaga kan itu tujuan nya untuk masa depan;negara jalan tahun era anak cucu kiamat hancur lebur ni dunia masyarakat negara politik pola pikir gaul depan anak cucu hidup tindas pol an perintah empati sosial jaga tuju;Netral;1;439;29
za8EqDmgeiM;Video 3;CERDAS MEMANG DEDDY CORBUZIER;0;cerdas memang deddy corbuzier;cerdas corbuzier;Netral;1;29;2
EEmfTnEhVJ0;Video 1;Kita itu kalau dikritik perbaiki utk mmbangun lbh baik lagi bukan marah2 .. Utk kemajuan kedepannya supaya lbh baik dan efisien.. Namanya program baru msh bnyak PR nya;0;kita itu kalau dikritik perbaiki utk mmbangun lbh baik lagi bukan marah utk kemajuan kedepannya supaya lbh baik dan efisien namanya program baru msh bnyak pr nya;kritik baik mmbangun lbh marah maju depan lbh efisien nama program msh bnyak pr;Netral;1;161;14
EEmfTnEhVJ0;Video 1; @user ya krn BOS sendiri jg sifatnya kurang fleksibel, kdg bertentangan juknis dan kenyataan di lapangan, makanya mndg subsidi sekolah bentuknya beasiswa aja sama meratakan sarpras semua sekolah, bagusin pendidikan guru,ketatin seleksi guru, bikin kurikulum yg sesuai jgn asal gonta ganti, dan pendidikan dr rumah jg harus dibenahi;180;ya krn bos sendiri jg sifatnya kurang fleksibel kdg bertentangan juknis dan kenyataan di lapangan makanya mndg subsidi sekolah bentuknya beasiswa aja sama meratakan sarpras semua sekolah bagusin pendidikan guru ketatin seleksi guru bikin kurikulum yg sesuai jgn asal gonta ganti dan pendidikan dr rumah jg harus dibenahi;bos sifat fleksibel kdg tentang juknis nyata lapang mndg subsidi sekolah bentuk beasiswa rata sarpras sekolah bagusin didik guru ketatin seleksi guru bikin kurikulum sesuai gonta ganti didik rumah benah;Netral;1;320;30
a2WXt0aW76g;Video 4;Di sekolah anak saya juga belom pernah dapet??????;0;di sekolah anak saya juga belom pernah dapet;sekolah anak bom dapet;Negatif;0;44;4
za8EqDmgeiM;Video 3;, di daerah saya tempat mbg nya di kelola oleh yayasan milik anggota DPR RI;0;di daerah saya tempat mbg nya di kelola oleh yayasan milik anggota dpr ri;daerah mbg kelola yayasan milik anggota dpr ri;Netral;1;73;8
EEmfTnEhVJ0;Video 1;"Sepakat bgt bang mls bgt sama apa apa biner benar/salah dalam berpandangan. 

Sedikit perspektif dari gua, orang gatau apa apa. Tetangga gua katering udah agak terkenal di daerah ... Direkrut jg sama pemda setempat, cuma kendala karena biaya ditangguhkan hingga satu tahun pembayaran (jadi suruh jalan dulu nanti diganti) .... Ya intinya menyulitkan untuk oprasional usaha katering setempat. 

Gtw memang gini apa ga biasanya/harusnya , tapi kalo di tempat gua banyak trouble kek gitu";0;sepakat bgt bang mls bgt sama apa apa biner benar salah dalam berpandangan sedikit perspektif dari gua orang gatau apa apa tetangga gua katering udah agak terkenal di daerah direkrut jg sama pemda setempat cuma kendala karena biaya ditangguhkan hingga satu tahun pembayaran jadi suruh jalan dulu nanti diganti ya intinya menyulitkan untuk oprasional usaha katering setempat gtw memang gini apa ga biasanya harusnya tapi kalo di tempat gua banyak trouble kek gitu;sepakat banget mls banget biner salah pandang perspektif gua gatau tetangga gua katering kenal daerah rekrut pemda kendala biaya tangguh tahun bayar suruh jalan ganti inti sulit oprasional usaha katering gtw gin gua trouble kek gitu;Negatif;0;462;36
a2WXt0aW76g;Video 4;Korupsi di negara lain itu besarannya 10-20%. Indonesia boleh bangga kita di ranking tertinggi di 60-90%. Bahkan yg kemarin hampir 200%. Sudah ambil budget, terus minta lg duit dr swasta utk biayai.. kalau kita perang ga perlu anti rudal, kasih aja mukanya yg tebel sebagai perisai.;0;korupsi di negara lain itu besarannya indonesia boleh bangga kita di ranking tertinggi di bahkan yg kemarin hampir sudah ambil budget terus minta lg duit dr swasta utk biayai kalau kita perang ga perlu anti rudal kasih aja mukanya yg tebel sebagai perisai;korupsi negara besar indonesia bangga ranking tinggi kemarin ambil budget lg duit swasta biaya perang anti rudal kasih muka tebel perisai;Negatif;0;255;21
rrTT_3KwcSs;Video 2;Sebenernya saya sbg anak yg dlu uang jajannya pas2an sangat berharap ada makan gratis disekolah ?? Jd uang sakunya bisa buat nabung, tp ya masa gaboleh jujur soal rasa makanan sih cuma Krn itu gratis ?? Klo gitu Jd kambing aja sekalian Klo harus nurut trs sih;0;sebenernya saya sbg anak yg dlu uang jajannya pas an sangat berharap ada makan gratis disekolah jd uang sakunya bisa buat nabung tp ya masa gaboleh jujur soal rasa makanan sih cuma krn itu gratis klo gitu jd kambing aja sekalian klo harus nurut trs sih;sebenernya sbg anak dlu uang jajan pas an harap makan gratis seko uang saku nabung gaboleh jujur makan gratis gitu kambing nurut trs;Positif;2;252;23
a2WXt0aW76g;Video 4;Sehat sehat jurnalis tempo?;0;sehat sehat jurnalis tempo;sehat sehat jurnalis tempo;Netral;1;26;4
za8EqDmgeiM;Video 3;Kebanyakan yg punya dapur mbg adalah anggota dpr...;20;kebanyakan yg punya dapur mbg adalah anggota dpr;banyak dapur mbg anggota dpr;Negatif;0;48;5
za8EqDmgeiM;Video 3;"Masalah bgn menurut saya mudah.. Tinggal suruh seluruh sekolah negeri bangun kantin sndri dan menggaji org untuk masak sndri lalu di bagikan dengan catatan dinkes harus tiap hari keliling untuk mengawasi.. Dengan catatan anak"" Di jam sekolah tidak boleh jajan dluar sekolah. Jadi kalo ada kasus keracunan tinggal di tegur kepala sekolah nya kalo masih berulang dinas pendidikan tinggal pecat kepala sekolah nya";0;masalah bgn menurut saya mudah tinggal suruh seluruh sekolah negeri bangun kantin sndri dan menggaji org untuk masak sndri lalu di bagikan dengan catatan dinkes harus tiap hari keliling untuk mengawasi dengan catatan anak di jam sekolah tidak boleh jajan dluar sekolah jadi kalo ada kasus keracunan tinggal di tegur kepala sekolah nya kalo masih berulang dinas pendidikan tinggal pecat kepala sekolah nya;bgn mudah tinggal suruh sekolah negeri bangun kantin sndri gaji masak sndri bagi catat dinkes keliling awas catat anak jam sekolah jajan dluar sekolah racun tinggal tegur kepala sekolah ulang dinas didik tinggal pecat kepala sekolah;Negatif;0;404;36
EEmfTnEhVJ0;Video 1;Bagaimana dengan kami diperbatasan ??, dapat berita gratis;0;bagaimana dengan kami diperbatasan dapat berita gratis;batas berita gratis;Netral;1;54;3
a2WXt0aW76g;Video 4;Sama, di Indramayu pun blm ada sekolah2 yg dapat mbg????;0;sama di indramayu pun blm ada sekolah yg dapat mbg;indramayu sekolah mbg;Negatif;0;50;3
za8EqDmgeiM;Video 3;"Paling aman adl masakan emak utk anak nya , Bang.
Emaknya aja suruh masakin";0;paling aman adl masakan emak utk anak nya bang emaknya aja suruh masakin;aman adl masakan emak anak emaknya suruh masakin;Negatif;0;72;8
za8EqDmgeiM;Video 3;kasih proyeknya ke warteg aja;0;kasih proyeknya ke warteg aja;kasih proyek warteg;Netral;1;29;3
EEmfTnEhVJ0;Video 1;jadi baik atau buruk bang?;0;jadi baik atau buruk bang;buruk;Netral;1;25;1
rrTT_3KwcSs;Video 2;Kalo saya sih kenapa ga setuju bukan itu karena gabaik memang alasan bang Pandji bener semua, cuman anggarannya gedeee banget, masih banyak hal yg bisa dilakukan contohnya memperbaiki sekolah rusak, gaji guru apalagi honorer kasih denhan layak, kalo hal2 dasar kayak itu udah baik baru kearah makan gratis;0;kalo saya sih kenapa ga setuju bukan itu karena gabaik memang alasan bang pandji bener semua cuman anggarannya gedeee banget masih banyak hal yg bisa dilakukan contohnya memperbaiki sekolah rusak gaji guru apalagi honorer kasih denhan layak kalo hal dasar kayak itu udah baik baru kearah makan gratis;tuju gabaik alas bener cuman anggar gedeee banget contoh baik sekolah rusak gaji guru honorer kasih denhan layak dasar kayak arah makan gratis;Netral;1;300;23
za8EqDmgeiM;Video 3;"Makanan enak atau ngak enak itu jg relatif Lo bos... tiap anak ibeda"" bos.ada yg suka sate, bakso dll. JD Harusx MBG harus sediakan berbagai jenis makanan agar anak""  pilih apa yg dia suka.???? biar tambah mumet pemerintahan Konoha.????";0;makanan enak atau ngak enak itu jg relatif lo bos tiap anak ibeda bos ada yg suka sate bakso dll jd harusx mbg harus sediakan berbagai jenis makanan agar anak pilih apa yg dia suka biar tambah mumet pemerintahan konoha;makan ngak relatif lo bos anak ibeda bos suka sate bakso dll harusx mbg sedia jenis makan anak pilih suka biar mumet perintah konoha;Netral;1;218;24
EEmfTnEhVJ0;Video 1;"? @user Ya gimana bro, belum ada wadah buat masyarakat dilibatkan. Harus ada standarisasi gizi, kebersihan, logistik dsb biar gak terlambat di eksekusi.

Lagipula kamu tau kan? program ini anggarannya saja bingung. Kok bisa, malah pejabat gajinya naik? ??";20;ya gimana bro belum ada wadah buat masyarakat dilibatkan harus ada standarisasi gizi kebersihan logistik dsb biar gak terlambat di eksekusi lagipula kamu tau kan program ini anggarannya saja bingung kok bisa malah pejabat gajinya naik;gimana wadah masyarakat libat standar gizi bersih logistik dsb biar lambat eksekusi lagipula tau program anggar bingung jabat gaji;Negatif;0;234;19
a2WXt0aW76g;Video 4;Untuk membangun dapur mbg harus dibawah salahsatu kementrian;0;untuk membangun dapur mbg harus dibawah salahsatu kementrian;bangun dapur mbg bawah salahsatu tri;Negatif;0;60;6
v2QNDjfDrL8;Video 5;Karena MBG harga minyak goreng bumbu dapur daging ayam naik ga kira kira ????????;0;karena mbg harga minyak goreng bumbu dapur daging ayam naik ga kira kira;mbg harga minyak goreng bumbu dapur daging ayam;Negatif;0;72;8
za8EqDmgeiM;Video 3;? @user  cerdas........ Ini kalimat yg lagi saya tungguin;0;cerdas ini kalimat yg lagi saya tungguin;cerdas kalimat tungguin;Positif;2;40;3
EEmfTnEhVJ0;Video 1;fokuskan makan siang gratis ini ke zona zona yg kurang gizi dan membutuhkan. lebih kecil ruang lingkup bisa lebih fokus anggaran sehingga menu lebih bergizi tinggi dan enak tentunya.;0;fokuskan makan siang gratis ini ke zona zona yg kurang gizi dan membutuhkan lebih kecil ruang lingkup bisa lebih fokus anggaran sehingga menu lebih bergizi tinggi dan enak tentunya;fokus makan siang gratis zona zona gizi butuh ruang lingkup fokus anggar menu gizi tinggi;Positif;2;180;15
za8EqDmgeiM;Video 3;"Semoga pak Prabowo juga baca komen2nya.
Pak prabowo, kata saya mah, mending pendidikan gratis sampe perguruan tinggi, dan terbukanya lapangan pekerjaan. Anak-anak ini, ketika orangtuanya bekerja, memiliki penghasilan yang layak, mereka makan - makanan yang bergizi kok";0;semoga pak prabowo juga baca komen nya pak prabowo kata saya mah mending pendidikan gratis sampe perguruan tinggi dan terbukanya lapangan pekerjaan anak anak ini ketika orangtuanya bekerja memiliki penghasilan yang layak mereka makan makanan yang bergizi kok;moga prabowo baca komen prabowo mending didik gratis sampe guru tinggi buka lapang kerja anak anak orangtuanya milik hasil layak makan makan gizi;Negatif;0;258;23
EEmfTnEhVJ0;Video 1;Kalo kantin pengawasan susah. Ahli gizi harus cek semua kantin? Blm tentu kantin tahu makan bergizi. Kalo vendor kan bisa langsung skala besar, pengawasan lebih mudah. Yg perlu di perketat y kalo vendor lalai ato korup langsung cut aja, ganti lain, programnya udh bagus, tinggal pengawasan.;0;kalo kantin pengawasan susah ahli gizi harus cek semua kantin blm tentu kantin tahu makan bergizi kalo vendor kan bisa langsung skala besar pengawasan lebih mudah yg perlu di perketat y kalo vendor lalai ato korup langsung cut aja ganti lain programnya udh bagus tinggal pengawasan;kantin awas susah ahli gizi cek kantin kantin makan gizi vendor skala awas mudah ketat vendor lalai ato korup cut ganti program bagus tinggal awas;Negatif;0;281;25
za8EqDmgeiM;Video 3;"""TIDAK ADA MAKAN SIANG GRATIS!!!""
Biarpun beracun maupun bergizi.";0;tidak ada makan siang gratis biarpun beracun maupun bergizi;makan siang gratis biarpun racun gizi;Negatif;0;59;6
a2WXt0aW76g;Video 4;Coba tim investigasi tempo cek ke daerah kami Jawa Timur, Bojonegoro sampai saat ini belum ada apa yg dikatakan makan bergizi gratis itu.;0;coba tim investigasi tempo cek ke daerah kami jawa timur bojonegoro sampai saat ini belum ada apa yg dikatakan makan bergizi gratis itu;coba tim investigasi tempo cek daerah jawa timur bojonegoro makan gizi gratis;Netral;1;135;12
a2WXt0aW76g;Video 4;"PAK PRABOWO DAN RING 1 ELIT DISEKELILINGNYA GA AKAN MAIN2 DENGAN PROGRAM INI

TAPI...

ADA LINGKARAN LAPIS KEDUA KETIGA YG BERMAIN DI PROYEK INI???

HARUS ADA AUDIT ATAS KUCURAN DANA PROGRAM INI...
AGAR TIDAK ADA FITNAH YG MERUSAK NAMA BAIK PROGRAM INI...";0;pak prabowo dan ring elit disekelilingnya ga akan main dengan program ini tapi ada lingkaran lapis kedua ketiga yg bermain di proyek ini harus ada audit atas kucuran dana program ini agar tidak ada fitnah yg merusak nama baik program ini;prabowo ring elit keliling main program lingkar lapis tiga main proyek audit kucur dana program fitnah rusak nama program;Negatif;0;237;19
EEmfTnEhVJ0;Video 1;Tergantung dari sudut mana anda memandang nya, karena tidak semua ortu berpikiran seperti anda terhadapa anak anaknya, sebenarnya memang tugas negara memanjakan rakyatnya dalam hal yg positif ya, kalau sampai dibilang gak ada faedah nya ini sih tidak tepat juga, negara sekelas jepang dan korea buat ini loo;10;tergantung dari sudut mana anda memandang nya karena tidak semua ortu berpikiran seperti anda terhadapa anak anaknya sebenarnya memang tugas negara memanjakan rakyatnya dalam hal yg positif ya kalau sampai dibilang gak ada faedah nya ini sih tidak tepat juga negara sekelas jepang dan korea buat ini loo;gantung sudut pandang ortu pikir terhadapa anak anak tugas negara manja rakyat positif bilang faedah negara kelas jepang korea loo;Positif;2;303;20
a2WXt0aW76g;Video 4;Klo gak salah aq, pak PS juga bilang MBG ini adalah Proyek;0;klo gak salah aq pak ps juga bilang mbg ini adalah proyek;salah aq ps mbg proyek;Netral;1;57;5
a2WXt0aW76g;Video 4;Makan siang Gratis = lahan KKN baru;0;makan siang gratis lahan kkn baru;makan siang gratis lahan kkn;Negatif;0;33;5
rrTT_3KwcSs;Video 2;Bagus donasi agus ke NTT;10;bagus donasi agus ke ntt;bagus donasi agus ntt;Netral;0;24;4
a2WXt0aW76g;Video 4;"Investigasi Tempo memang keren sih, informasi yang didapat luar biasa. Saya yakin instansi penegak hukum kita punya tim dan output yang setara bahkann lebih baik, tapi soal penulisan narasi, keterbukaan, independensi, menurut saya masih banyak yang perlu diperbaiki. Ini POV dari masyarakat awam, semoga instansi² kita kedepan bisa jauh lebih baik lagi :) 

Good job Tempo, semoga bisa terus memberikan informasi² yang berkualitas";0;investigasi tempo memang keren sih informasi yang didapat luar biasa saya yakin instansi penegak hukum kita punya tim dan output yang setara bahkann lebih baik tapi soal penulisan narasi keterbukaan independensi menurut saya masih banyak yang perlu diperbaiki ini pov dari masyarakat awam semoga instansi kita kedepan bisa jauh lebih baik lagi good job tempo semoga bisa terus memberikan informasi yang berkualitas;investigasi tempo keren informasi instansi tegak hukum tim output tara bahkann tulis narasi buka independensi baik pov masyarakat awam moga instansi depan good job tempo moga informasi kualitas;Positif;2;414;28
a2WXt0aW76g;Video 4;"Salam sehat dan dilindungi Tuhan selalu saudara2ku..
Tetaplah berani mensuarakan kemaksiatan para penyelenggara negara yg korup dan suka berlindung d bawah sayap kekuasaan...??????";0;salam sehat dan dilindungi tuhan selalu saudara ku tetaplah berani mensuarakan kemaksiatan para penyelenggara negara yg korup dan suka berlindung d bawah sayap kekuasaan;sehat lindung tuhan saudara ku tetap berani suara maksiat selenggara negara korup suka lindung sayap kuasa;Positif;2;169;16
a2WXt0aW76g;Video 4;"Kalo berkaca dari case yg di x bata, mekanisme pencarian melalui bansos akun 526. Sehingga tidak dikenakan ppn pph. Dari yayasan menunjuk catering / cv / PT. Nah mereka saat tagih muncul ppn/pph tdk ya? Nah yg jd persoalan, transparansi yayasan sangat diperlukan, proposal yg diajukan itu isinya apa, data siswa sekolahkah? Termasuk perlengkapan kah? Atau ada yg lain sehingga penyedia barang/jasa/catering tahu. 
Nah budget dari BGN 15 rb perporsi sampai ke catering 12,5. Nah 2,5 itu apa? Margin keuntungankah? Sedangkan yayasan bukan badan hukum yg mencari keuntungan. Terlalu belibet.";0;kalo berkaca dari case yg di x bata mekanisme pencarian melalui bansos akun sehingga tidak dikenakan ppn pph dari yayasan menunjuk catering cv pt nah mereka saat tagih muncul ppn pph tdk ya nah yg jd persoalan transparansi yayasan sangat diperlukan proposal yg diajukan itu isinya apa data siswa sekolahkah termasuk perlengkapan kah atau ada yg lain sehingga penyedia barang jasa catering tahu nah budget dari bgn rb perporsi sampai ke catering nah itu apa margin keuntungankah sedangkan yayasan bukan badan hukum yg mencari keuntungan terlalu belibet;kaca case bata mekanisme cari bansos akun kena ppn pph yayasan catering cv pt tagih muncul ppn pph transparansi yayasan proposal aju isi data siswa sekolah lengkap kah sedia barang jasa catering budget bgn rb porsi catering margin untung yayasan badan hukum cari untung belibet;Negatif;0;551;45
a2WXt0aW76g;Video 4;Kita semua di barisan tempo;50;kita semua di barisan tempo;baris tempo;Netral;1;27;2
a2WXt0aW76g;Video 4;"Mantap tempo.....menyajikan berita yg berimbang sekaligus menambal fungsi pengawasan DPR yg bolong2??

Tetaplah independen jgn seperti media2 lain yg mewartakan berita sesuai PESANAN untuk membentuk opini masyarakat demi kepentingan sendiri.";0;mantap tempo menyajikan berita yg berimbang sekaligus menambal fungsi pengawasan dpr yg bolong tetaplah independen jgn seperti media lain yg mewartakan berita sesuai pesanan untuk membentuk opini masyarakat demi kepentingan sendiri;mantap tempo saji berita imbang tambal fungsi awas dpr bolong tetap independen media warta berita sesuai pesan bentuk opini masyarakat penting;Netral;1;231;21
a2WXt0aW76g;Video 4;Andai negara ini bersih pasti lah yg diusulkan itu sudah dilaksanakan pada hari pertama;50;andai negara ini bersih pasti lah yg diusulkan itu sudah dilaksanakan pada hari pertama;andai negara bersih usul laksana;Negatif;0;87;5
EEmfTnEhVJ0;Video 1;Bang bahas Efisiensi Anggaran tapi malah ngangkat Stafsus dong Bang;10;bang bahas efisiensi anggaran tapi malah ngangkat stafsus dong bang;bahas efisiensi anggar ngangkat stafsus;Netral;1;67;5
EEmfTnEhVJ0;Video 1;Pilpres 2024 memang terbaik??;0;pilpres memang terbaik;pilpres baik;Negatif;0;22;2
EEmfTnEhVJ0;Video 1;Saya menolak ,,baiknya dr skrng sekolah gratis;0;saya menolak baiknya dr skrng sekolah gratis;tolak baik skrng sekolah gratis;Negatif;0;44;5
za8EqDmgeiM;Video 3;Benar kebanyakan anggota parlemen yg punya mbg;0;benar kebanyakan anggota parlemen yg punya mbg;banyak anggota parlemen mbg;Negatif;0;46;4
a2WXt0aW76g;Video 4;lebih setahun MBG akhirnya terbukti... opini  TEMPO ini benar sejuta persen!!!!!;10;lebih setahun mbg akhirnya terbukti opini tempo ini benar sejuta persen;tahun mbg bukti opini tempo juta persen;Netral;1;71;7
za8EqDmgeiM;Video 3;Bener kata Bang Fery. Setiap Ketua Yayasan MBG itu hrus melalui Pintu para Jendral. Lalu jatah di setiap titik Dapur itu kebanyakan Anggota DPR. Dan Hrusnya di dapur itu di libatkan orang² yg ahli dalam Bidang memasak, khususnya Pariwisata Perhotelan.;0;bener kata bang fery setiap ketua yayasan mbg itu hrus melalui pintu para jendral lalu jatah di setiap titik dapur itu kebanyakan anggota dpr dan hrusnya di dapur itu di libatkan orang yg ahli dalam bidang memasak khususnya pariwisata perhotelan;bener fery ketua yayasan mbg hrus pintu jendral jatah titik dapur banyak anggota dpr hrusnya dapur libat ahli bidang masak pariwisata hotel;Negatif;0;245;22
a2WXt0aW76g;Video 4;Makan Siang Gratis sekarang  jadi MBG (Makan Bergizi Gratis) adalah proyek yang ajaib tanpa adanya ujicoba gagal apa enggak tapi langsung jalan, akhirnya seperti ini;30;makan siang gratis sekarang jadi mbg makan bergizi gratis adalah proyek yang ajaib tanpa adanya ujicoba gagal apa enggak tapi langsung jalan akhirnya seperti ini;makan siang gratis mbg makan gizi gratis proyek ajaib ujicoba gagal jalan;Negatif;0;161;12
za8EqDmgeiM;Video 3;Salam hormat untuk Bang Ferry ?? Deddy mending belajar lg supaya jadi smart people;0;salam hormat untuk bang ferry deddy mending belajar lg supaya jadi smart people;hormat mending ajar lg smart people;Positif;2;79;6
a2WXt0aW76g;Video 4;"100% dukung Tempo ?
Mbak Cica mana Om.....????????";20;dukung tempo mbak cica mana om;dukung tempo mbak cica;Netral;1;30;4
za8EqDmgeiM;Video 3;Ya setuju sih ada imbalan jasa diproyek ini, toh semua jabatan juga diisi karna jasa timbal balik bukan karna keahliannya;0;ya setuju sih ada imbalan jasa diproyek ini toh semua jabatan juga diisi karna jasa timbal balik bukan karna keahliannya;tuju imbal jasa proyek jabat isi jasa timbal ahli;Negatif;0;120;9
za8EqDmgeiM;Video 3;Bukan masalah dananya dari mana atau apa...karena banyak orang yg nggak peduli halal haram... itu aja sih masalahnya;0;bukan masalah dananya dari mana atau apa karena banyak orang yg nggak peduli halal haram itu aja sih masalahnya;dana peduli halal haram;Negatif;0;111;4
a2WXt0aW76g;Video 4;Saya rakyat biasa, netral, saya tidak serta merta mempercayai ini, boleh tidak, pimpinan BGN juga di panggil ke podcast ini, supaya bisa melihat dari 2 sisi juga, jadi bingung kalau gini, sebetulnya MBG ini sangat bermanfaat untuk anak2 yg tidak mendapat uang saku di sekolah??;0;saya rakyat biasa netral saya tidak serta merta mempercayai ini boleh tidak pimpinan bgn juga di panggil ke podcast ini supaya bisa melihat dari sisi juga jadi bingung kalau gini sebetulnya mbg ini sangat bermanfaat untuk anak yg tidak mendapat uang saku di sekolah;rakyat netral merta percaya pimpin bgn panggil podcast sisi bingung gin mbg manfaat anak uang saku sekolah;Netral;1;265;17
EEmfTnEhVJ0;Video 1;Program bagus, tp mengingat ini di konoha makanya eksekusinya pasti kebanyakan lawak;0;program bagus tp mengingat ini di konoha makanya eksekusinya pasti kebanyakan lawak;program bagus konoha eksekusi banyak lawak;Netral;1;83;6
a2WXt0aW76g;Video 4;"Sediakan lapangan kerja dan sejahterakan ekonomi . 
Urusan makan sudah difikirkan  oleh orang tua.";110;sediakan lapangan kerja dan sejahterakan ekonomi urusan makan sudah difikirkan oleh orang tua;sedia lapang sejahtera ekonomi urus makan difikirkan tua;Negatif;0;93;8
rrTT_3KwcSs;Video 2;Okee sii sebenernya MGB iniii, cuma emang pas dapet kritik tu kok gak bilang aja oke makasih kritik sarannya, kita usahakan yang terbaik, kita pikirkan saran kalian bla bla bla, tapi kenapa kudu sewa buzzer??? Kenapa mereka selalu serang orang yang ngasih kritik?? Kenapa ada intimidasi buat anak-anaknya?? Jadi sebenernya tuu kalau sama-sama adem tuu pasti gak jadi ribut????????;160;okee sii sebenernya mgb iniii cuma emang pas dapet kritik tu kok gak bilang aja oke makasih kritik sarannya kita usahakan yang terbaik kita pikirkan saran kalian bla bla bla tapi kenapa kudu sewa buzzer kenapa mereka selalu serang orang yang ngasih kritik kenapa ada intimidasi buat anak anaknya jadi sebenernya tuu kalau sama sama adem tuu pasti gak jadi ribut;okee sii sebenernya mgb iniii pas dapet kritik tu oke makasih kritik saran usaha baik pikir saran bla bla bla kudu sewa buzzer serang ngasih kritik intimidasi anak anak sebenernya tuu adem tuu ribut;Netral;1;361;34
a2WXt0aW76g;Video 4;MBG = Program Cetak Ta1k Nasional??;10;mbg program cetak ta k nasional;mbg program cetak ta nasional;Netral;1;31;5
EEmfTnEhVJ0;Video 1;menu nya menurutku terlalu ribet, harus ada standarisasi menu yang pakem yang komoditasnya itu tidak sulit di dapat semisal telur+buah+susu. secara gizi sudah tercukupi dan secara harga pun minim, tapi emang susahnya orang indonesia lebih suka makanan yang tidak ada gizinya dan suka nya ribet klo soal menu makanan.;0;menu nya menurutku terlalu ribet harus ada standarisasi menu yang pakem yang komoditasnya itu tidak sulit di dapat semisal telur buah susu secara gizi sudah tercukupi dan secara harga pun minim tapi emang susahnya orang indonesia lebih suka makanan yang tidak ada gizinya dan suka nya ribet klo soal menu makanan;menu turut ribet standar menu pakem komoditas sulit telur buah susu gizi cukup harga minim susah indonesia suka makan gizi suka ribet menu makan;Negatif;0;312;24
EEmfTnEhVJ0;Video 1;Program yng cocok di lakuka??n oleh sekelas gubernur atau wali kota, soalnya klo presiden kudu lebih ke skala nasional yang merasakan bukan beberapa wilayah ajh.;0;program yng cocok di lakukan oleh sekelas gubernur atau wali kota soalnya klo presiden kudu lebih ke skala nasional yang merasakan bukan beberapa wilayah ajh;program yng cocok laku kelas gubernur wali kota presiden kudu skala nasional rasa wilayah ajh;Netral;1;157;15
a2WXt0aW76g;Video 4;Dukungan penuh untuk TEMPO;0;dukungan penuh untuk tempo;dukung penuh tempo;Positif;2;26;3
a2WXt0aW76g;Video 4;pendukung prabowo utk MBG spy bisa kontrol jg;0;pendukung prabowo utk mbg spy bisa kontrol jg;dukung prabowo mbg spy kontrol;Positif;2;45;5
za8EqDmgeiM;Video 3;"1. Pendidikan gratis
2. makan bergizi gratis
3. internet gratis


????????";0;pendidikan gratis makan bergizi gratis internet gratis;didik gratis makan gizi gratis internet gratis;Negatif;0;54;7
a2WXt0aW76g;Video 4;program MBG, membutuhkan modal besar. Cuan;0;program mbg membutuhkan modal besar cuan;program mbg butuh modal cuan;Netral;1;40;5
a2WXt0aW76g;Video 4;Berita tempo selalu ditunggu ?;20;berita tempo selalu ditunggu;berita tempo tunggu;Positif;2;28;3
EEmfTnEhVJ0;Video 1;"Gue pemilih Pak Prabowo tapi jujur dari awal bahkan dari kampanye gue gak setuju dengan makan siang gratis ini.

Soalnya ini menggunakan anggaran yang sangat besar jadi rawan terjadi korupsi disana terutama akar rumput.

Lagi pula secara umum jaman sekarang ini masyarakat sudah mampu untuk beli makan yang bergizi.
Gue tinggal di kampung yang pelosok bgt dan disini orang mampu kok beli ayam, tahu, tempe walau pun secara bergantian. Jadi gak dalam sehari makan itu tersedia.
Tapi sudah jauh lebih baik di bandingkan tahun 70 80'an yang katanya nasi aja di campur jagung atau singkong dan lauknya pun sangat seadanya.

Gue lebih setuju bantuan untuk beli baju seragam sekolah atau peralatan sekolah seperti PIP ini baru sangat setuju.

Tapi ya gue tetep berdoa semoga makan bergizi gratis ini kedepannya jauh lebih baik dan membawa dampak positif bagi para pelajar dan orang tua pelajar.

BTW di tempat gue belum ada pembagian makan bergizi gratis ini. ??";10;gue pemilih pak prabowo tapi jujur dari awal bahkan dari kampanye gue gak setuju dengan makan siang gratis ini soalnya ini menggunakan anggaran yang sangat besar jadi rawan terjadi korupsi disana terutama akar rumput lagi pula secara umum jaman sekarang ini masyarakat sudah mampu untuk beli makan yang bergizi gue tinggal di kampung yang pelosok bgt dan disini orang mampu kok beli ayam tahu tempe walau pun secara bergantian jadi gak dalam sehari makan itu tersedia tapi sudah jauh lebih baik di bandingkan tahun an yang katanya nasi aja di campur jagung atau singkong dan lauknya pun sangat seadanya gue lebih setuju bantuan untuk beli baju seragam sekolah atau peralatan sekolah seperti pip ini baru sangat setuju tapi ya gue tetep berdoa semoga makan bergizi gratis ini kedepannya jauh lebih baik dan membawa dampak positif bagi para pelajar dan orang tua pelajar btw di tempat gue belum ada pembagian makan bergizi gratis ini;gue pilih prabowo jujur kampanye gue tuju makan siang gratis anggar rawan korupsi sana akar rumput umum jaman masyarakat beli makan gizi gue tinggal kampung pelosok banget beli ayam tempe ganti hari makan sedia banding tahun an nasi campur jagung singkong lauk ada gue tuju bantu beli baju seragam sekolah alat sekolah pip tuju gue tetep doa moga makan gizi gratis depan bawa dampak positif ajar tua ajar btw gue bagi makan gizi gratis;Negatif;0;931;74
a2WXt0aW76g;Video 4;Kalaupun program MBG masih mau diteruskan, ikuti langkah KDM, kasih uang 15rb ke setiap orang tua murid, pengawasanya 100 % seluruh Guru;0;kalaupun program mbg masih mau diteruskan ikuti langkah kdm kasih uang rb ke setiap orang tua murid pengawasanya seluruh guru;program mbg terus ikut langkah kdm kasih uang rb tua murid pengawasanya guru;Positif;2;125;13
za8EqDmgeiM;Video 3;Masak orang sebelah presiden gak tau sih;0;masak orang sebelah presiden gak tau sih;masak belah presiden tau;Negatif;0;40;4
a2WXt0aW76g;Video 4;Di NTT, kabupaten sumba timur sempat kejadian anak2 dpt daging ayam yg masih mentah dan makanan sampai di sekolah pada saat anak² sudah plg sekolah;0;di ntt kabupaten sumba timur sempat kejadian anak dpt daging ayam yg masih mentah dan makanan sampai di sekolah pada saat anak sudah plg sekolah;ntt kabupaten sumba timur jadi anak dpt daging ayam mentah makan sekolah anak plg sekolah;Negatif;0;144;15
a2WXt0aW76g;Video 4;yang paling utama justru lapangan kerja yg layak bagi masyarakat. soal makan bergizi saya yakin semua orang tua udah mikir makan bergizi, cuman karena penghasilan yg kurang jadi ya makannya bergizi tp tidak 4 sehat 5 sempurna. menurutku proyek MBG peluang korupsinya besar banget;190;yang paling utama justru lapangan kerja yg layak bagi masyarakat soal makan bergizi saya yakin semua orang tua udah mikir makan bergizi cuman karena penghasilan yg kurang jadi ya makannya bergizi tp tidak sehat sempurna menurutku proyek mbg peluang korupsinya besar banget;utama lapang layak masyarakat makan gizi tua mikir makan gizi cuman hasil makan gizi sehat sempurna turut proyek mbg peluang korupsi banget;Negatif;0;272;22
rrTT_3KwcSs;Video 2;Bro Panji, sebenarnya elu itu lebih smart di banding DC secara literasi,emosi, dan wisdom. Cuma elu kalah pinter dalam hal nyari duit.??;60;bro panji sebenarnya elu itu lebih smart di banding dc secara literasi emosi dan wisdom cuma elu kalah pinter dalam hal nyari duit;elu smart banding dc literasi emosi wisdom elu kalah pinter nyari duit;Negatif;0;130;12
v2QNDjfDrL8;Video 5;"Ada ngga sih bantuan buat susu anak untuk rakyat kecil lumayan kan buat ngurangin beban hidup?? duitnya bisa buat yg lain kan
Logikanya jika susu dicukupin pemerintah IQ ank indonesia kan bisa berkembang
Dan uang buat beli susu kan bisa buat yg lain setuju ngga selain bantuan mbg anak sekolah bantu lah anak2 indonesia yg masih bayi yg orang tuanya sulit untuk membeli susu.";0;ada ngga sih bantuan buat susu anak untuk rakyat kecil lumayan kan buat ngurangin beban hidup duitnya bisa buat yg lain kan logikanya jika susu dicukupin pemerintah iq ank indonesia kan bisa berkembang dan uang buat beli susu kan bisa buat yg lain setuju ngga selain bantuan mbg anak sekolah bantu lah anak indonesia yg masih bayi yg orang tuanya sulit untuk membeli susu;bantu susu anak rakyat lumayan ngurangin beban hidup duit logika susu dicukupin perintah iq ank indonesia kembang uang beli susu tuju bantu mbg anak sekolah bantu anak indonesia bayi tua sulit beli susu;Positif;2;371;33
a2WXt0aW76g;Video 4;Hai tempo, pin Komen ini.......selidiki;20;hai tempo pin komen ini selidiki;tempo pin komen selidik;Negatif;0;32;4
a2WXt0aW76g;Video 4;dan kurikulum pelajaran nya juga di perbaiki di benahi;0;dan kurikulum pelajaran nya juga di perbaiki di benahi;kurikulum ajar baik benah;Positif;2;54;4
a2WXt0aW76g;Video 4;bancakan kalau emang niat ngasih bagikan aja satu desa satu dapur masih banyak ibu2 pkk kader kader posyandu malah lebih bermanfaat keuangan juga muter di desa kalau system kaya begini sih jelas jelas biar mudah di maipulasi;0;bancakan kalau emang niat ngasih bagikan aja satu desa satu dapur masih banyak ibu pkk kader kader posyandu malah lebih bermanfaat keuangan juga muter di desa kalau system kaya begini sih jelas jelas biar mudah di maipulasi;bancak niat ngasih bagi desa dapur pkk kader kader posyandu manfaat uang muter desa system kaya biar mudah maipulasi;Positif;2;223;19
rrTT_3KwcSs;Video 2;Karna biasanya anak kecil dikasi nasi bungkus cmn lauk tempe tahu telor jga lahap, berhubung ada unsur politik jdi ya digede gedein , blom lgi dibalik layar bisa saja skenario orng yg benci;30;karna biasanya anak kecil dikasi nasi bungkus cmn lauk tempe tahu telor jga lahap berhubung ada unsur politik jdi ya digede gedein blom lgi dibalik layar bisa saja skenario orng yg benci;anak kasi nasi bungkus cmn lauk tempe telor jga lahap hubung unsur politik jdi gede gedein lgi balik layar skenario orng benci;Negatif;0;186;22
a2WXt0aW76g;Video 4;"Penerapan makan gratis seperti di Jepang adalah cara yang efisien dan efektif untuk menghemat subsidi anggaran negara dan menutup celah KKN bahkan memastikan kualitas makanan yang lebih bisa dipertanggung jawabkan. 

Mohon para pakar, praktisi, maupun guru besar manajemen dan ekonomi memberi masukan ke pemerintah.

Terima kasih Tempo.";0;penerapan makan gratis seperti di jepang adalah cara yang efisien dan efektif untuk menghemat subsidi anggaran negara dan menutup celah kkn bahkan memastikan kualitas makanan yang lebih bisa dipertanggung jawabkan mohon para pakar praktisi maupun guru besar manajemen dan ekonomi memberi masukan ke pemerintah terima kasih tempo;terap makan gratis jepang efisien efektif hemat subsidi anggar negara tutup celah kkn kualitas makan tanggung jawab pakar praktisi guru manajemen ekonomi masuk perintah terima kasih tempo;Positif;2;328;27
a2WXt0aW76g;Video 4;Saya setuju hentikan proyek MBG;0;saya setuju hentikan proyek mbg;tuju henti proyek mbg;Negatif;0;31;4
za8EqDmgeiM;Video 3;Harusnya kalau TDK mau resiko uangkan aja org tua siswa yg di pekerjakan dlm arti kata semua org tua siswa yg menyiapkan anaknya makanan untuk di bawa ke sekolah jadi setiap pagi masuk sekolah guru tinggal periksa muridnya bawa makanan atau TDK tapi sekalian ada dananya di setiap siswa;0;harusnya kalau tdk mau resiko uangkan aja org tua siswa yg di pekerjakan dlm arti kata semua org tua siswa yg menyiapkan anaknya makanan untuk di bawa ke sekolah jadi setiap pagi masuk sekolah guru tinggal periksa muridnya bawa makanan atau tdk tapi sekalian ada dananya di setiap siswa;resiko uang tua siswa kerja tua siswa anak makan bawa sekolah pagi sekolah guru tinggal periksa murid bawa makan dana siswa;Negatif;0;286;21
za8EqDmgeiM;Video 3;dari pada makanan bergizi gratis mending sekolah gratis sampai kuliah aja gak sih,;30;dari pada makanan bergizi gratis mending sekolah gratis sampai kuliah aja gak sih;makan gizi gratis mending sekolah gratis kuliah;Negatif;0;81;7
EEmfTnEhVJ0;Video 1;Saya sebagai analis kebijakan sangat khawatir dengan implementasi program ini;0;saya sebagai analis kebijakan sangat khawatir dengan implementasi program ini;analis bijak khawatir implementasi program;Negatif;0;77;5
EEmfTnEhVJ0;Video 1;saya berharap MBG ini bisa di alihkan dana APBD ke pendidikan seperti beasiswa dll ,lebih baik makan siang gratis di gantikan dengan subsidi kantin,dimana bahan olah pangan untuk kantin di seluruh sekolah disubsidi pemerintah , jadi ada win win solution ,untuk pedagang kantin tidak merasa rugi karna bahan pangan didapat dengan harg murah dan dapat gizi untuk siswa/i;0;saya berharap mbg ini bisa di alihkan dana apbd ke pendidikan seperti beasiswa dll lebih baik makan siang gratis di gantikan dengan subsidi kantin dimana bahan olah pangan untuk kantin di seluruh sekolah disubsidi pemerintah jadi ada win win solution untuk pedagang kantin tidak merasa rugi karna bahan pangan didapat dengan harg murah dan dapat gizi untuk siswa i;harap mbg alih dana apbd didik beasiswa dll makan siang gratis ganti subsidi kantin mana bahan olah pangan kantin sekolah subsidi perintah win win solution dagang kantin rugi bahan pangan harg murah gizi siswa;Netral;1;364;34
EEmfTnEhVJ0;Video 1;Gak boleh lohpake duit pribadi untuk dipakai kegiatan negara;0;gak boleh lohpake duit pribadi untuk dipakai kegiatan negara;lohpake duit pribadi pakai giat negara;Negatif;0;60;6
EEmfTnEhVJ0;Video 1;bang, gw cuma mau bilang, totally agree. Ku juga mikir hal yang sama buat saran nya ini. Kalau pake skala prioritas misal 3T, dengan anggaran 50T kayaknya bisa, jadi ga usah motong anggaran sana sini seperti transum, gaji, pembangunan. Sekarang ini awal tahun udah minta efisiensi 300T dan dialihkan buat MBG kok sepertinya potensi bocornya besar banget, apalagi lembaga pengelolanya baru terbentuk.;0;bang gw cuma mau bilang totally agree ku juga mikir hal yang sama buat saran nya ini kalau pake skala prioritas misal t dengan anggaran t kayaknya bisa jadi ga usah motong anggaran sana sini seperti transum gaji pembangunan sekarang ini awal tahun udah minta efisiensi t dan dialihkan buat mbg kok sepertinya potensi bocornya besar banget apalagi lembaga pengelolanya baru terbentuk;gw totally agree ku mikir saran pake skala prioritas anggar kayak motong anggar transum gaji bangun tahun efisiensi alih mbg potensi bocor banget lembaga kelola bentuk;Negatif;0;382;26
EEmfTnEhVJ0;Video 1;"Terima kasih atas diskusinya yang menarik. Memang, ada sudut pandang yang mengatakan bahwa program seperti ini bisa terlihat seperti ""memanjakan,"" tapi jika kita lihat dari sisi lain, peran negara memang salah satunya adalah memberikan dukungan kepada rakyat, terutama di bidang yang menjadi fondasi seperti pendidikan dan kesehatan.

Terkait gagasan bahwa memberi pekerjaan dengan upah layak lebih baik, saya setuju itu adalah langkah jangka panjang yang sangat penting. Namun, sembari memperbaiki sektor ketenagakerjaan, program seperti ini bisa menjadi solusi sementara untuk meringankan beban masyarakat, khususnya bagi keluarga yang benar-benar membutuhkan.

Selain itu, banyak negara maju seperti Jepang dan Korea yang juga menerapkan program sejenis untuk mendukung tumbuh kembang anak-anak, karena mereka tahu bahwa investasi pada generasi muda adalah investasi masa depan. Jadi, mungkin daripada melihat ini sebagai ""memanjakan,"" kita bisa melihatnya sebagai bentuk tanggung jawab negara untuk memastikan anak-anak kita mendapatkan gizi dan pendidikan yang layak agar mereka bisa tumbuh menjadi individu yang mandiri di masa depan.

Semoga diskusi ini membawa sudut pandang baru. Semua masukan dari berbagai pihak tentu sangat penting untuk membangun solusi yang lebih baik ke depannya. ??";0;terima kasih atas diskusinya yang menarik memang ada sudut pandang yang mengatakan bahwa program seperti ini bisa terlihat seperti memanjakan tapi jika kita lihat dari sisi lain peran negara memang salah satunya adalah memberikan dukungan kepada rakyat terutama di bidang yang menjadi fondasi seperti pendidikan dan kesehatan terkait gagasan bahwa memberi pekerjaan dengan upah layak lebih baik saya setuju itu adalah langkah jangka panjang yang sangat penting namun sembari memperbaiki sektor ketenagakerjaan program seperti ini bisa menjadi solusi sementara untuk meringankan beban masyarakat khususnya bagi keluarga yang benar benar membutuhkan selain itu banyak negara maju seperti jepang dan korea yang juga menerapkan program sejenis untuk mendukung tumbuh kembang anak anak karena mereka tahu bahwa investasi pada generasi muda adalah investasi masa depan jadi mungkin daripada melihat ini sebagai memanjakan kita bisa melihatnya sebagai bentuk tanggung jawab negara untuk memastikan anak anak kita mendapatkan gizi dan pendidikan yang layak agar mereka bisa tumbuh menjadi individu yang mandiri di masa depan semoga diskusi ini membawa sudut pandang baru semua masukan dari berbagai pihak tentu sangat penting untuk membangun solusi yang lebih baik ke depannya;terima kasih diskusi tarik sudut pandang program manja sisi peran negara salah satu dukung rakyat bidang fondasi didik sehat kait gagas kerja upah layak tuju langkah jangka sembari baik sektor ketenagakerjaan program solusi ringan beban masyarakat keluarga butuh negara maju jepang korea terap program jenis dukung tumbuh kembang anak anak investasi generasi muda investasi manja bentuk tanggung negara anak anak gizi didik layak tumbuh individu mandiri moga diskusi bawa sudut pandang masuk bangun solusi depan;Positif;2;1268;75
a2WXt0aW76g;Video 4;"Kalau saya boleh usul,,,, 
Untuk BMG ini baiknya di serahkan pengelolaannya ke KOMITE SEKOLAH... 
Dananya di serahkan dan merekalah yang mengelola... 
InsyaAllah amanah dan terhindar dari kebocoran halus untuk dananya. Karena langsung di awasi bersama para anggotanya dan sekolah... ????";0;kalau saya boleh usul untuk bmg ini baiknya di serahkan pengelolaannya ke komite sekolah dananya di serahkan dan merekalah yang mengelola insyaallah amanah dan terhindar dari kebocoran halus untuk dananya karena langsung di awasi bersama para anggotanya dan sekolah;usul bmg baik serah kelola komite sekolah dana serah kelola insyaallah amanah hindar bocor halus dana awas anggota sekolah;Positif;2;265;19
a2WXt0aW76g;Video 4;Trima kasih tempo. Penelusuran tempo lebih memperkuat lagi kecurigaan masyarakat ttg proyek Bancakan ini. Ini proyek perampok uang negara;0;trima kasih tempo penelusuran tempo lebih memperkuat lagi kecurigaan masyarakat ttg proyek bancakan ini ini proyek perampok uang negara;trima kasih tempo telusur tempo kuat curiga masyarakat ttg proyek bancak proyek rampok uang negara;Negatif;0;135;15
a2WXt0aW76g;Video 4;setuju dg pendpt tempo. di situasi spt skrg ini, manfaat MBG tdk akan signifikan, tp di sisi lain justru hanya akan menambah peluang terjadinya fitnah dan kecemburuan.;0;setuju dg pendpt tempo di situasi spt skrg ini manfaat mbg tdk akan signifikan tp di sisi lain justru hanya akan menambah peluang terjadinya fitnah dan kecemburuan;tuju pendpt tempo situasi spt skrg manfaat mbg signifikan sisi tambah peluang fitnah cemburu;Negatif;0;163;14
rrTT_3KwcSs;Video 2;halo bang panji, saya juga termasuk anak yang saat SD berat badan dibawah BMI. karena bekal saya saat kecil hanya nugget, sosis, dan mie. bayangkan saya selama 6 tahun makan itu saat bekal dan alhasil tinggi badan saya tidak sampai 150 cm. saya sangat mendukung program makan gratis untuk anak sekolah karena banyak orang tua yang meremehkan gizi anak. jaman saya sekolah saja dulu beberapa ortu dari siswa menolak untuk imunisasi. masih banyak sekali sdm rendah di indo;0;halo bang panji saya juga termasuk anak yang saat sd berat badan dibawah bmi karena bekal saya saat kecil hanya nugget sosis dan mie bayangkan saya selama tahun makan itu saat bekal dan alhasil tinggi badan saya tidak sampai cm saya sangat mendukung program makan gratis untuk anak sekolah karena banyak orang tua yang meremehkan gizi anak jaman saya sekolah saja dulu beberapa ortu dari siswa menolak untuk imunisasi masih banyak sekali sdm rendah di indo;anak sd berat badan bawah bmi bekal nugget sosis mie bayang tahun makan bekal alhasil tinggi badan cm dukung program makan gratis anak sekolah tua remeh gizi anak jaman sekolah ortu siswa tolak imunisasi sdm rendah indo;Positif;2;456;37
rrTT_3KwcSs;Video 2;MBG = Makan Bersyukur Gratis;0;mbg makan bersyukur gratis;mbg makan syukur gratis;Netral;1;26;4
za8EqDmgeiM;Video 3;Makan gratis atau Sekolah gratis?;0;makan gratis atau sekolah gratis;makan gratis sekolah gratis;Netral;1;32;4
EEmfTnEhVJ0;Video 1;gw lebih seneng makan gratis diberikan kepada murid orang tua masyarakat bawah (pendapatan yg pas2an buat makan sehari2 atau yg kekurangan), gak perlu ke semua sekolah karena ada siswa-siswi yg sudah terpenuhi gizinya. dananya bisa dari apbn, dana zakat, atau sumbangan sukarela masyarakat indonesia. pembiayaan makan gratis ini harus dijaga ketat karena banyak celah yg dimanfaatin para koruptor;0;gw lebih seneng makan gratis diberikan kepada murid orang tua masyarakat bawah pendapatan yg pas an buat makan sehari atau yg kekurangan gak perlu ke semua sekolah karena ada siswa siswi yg sudah terpenuhi gizinya dananya bisa dari apbn dana zakat atau sumbangan sukarela masyarakat indonesia pembiayaan makan gratis ini harus dijaga ketat karena banyak celah yg dimanfaatin para koruptor;gw neng makan gratis murid tua masyarakat dapat pas an makan hari kurang sekolah siswa siswi penuh gizi dana apbn dana zakat sumbang sukarela masyarakat indonesia biaya makan gratis jaga ketat celah dimanfaatin koruptor;Positif;2;388;34
a2WXt0aW76g;Video 4;"Kira kira kalo MBG berjalan 5 thn. 
Apa Dmpak Kerugian Negara?";0;kira kira kalo mbg berjalan thn apa dmpak kerugian negara;mbg jalan thn dmpak rugi negara;Negatif;0;57;6
za8EqDmgeiM;Video 3;Makan Bergizi Gratis yg tidak benar2 bergizi dan tidak benar2 gratis;0;makan bergizi gratis yg tidak benar bergizi dan tidak benar gratis;makan gizi gratis gizi gratis;Negatif;0;66;5
za8EqDmgeiM;Video 3;Di daerah ku juga di pegang anggota DPR, masaknya juga di rumah nya;0;di daerah ku juga di pegang anggota dpr masaknya juga di rumah nya;daerah ku pegang anggota dpr masak rumah;Netral;1;66;7
za8EqDmgeiM;Video 3;Sebaiknya MBG dibagikan ke sekolah² yg murid2nya banyak di kelas menengah kebawah.;0;sebaiknya mbg dibagikan ke sekolah yg murid nya banyak di kelas menengah kebawah;mbg bagi sekolah murid kelas tengah bawah;Negatif;0;80;7
a2WXt0aW76g;Video 4;SEMOGA TEMPO TETAP BERHATI HATI DAN TIDAK MENERIMA PEKERJAAN DARI PEMERINTAH KARENA BERPOTENSI AKAN MENJADI BUMERANG;0;semoga tempo tetap berhati hati dan tidak menerima pekerjaan dari pemerintah karena berpotensi akan menjadi bumerang;moga tempo hati hati terima kerja perintah potensi bumerang;Netral;1;116;9
EEmfTnEhVJ0;Video 1;bukan nya pejabat itu gaboleh pake uang pribadi untuk menjalankan program pemerintah ya?karena nanti bikin celah korupsi nya jadi ga ketauan karena dana nya tumpang tindih dengan dana pribadi dalam hal ini presiden prabowo. kecuali kalo pak prabowo spend uang nya itu diluar progam pemerintah jadi dia bertindak sebagai warga negara biasa secara pribadi bukan sebagai presiden dan diluar jam kerja presiden.;0;bukan nya pejabat itu gaboleh pake uang pribadi untuk menjalankan program pemerintah ya karena nanti bikin celah korupsi nya jadi ga ketauan karena dana nya tumpang tindih dengan dana pribadi dalam hal ini presiden prabowo kecuali kalo pak prabowo spend uang nya itu diluar progam pemerintah jadi dia bertindak sebagai warga negara biasa secara pribadi bukan sebagai presiden dan diluar jam kerja presiden;jabat gaboleh pake uang pribadi jalan program perintah bikin celah korupsi tau dana tumpang tindih dana pribadi presiden prabowo kecuali prabowo spend uang luar progam perintah tindak warga negara pribadi presiden luar jam presiden;Negatif;0;405;34
za8EqDmgeiM;Video 3;Di tempat saya Cafe yang ownernya Adik kepala Kodim punya cafe yang ahirnya di tutup karena di buat dapur MBG Bagi bagi kue di Proyek MBG ini sangat kuat kalo mau Cari informasi siapa pemilik Dapur MBG di sekitar kita, belum lagi anggota dewa dan anggota partai garuda biru ??;0;di tempat saya cafe yang ownernya adik kepala kodim punya cafe yang ahirnya di tutup karena di buat dapur mbg bagi bagi kue di proyek mbg ini sangat kuat kalo mau cari informasi siapa pemilik dapur mbg di sekitar kita belum lagi anggota dewa dan anggota partai garuda biru;cafe ownernya adik kepala kodim cafe ahirnya tutup dapur mbg kue proyek mbg kuat cari informasi milik dapur mbg anggota dewa anggota partai garuda biru;Negatif;0;272;25
EEmfTnEhVJ0;Video 1;Kalo pendapat saya, harusnya pemerintah juga mengadakan kolaborasi dengan pemilik kantin sekolah, selain itu sebelum dilaksanakan program makan bergizi gratis harus didata dulu semua makanan yang diinginkan oleh anak-anak sekolah, dan pilihannya juga harus makanan bergizi yang disediakan oleh pemerintah. Jadinya anak sekolah bebas memilih apa yang dia mau makan, tapi tetap sesuai dengan program makan makanan yang bergizi.;60;kalo pendapat saya harusnya pemerintah juga mengadakan kolaborasi dengan pemilik kantin sekolah selain itu sebelum dilaksanakan program makan bergizi gratis harus didata dulu semua makanan yang diinginkan oleh anak anak sekolah dan pilihannya juga harus makanan bergizi yang disediakan oleh pemerintah jadinya anak sekolah bebas memilih apa yang dia mau makan tapi tetap sesuai dengan program makan makanan yang bergizi;dapat perintah ada kolaborasi milik kantin sekolah laksana program makan gizi gratis data makan anak anak sekolah pilih makan gizi sedia perintah anak sekolah bebas pilih makan sesuai program makan makan gizi;Netral;1;419;32
rrTT_3KwcSs;Video 2;14:25 Bener bang, Ibu hamil nya juga ada program makanan bergizi dari puskesmas. Di jawa barat sih mulai di 2024 , nama programnya PMT Bumil KEK.;10;bener bang ibu hamil nya juga ada program makanan bergizi dari puskesmas di jawa barat sih mulai di nama programnya pmt bumil kek;bener hamil program makan gizi puskesmas jawa barat nama program pmt bumil kek;Positif;2;129;13
za8EqDmgeiM;Video 3;Dari penghasilan judol lah om, untungnyakan 500T per tahun;0;dari penghasilan judol lah om untungnyakan t per tahun;hasil judol untungnyakan tahun;Netral;1;54;4
EEmfTnEhVJ0;Video 1;memang di Indonesia masalah STANDARISASI itu kurang di banyak Aspek Sehingga menimbulkan banyak masalah.;0;memang di indonesia masalah standarisasi itu kurang di banyak aspek sehingga menimbulkan banyak masalah;indonesia standar aspek timbul;Negatif;0;103;4
EEmfTnEhVJ0;Video 1;Makan siang gratis memang dilakukan secara bertahap bang. Makanya belum semua daerah ada program ini. Vendor mbg ini sekarang semuanya dipegang tni, karena hanya tninyg mempunyai kemampuan skala nasional dalam hal alat dan ahlimgizinkarena mereka kan biasa membuat ransum prajurit. Sepertinnya anda tidak tahu ini ya;0;makan siang gratis memang dilakukan secara bertahap bang makanya belum semua daerah ada program ini vendor mbg ini sekarang semuanya dipegang tni karena hanya tninyg mempunyai kemampuan skala nasional dalam hal alat dan ahlimgizinkarena mereka kan biasa membuat ransum prajurit sepertinnya anda tidak tahu ini ya;makan siang gratis tahap daerah program vendor mbg pegang tni tninyg mampu skala nasional alat ahlimgizinkarena ransum prajurit tin;Netral;1;312;19
EEmfTnEhVJ0;Video 1;justru harus terus berkelanjutan, tapi harus lebih baik lagi sistemnya. negara miskin sampai negara maju banyak yang punya program ini untuk melindungi masa depan negaranya. 25 dari 27 negara uni eropa ada program ini. sistemnya dan pendanaannya terus diperbaiki.;0;justru harus terus berkelanjutan tapi harus lebih baik lagi sistemnya negara miskin sampai negara maju banyak yang punya program ini untuk melindungi masa depan negaranya dari negara uni eropa ada program ini sistemnya dan pendanaannya terus diperbaiki;lanjut sistem negara miskin negara maju program lindung negara negara uni eropa program sistem dana baik;Positif;2;252;16
EEmfTnEhVJ0;Video 1;mgkn sbg tambahan yg menurut gw kurang tepat dari program makan bergizi ini sih, seharusnya dan selayaknya uji coba dahulu (tepat misalnya beberapa hari dahulu, kemudian bertambah hingga 5 hari). uji coba ini layaknya sprti brainstorming layaknya dgn user, bagaimana feedback si penerima merasakan makan siang ini. Selain itu juga, pentingnya pengawasan ketat dari standar kebersihan dan kelayakan makan siang tersebut didampingi dan berkolaborasi antara BPOM dan ahli gizi disetiap daerahnya masing2 terutama dipinggir terlebih dahulu. Sehingga, beberapa instansi bisa bekerjasama dari standar kebersihan, kelayakan utk dimakan hingga gizi yg akan diperoleh. Hal ini akan membantu perkembangan tubuh si penerima. Namun yg paling harus diawasi dalam proses ini, harus ada tim pengawasan yg diterjunkan (berharap TNI yg komit, mengetahui standar2 yg diharapkan dan bisa menandatangani pakta integritas utk tugas negara ini);0;mgkn sbg tambahan yg menurut gw kurang tepat dari program makan bergizi ini sih seharusnya dan selayaknya uji coba dahulu tepat misalnya beberapa hari dahulu kemudian bertambah hingga hari uji coba ini layaknya sprti brainstorming layaknya dgn user bagaimana feedback si penerima merasakan makan siang ini selain itu juga pentingnya pengawasan ketat dari standar kebersihan dan kelayakan makan siang tersebut didampingi dan berkolaborasi antara bpom dan ahli gizi disetiap daerahnya masing terutama dipinggir terlebih dahulu sehingga beberapa instansi bisa bekerjasama dari standar kebersihan kelayakan utk dimakan hingga gizi yg akan diperoleh hal ini akan membantu perkembangan tubuh si penerima namun yg paling harus diawasi dalam proses ini harus ada tim pengawasan yg diterjunkan berharap tni yg komit mengetahui standar yg diharapkan dan bisa menandatangani pakta integritas utk tugas negara ini;mgkn sbg tambah gw program makan gizi layak uji coba tambah uji coba layak sprti brainstorming layak user feedback si terima rasa makan siang awas ketat standar bersih layak makan siang damping kolaborasi bpom ahli gizi tiap daerah pinggir instansi bekerjasama standar bersih layak makan gizi oleh bantu kembang tubuh si terima awas proses tim awas terjun harap tni komit standar harap menandatangani pakta integritas tugas negara;Positif;2;901;67
a2WXt0aW76g;Video 4;"Hot News!!!
Kongres AS sudah batalkan tarif Trump,  Malaysia presiden AI langsung ambil kesempatan batalkan perjanjian demi hukum,  sementara indonesia presiden PS   masih rela potensi kedaulatan negara dikuasai AS. Mungkin jadi curiga ada agenda elite hubungan AS - Indonesia yng belum dibuka ke publik  ??
Tolonglah pak Presiden dan DPR jelaskan ke publik kenapa kesepakatan ART non tarif yang jelas2 merugikan kedaulatan negara masih dipertahankan  ????

Menurut netizen mana pejabat2 yang memiliki nilai2 patriotisme dan nasionalisme tinggi dibandingkan antara Anwar Ibrahim atau Prabowo Subianto  ??? Silahkan komennya dibawah.";0;hot news kongres as sudah batalkan tarif trump malaysia presiden ai langsung ambil kesempatan batalkan perjanjian demi hukum sementara indonesia presiden ps masih rela potensi kedaulatan negara dikuasai as mungkin jadi curiga ada agenda elite hubungan as indonesia yng belum dibuka ke publik tolonglah pak presiden dan dpr jelaskan ke publik kenapa kesepakatan art non tarif yang jelas merugikan kedaulatan negara masih dipertahankan menurut netizen mana pejabat yang memiliki nilai patriotisme dan nasionalisme tinggi dibandingkan antara anwar ibrahim atau prabowo subianto silahkan komennya dibawah;hot news kongres as batal tarif trump malaysia presiden ai ambil sempat batal janji hukum indonesia presiden ps rela potensi daulat negara asai as curiga agenda elite hubung as indonesia yng buka publik tolong presiden dpr publik sepakat art non tarif rugi daulat negara tahan netizen jabat milik nilai patriotisme nasionalisme tinggi banding anwar ibrahim prabowo subianto silah komennya bawah;Netral;1;600;60
EEmfTnEhVJ0;Video 1;Ingat ya tapi di kota banyak juga yg miskin susah makan;0;ingat ya tapi di kota banyak juga yg miskin susah makan;kota miskin susah makan;Positif;2;55;4
EEmfTnEhVJ0;Video 1;Aku jadi kepikiran kalau makan siang gratis ini juga lebih menjunjung kuliner-kuliner khas yg sesuai dengan SDA daerahnya. Misal aja dari segi protein, banyak budidaya ikan ya itu yg digunakan sebagai pengisi menu. Misal juga dari buahnya, tergantung yang lagi musimannya. Jadi lebih gampang penyediaan tiap daerah karena sesuai sama tempat tinggal. Terdengar lebih adil, karena ga harus disama ratakan antar daerah, tapi tetap memenuhi gizi dan mengangkat kebudayaan kuliner. Tapi, terdengar juga lebih susah kayaknya??. Mungkin kalau ini terlaksana bakal keren bgt sih haha, karena emang Indonesia kaya akan hidangan kuliner khas yg beda2 tiap daerahnya menyesuaikan SDA.;10;aku jadi kepikiran kalau makan siang gratis ini juga lebih menjunjung kuliner kuliner khas yg sesuai dengan sda daerahnya misal aja dari segi protein banyak budidaya ikan ya itu yg digunakan sebagai pengisi menu misal juga dari buahnya tergantung yang lagi musimannya jadi lebih gampang penyediaan tiap daerah karena sesuai sama tempat tinggal terdengar lebih adil karena ga harus disama ratakan antar daerah tapi tetap memenuhi gizi dan mengangkat kebudayaan kuliner tapi terdengar juga lebih susah kayaknya mungkin kalau ini terlaksana bakal keren bgt sih haha karena emang indonesia kaya akan hidangan kuliner khas yg beda tiap daerahnya menyesuaikan sda;pikir makan siang gratis junjung kuliner kuliner khas sesuai sda daerah segi protein budidaya ikan isi menu buah gantung musim gampang sedia daerah sesuai tinggal dengar adil sama rata daerah penuh gizi angkat budaya kuliner dengar susah kayak laksana keren banget indonesia kaya hidang kuliner khas beda daerah sesuai sda;Netral;1;657;50
EEmfTnEhVJ0;Video 1;programnya bgs, cm ya pelaksanannya byk ga bener, pelaksananya pemerintah, diawasi oleh rakyat, jgn baper bila dikritik...;0;programnya bgs cm ya pelaksanannya byk ga bener pelaksananya pemerintah diawasi oleh rakyat jgn baper bila dikritik;program bgs cm pelaksanannya byk bener laksana perintah awas rakyat baper kritik;Netral;0;115;12
EEmfTnEhVJ0;Video 1;kalo ada siswa yg vidio lalu bilang makanan ga enak atau kurang itu benar, kalo ada yg bilang sebalik nya, makanan nya enak cukup dan pantas itu juga benar. Yg salah adalah penyedia nya atau catering nya, bisa jadi dikorup, jdi dengan ada nya vidio kritik itu malah bagus supaya bisa di periksa catering nya;0;kalo ada siswa yg vidio lalu bilang makanan ga enak atau kurang itu benar kalo ada yg bilang sebalik nya makanan nya enak cukup dan pantas itu juga benar yg salah adalah penyedia nya atau catering nya bisa jadi dikorup jdi dengan ada nya vidio kritik itu malah bagus supaya bisa di periksa catering nya;siswa vidio makan balik makan salah sedia catering korup jdi vidio kritik bagus periksa catering;Netral;1;302;15
a2WXt0aW76g;Video 4;Kata pendukungnya sih gitu, tapi nyatanya kantin sekolah pada mati sekarang ????;100;kata pendukungnya sih gitu tapi nyatanya kantin sekolah pada mati sekarang;dukung gitu kantin sekolah mati;Negatif;0;74;5
a2WXt0aW76g;Video 4;"Bang saya mau jadi wartawan tempo biar bisa bongkar bobroknya pemerintah 
harapannya lebih banyak lagi media yang berani seperti tempo";0;bang saya mau jadi wartawan tempo biar bisa bongkar bobroknya pemerintah harapannya lebih banyak lagi media yang berani seperti tempo;wartawan tempo biar bongkar bobrok perintah harap media berani tempo;Negatif;0;133;10
a2WXt0aW76g;Video 4;Jadi kalo Jokowi proyek bancakan andalannya IKN, Prabowo proyek bancakan andalannya MBG. Apakah betul begitu??? Eh tapi Jokowi kayaknya banyak proyek bancakannya, dibungkus redaksi PSN, food estate, KEK, dst. dst…. Prabowo apalagi ya? Bancakan bukan berarti negatif ya, kalo memang bermanfaat bagi kesejahteraan rakyat dan kemajuan bangsa dan negara, bukan buat ajang KKN.;10;jadi kalo jokowi proyek bancakan andalannya ikn prabowo proyek bancakan andalannya mbg apakah betul begitu eh tapi jokowi kayaknya banyak proyek bancakannya dibungkus redaksi psn food estate kek dst dst prabowo apalagi ya bancakan bukan berarti negatif ya kalo memang bermanfaat bagi kesejahteraan rakyat dan kemajuan bangsa dan negara bukan buat ajang kkn;jokowi proyek bancak andal ikn prabowo proyek bancak andal mbg eh jokowi kayak proyek bancak bungkus redaksi psn food estate kek dst dst prabowo bancak negatif manfaat sejahtera rakyat maju bangsa negara ajang kkn;Negatif;0;356;34
a2WXt0aW76g;Video 4;NANGKANYA MEMANG SANGAT BESAR DAN SEGAR NAMUN SETELAH DI SUNAT SUNAT YG SAMPAI DI LAPANGAN HANYA TINGGAL BIJI DAN KULITNYA SHG SI MITRA HANYA MAMPU MENYEDIAKAN MENU SEADANYA, SEKITAR SEHARGA DIBAWAH 10.000.;10;nangkanya memang sangat besar dan segar namun setelah di sunat sunat yg sampai di lapangan hanya tinggal biji dan kulitnya shg si mitra hanya mampu menyediakan menu seadanya sekitar seharga dibawah;nangka segar sunat sunat lapang tinggal biji kulit shg si mitra sedia menu ada harga bawah;Netral;1;197;16
EEmfTnEhVJ0;Video 1; @user  ekonomi bawah butuh pendidikan yang layak, dengan dukungan makan gratis, biaya pendidikan tersubsidi atau gratis, layanan umum mudah, literasi yang cukup dijauhkan dari judol, dan lapangan pekerjaan yang baik.;0;ekonomi bawah butuh pendidikan yang layak dengan dukungan makan gratis biaya pendidikan tersubsidi atau gratis layanan umum mudah literasi yang cukup dijauhkan dari judol dan lapangan pekerjaan yang baik;ekonomi butuh didik layak dukung makan gratis biaya didik subsidi gratis layan umum mudah literasi jauh judol lapang kerja;Negatif;0;203;19
za8EqDmgeiM;Video 3;"Coba tanya ke PPATK om...
Dari case Jogja, menangkap orang yang memanipulasi Judol dan menyebabkan kerugian di Web² Judol...
Sampai hari ini Website masih bisa diakses & nomor rekening hingfa e-wallet masih terpampang dengan jelas dan aktif";0;coba tanya ke ppatk om dari case jogja menangkap orang yang memanipulasi judol dan menyebabkan kerugian di web judol sampai hari ini website masih bisa diakses nomor rekening hingfa e wallet masih terpampang dengan jelas dan aktif;coba ppatk case jogja tangkap manipulasi judol sebab rugi web judol website akses nomor rekening hingfa wallet pampang aktif;Negatif;0;230;19
a2WXt0aW76g;Video 4;Kalo itu jurus wowo,,, dulu wowo msh mentri pertahanan untuk pengerjaan pertahanan  dg dana jumbo yg mau mengerjakan perusahaan kroni dia juga,, sempet di bongkar ibu conni;0;kalo itu jurus wowo dulu wowo msh mentri pertahanan untuk pengerjaan pertahanan dg dana jumbo yg mau mengerjakan perusahaan kroni dia juga sempet di bongkar ibu conni;jurus wowo wowo msh tri tahan kerja tahan dana jumbo usaha kroni sempet bongkar conni;Negatif;0;166;15
a2WXt0aW76g;Video 4;Tetap Semangat ya tempo;0;tetap semangat ya tempo;semangat tempo;Netral;1;23;2
EEmfTnEhVJ0;Video 1;tujuan program itu baguss...tapi klo tidak bisa dilakunan jgn di paksakan....program ini ujung ujung nya mirip program nya anies di jkt dulu...depe  rumah 0 %...program halu ...;10;tujuan program itu baguss tapi klo tidak bisa dilakunan jgn di paksakan program ini ujung ujung nya mirip program nya anies di jkt dulu depe rumah program halu;tuju program baguss dilakunan paksa program ujung ujung program anies jkt depe rumah program halu;Negatif;0;159;15
EEmfTnEhVJ0;Video 1;"Program ini sebenarnya sangat bagus, apalagi jika lebih mengutamakan ke daerah pelosok. Bukan daerah besar/ibu kota. Karena mereka jauh lebih membutuhkan program ini. Tapi, hal ini juga menjadi ladang korupsi baru bagi mereka"" yang terlibat. Apalagi, hukum untuk koruptor belum memberi dampak signifikan. Selain itu, program ini belum terlalu matang sudah diimplementasikan. Walau memang, perbaikan atas kekurangan yang ada bisa dilakukan sambil program terus berlanjut. Yah, kita lihat aja bagaimana nasib program ini. Apakah akan berlanjut atau stop begitu saja";0;program ini sebenarnya sangat bagus apalagi jika lebih mengutamakan ke daerah pelosok bukan daerah besar ibu kota karena mereka jauh lebih membutuhkan program ini tapi hal ini juga menjadi ladang korupsi baru bagi mereka yang terlibat apalagi hukum untuk koruptor belum memberi dampak signifikan selain itu program ini belum terlalu matang sudah diimplementasikan walau memang perbaikan atas kekurangan yang ada bisa dilakukan sambil program terus berlanjut yah kita lihat aja bagaimana nasib program ini apakah akan berlanjut atau stop begitu saja;program bagus utama daerah pelosok daerah kota butuh program ladang korupsi libat hukum koruptor dampak signifikan program matang implementasi baik kurang program lanjut yah nasib program lanjut stop;Netral;1;548;28
a2WXt0aW76g;Video 4;Salah satu tujuan prabowo sangat ambisius sekali jadi penguasa,ya karena dia bilang agar bisnisnya menjadi lancar...;50;salah satu tujuan prabowo sangat ambisius sekali jadi penguasa ya karena dia bilang agar bisnisnya menjadi lancar;salah tuju prabowo ambisius kuasa bisnis lancar;Negatif;0;113;7
za8EqDmgeiM;Video 3;Semoga ORANG SEPERTI bang FERI di perbanyak agar tersadarkan dan tercerdaskan bagi kita penonton yaitu (RAKYAT);0;semoga orang seperti bang feri di perbanyak agar tersadarkan dan tercerdaskan bagi kita penonton yaitu rakyat;moga feri banyak sadar cerdas tonton rakyat;Negatif;0;109;7
za8EqDmgeiM;Video 3;Setuju bang feri, Anggaran yg hrusnya buat pendidikan di geser buat mbg, masih ada dana yg hrs lbih diperhatikan, contohnya gaji guru diselaraskan sesuai pekerjaannya, masih banyak sekolah masih ada biaya seragam dll, memang uang gedung dan spp sudah TDK ada, tp tetap kami wali siswa masih harus ada berbayar ke pihak sekolah, belum semua wali siswa mampu . Tolong lebih diperhatikan kesitunya ya bapak2 YTH;30;setuju bang feri anggaran yg hrusnya buat pendidikan di geser buat mbg masih ada dana yg hrs lbih diperhatikan contohnya gaji guru diselaraskan sesuai pekerjaannya masih banyak sekolah masih ada biaya seragam dll memang uang gedung dan spp sudah tdk ada tp tetap kami wali siswa masih harus ada berbayar ke pihak sekolah belum semua wali siswa mampu tolong lebih diperhatikan kesitunya ya bapak yth;tuju feri anggar hrusnya didik geser mbg dana lbih perhati contoh gaji guru selaras sesuai kerja sekolah biaya seragam dll uang gedung spp wali siswa bayar sekolah wali siswa tolong perhati kesitu yth;Negatif;0;398;33
EEmfTnEhVJ0;Video 1;Kalo mau enak itu makan di restoran bintang 5. Kita selaraskan dulu makan bergizi atau makan enak-enak. Menurutku kalo mau aman, enak dan murah. Ya masak sendiri... guru2 diajarin masak, mengayomi orang tua murid. Jangan pakai vendor... rawan dikorupsi bahan2nya. Wong sayur di pasar seribu per iket. Telur cuman 1.500 rupiah satu butir... Masak sendiri ya murah cuy.;0;kalo mau enak itu makan di restoran bintang kita selaraskan dulu makan bergizi atau makan enak enak menurutku kalo mau aman enak dan murah ya masak sendiri guru diajarin masak mengayomi orang tua murid jangan pakai vendor rawan dikorupsi bahan nya wong sayur di pasar seribu per iket telur cuman rupiah satu butir masak sendiri ya murah cuy;makan restoran bintang selaras makan gizi makan turut aman murah masak guru diajarin masak ayom tua murid pakai vendor rawan korupsi bahan sayur pasar ribu iket telur cuman rupiah butir masak murah cuy;Netral;1;340;33
a2WXt0aW76g;Video 4;Kasi org tuanya 10 rb/ hari sdh cukup;0;kasi org tuanya rb hari sdh cukup;kasi tua rb;Negatif;0;33;3
a2WXt0aW76g;Video 4;Wajar, sejak debat pilpres, apapun masalahnya, solusinya adalah MBG????????;0;wajar sejak debat pilpres apapun masalahnya solusinya adalah mbg;wajar debat pilpres apa solusi mbg;Negatif;0;64;6
a2WXt0aW76g;Video 4;Seperti PROYEK Tanda TerimaKasih ya...... ?! ??;0;seperti proyek tanda terimakasih ya;proyek tanda terimakasih;Positif;2;35;3
EEmfTnEhVJ0;Video 1;Paling setuju dengan penyediaan MBG oleh Kantin Sekolah, yang penting Kantin Sekolah penyedia MBG harus dapat sertifikasi Kantin Sehat dari DINKES Setempat, jadi pasti lebih aman, lebih sehat, dan lebih mengenal pola makan yang disukai oleh anak - anak sekolah.;0;paling setuju dengan penyediaan mbg oleh kantin sekolah yang penting kantin sekolah penyedia mbg harus dapat sertifikasi kantin sehat dari dinkes setempat jadi pasti lebih aman lebih sehat dan lebih mengenal pola makan yang disukai oleh anak anak sekolah;tuju sedia mbg kantin sekolah kantin sekolah sedia mbg sertifikasi kantin sehat dinkes aman sehat kenal pola makan suka anak anak sekolah;Positif;2;254;22
a2WXt0aW76g;Video 4;Jangan2 media tempe sudah mengajukan proposal ke Prabowo .......tetapi ditolak ??;0;jangan media tempe sudah mengajukan proposal ke prabowo tetapi ditolak;media tempe aju proposal prabowo tolak;Netral;1;70;6
EEmfTnEhVJ0;Video 1;"Kalau yg aku tangkap Dr pembicaraan pak AHOK ADALAH pemerintah akan memberikan KUPON  bukan UANG CASH, jadi jika KUPON untuk pembelian DAGING ,TELOR , IKAN  DAN PROTEIN LAINNYA. tdk digunakan ya tdk akan bermanfaat Dan tdk bs ditukar dg uang.
Menurutku itu akan lebih efektif dan tepat guna.

Jika mengatasi stanting menurutku yg lebih tepat ADALAH memberikan tambahanbgizi untuk IBU HAMIL MELALUI PUSKESMAS ATO POS YANDU2, krn mengatasi stanting ADALAH mulai anak umur 0 TAHUN SD 5 TAHUN.

BEGITULAH......";0;kalau yg aku tangkap dr pembicaraan pak ahok adalah pemerintah akan memberikan kupon bukan uang cash jadi jika kupon untuk pembelian daging telor ikan dan protein lainnya tdk digunakan ya tdk akan bermanfaat dan tdk bs ditukar dg uang menurutku itu akan lebih efektif dan tepat guna jika mengatasi stanting menurutku yg lebih tepat adalah memberikan tambahanbgizi untuk ibu hamil melalui puskesmas ato pos yandu krn mengatasi stanting adalah mulai anak umur tahun sd tahun begitulah;tangkap bicara ahok perintah kupon uang cash kupon beli daging telor ikan protein manfaat tukar uang turut efektif atas stanting turut tambahanbgizi hamil puskesmas ato pos yandu atas stanting anak umur tahun sd tahun;Netral;1;482;34
za8EqDmgeiM;Video 3;"di siap kan 1  porsi makanan yg di wraping untuk sample... bila mana ada keracunan... maka sample ini yg akan diperiksa... 
artinya bila mana pengiriman ke sekolahan... maka 1 porsi sample disimpan di ruang guru yg di wraping...";0;di siap kan porsi makanan yg di wraping untuk sample bila mana ada keracunan maka sample ini yg akan diperiksa artinya bila mana pengiriman ke sekolahan maka porsi sample disimpan di ruang guru yg di wraping;porsi makan wraping sample racun sample periksa kirim sekolah porsi sample simpan ruang guru wraping;Netral;1;207;15
a2WXt0aW76g;Video 4;Bahas ijazah Jokowi dong,,,itu beneran asli atau palsu biar tidak ada dusta diantara masyarakat;0;bahas ijazah jokowi dong itu beneran asli atau palsu biar tidak ada dusta diantara masyarakat;bahas ijazah jokowi beneran asli palsu biar dusta masyarakat;Negatif;0;93;9
EEmfTnEhVJ0;Video 1;Izin berpendapat, kenapa tidak membantu kantin yang menyediakan makanan gratis prasmanan di sekolah dan di tenagai pekerja kantin dan bisa di awasi pihak sekolah maupun pemerintah, menurut saya itu lebih efisien contoh negara besar seperti Korea,jepang , China atau negara Eropa lain , kebanyakan seperti itu;10;izin berpendapat kenapa tidak membantu kantin yang menyediakan makanan gratis prasmanan di sekolah dan di tenagai pekerja kantin dan bisa di awasi pihak sekolah maupun pemerintah menurut saya itu lebih efisien contoh negara besar seperti korea jepang china atau negara eropa lain kebanyakan seperti itu;izin dapat bantu kantin sedia makan gratis prasmanan sekolah tenaga kerja kantin awas sekolah perintah efisien contoh negara korea jepang china negara eropa banyak;Netral;1;302;24
EEmfTnEhVJ0;Video 1;njir anak sd udah megang hp di sekolah;0;njir anak sd udah megang hp di sekolah;njir anak sd megang hp sekolah;Negatif;0;38;6
rrTT_3KwcSs;Video 2;"kebanyakan juga tau makan siang gratis atau makan bergizi gratis atau apalah sebutan nya itu emank program bagus.

tapi kenyataan nya keuangan negara belum siap melakukan hal itu (jangan sama kan dg negara dimana anak lu sekolah bang), coba bandingkan kemampuan negara2 lain yg uda menjalankan program ini, kemampuannya seperti apa? sedangkan disini gimana? rp.10k?

kacau dah ??";10;kebanyakan juga tau makan siang gratis atau makan bergizi gratis atau apalah sebutan nya itu emank program bagus tapi kenyataan nya keuangan negara belum siap melakukan hal itu jangan sama kan dg negara dimana anak lu sekolah bang coba bandingkan kemampuan negara lain yg uda menjalankan program ini kemampuannya seperti apa sedangkan disini gimana rp k kacau dah;banyak tau makan siang gratis makan gizi gratis apa sebut emank program bagus nyata uang negara negara mana anak lu sekolah coba banding mampu negara uda jalan program mampu gimana rp kacau dah;Negatif;0;363;33
a2WXt0aW76g;Video 4;Kantin sekolah biasanya jg bisnis terselubung guru-guru sekolah situ jg;0;kantin sekolah biasanya jg bisnis terselubung guru guru sekolah situ jg;kantin sekolah bisnis selubung guru guru sekolah situ;Negatif;0;71;8
a2WXt0aW76g;Video 4;Te mpo wakil suara rakyat yang bersih kredibel dan tajam.  Kepaja babi di masak sajikan ke istana;0;te mpo wakil suara rakyat yang bersih kredibel dan tajam kepaja babi di masak sajikan ke istana;te mpo wakil suara rakyat bersih kredibel tajam paja babi masak saji istana;Netral;1;95;13
a2WXt0aW76g;Video 4;Kalau kesulitan menyediakan dapur, lebih baik dapurnya di serahkan ke setiap rumah yg memiliki anak yg sekolah.....simpel kan??;40;kalau kesulitan menyediakan dapur lebih baik dapurnya di serahkan ke setiap rumah yg memiliki anak yg sekolah simpel kan;sulit sedia dapur dapur serah rumah milik anak sekolah simpel;Netral;1;120;10
EEmfTnEhVJ0;Video 1;perasaan pas aku TK dan SD th.2000an di padang, ada tuh namanya makanan tambahan tiap jumat...jadi kita di kasih makanan n cemilan gtu... itu program dari mana ya?;0;perasaan pas aku tk dan sd th an di padang ada tuh namanya makanan tambahan tiap jumat jadi kita di kasih makanan n cemilan gtu itu program dari mana ya;asa pas tk sd th an padang nama makan tambah jumat kasih makan cemilan gtu program;Netral;1;152;16
a2WXt0aW76g;Video 4;apapun akan salah dimata tempo;0;apapun akan salah dimata tempo;apa salah mata tempo;Negatif;0;30;4
za8EqDmgeiM;Video 3;"katanya memberdayakan umkm..pengusaha catering kecil gk dilibatin

ini malah ditempatku yg menang tender catering besar yg udah kaya raya dan kakak dari wakil bupati padahal dia gk punya basic catering sama sekali.
dan dlm sehari meraup untung bersih bisa sampe 4juta..

gimana ceritanya nih konsep yg kaya makin kaya..";20;katanya memberdayakan umkm pengusaha catering kecil gk dilibatin ini malah ditempatku yg menang tender catering besar yg udah kaya raya dan kakak dari wakil bupati padahal dia gk punya basic catering sama sekali dan dlm sehari meraup untung bersih bisa sampe juta gimana ceritanya nih konsep yg kaya makin kaya;daya umkm usaha catering dilibatin tempat menang tender catering kaya raya kakak wakil bupati basic catering hari raup untung bersih sampe juta gimana cerita konsep kaya kaya;Negatif;0;310;27
za8EqDmgeiM;Video 3;Termasuk dana desakah???;0;termasuk dana desakah;dana desa;Netral;1;21;2
rrTT_3KwcSs;Video 2;Deddy emg salah 1 senjata pemerintah buat jd wave breaker, nah bang Pandji ini ngajarin buat kritik objektif, krn buzzer itu counternya masyarakat kritis;340;deddy emg salah senjata pemerintah buat jd wave breaker nah bang pandji ini ngajarin buat kritik objektif krn buzzer itu counternya masyarakat kritis;salah senjata perintah wave breaker ngajarin kritik objektif buzzer counternya masyarakat kritis;Negatif;0;149;12
za8EqDmgeiM;Video 3;Dari uang pajak;0;dari uang pajak;uang pajak;Negatif;0;15;2
EEmfTnEhVJ0;Video 1;"Mnrt saya tidak ada paedah nya cmn hnya memanjakan masyarakat,kalau ingin beneran mensejahterakan dan membuat anak bangsa sehat dan kuat,kasih bapa nya kerjaan dan upah yg memanusiakan.
Itu duit gaji bapa nya bisa buat anak nya makan sehat dan sekolah tinggi.sekianb";410;mnrt saya tidak ada paedah nya cmn hnya memanjakan masyarakat kalau ingin beneran mensejahterakan dan membuat anak bangsa sehat dan kuat kasih bapa nya kerjaan dan upah yg memanusiakan itu duit gaji bapa nya bisa buat anak nya makan sehat dan sekolah tinggi sekianb;mnrt paedah cmn hnya manja masyarakat beneran sejahtera anak bangsa sehat kuat kasih bapa kerja upah manusia duit gaji bapa anak makan sehat sekolah tinggi sekianb;Negatif;0;265;26
za8EqDmgeiM;Video 3;"Kalau makanan basi, apakah itu makanan dieyet?

Lalu, kalau ayam rasa gak enak, apakah itu mknan bergizi, atau bergusi!!!!";0;kalau makanan basi apakah itu makanan dieyet lalu kalau ayam rasa gak enak apakah itu mknan bergizi atau bergusi;makan basi makan dieyet ayam mknan gizi gus;Negatif;0;112;8
a2WXt0aW76g;Video 4;Dr dulu saya tdk setuju program MBG;0;dr dulu saya tdk setuju program mbg;tuju program mbg;Netral;1;35;3
a2WXt0aW76g;Video 4;Pemerintah harus obyektif dan jgn maksain rakyat kalo ada yg minta ganti uang dari jatah mbg harusnya kasih kebebasan ada gg mau makan saja silahkan ini uang rakyat pak;0;pemerintah harus obyektif dan jgn maksain rakyat kalo ada yg minta ganti uang dari jatah mbg harusnya kasih kebebasan ada gg mau makan saja silahkan ini uang rakyat pak;perintah obyektif maksain rakyat ganti uang jatah mbg kasih bebas gg makan silah uang rakyat;Negatif;0;168;15
v2QNDjfDrL8;Video 5;Lokasinya  itu harus dekat dengan  biar bisa  di antar pake jalan kaki ...  Rumah warga di pake buat masak masak   pada mau tau masak;10;lokasinya itu harus dekat dengan biar bisa di antar pake jalan kaki rumah warga di pake buat masak masak pada mau tau masak;lokasi biar pake jalan kaki rumah warga pake masak masak tau masak;Positif;2;123;12
a2WXt0aW76g;Video 4;"Siapapun Presidennya akan melakukan hal tersebut. 

Yang penting hasil akhirnya sesuai tidak seperti janjinya saat kampanye? Anggaran yang dikeluarkan sesuai tidak dengan hasilnya.

Soal siapa yang dapat proyeknya gak perlu dibahas, siapapun pemimpinnya akan melakukan hal yang sama.";0;siapapun presidennya akan melakukan hal tersebut yang penting hasil akhirnya sesuai tidak seperti janjinya saat kampanye anggaran yang dikeluarkan sesuai tidak dengan hasilnya soal siapa yang dapat proyeknya gak perlu dibahas siapapun pemimpinnya akan melakukan hal yang sama;presiden hasil sesuai janji kampanye anggar keluar sesuai hasil proyek bahas pimpin;Positif;2;275;12
za8EqDmgeiM;Video 3;Bener kata beliau... Sy dpt info jg dr teman sy yg  vendor di istana.. skrng semenjak prabowo jd presiden, biro pers dllnya bnyk di isi oleh orang2 TNI yg sejatinya belum kompetensi di bidang dan  akhirnya bnyk terkadang event2 istana yg berantakan di balik layar, dan semua itu di pegang oleh mayor teddy sbg pemgendali... Maaf jika sy salah. Saya cuma mendptkan info dr cerita teman saya;0;bener kata beliau sy dpt info jg dr teman sy yg vendor di istana skrng semenjak prabowo jd presiden biro pers dllnya bnyk di isi oleh orang tni yg sejatinya belum kompetensi di bidang dan akhirnya bnyk terkadang event istana yg berantakan di balik layar dan semua itu di pegang oleh mayor teddy sbg pemgendali maaf jika sy salah saya cuma mendptkan info dr cerita teman saya;bener beliau sy dpt info teman sy vendor istana skrng semenjak prabowo presiden biro pers dllnya bnyk isi tni sejati kompetensi bidang bnyk terkadang event istana beranta layar pegang mayor teddy sbg pemgendali maaf sy salah mendptkan info cerita teman;Negatif;0;374;40
za8EqDmgeiM;Video 3;Masalah ijazah wapres TDK dibahas om??;0;masalah ijazah wapres tdk dibahas om;ijazah wapres bahas;Negatif;0;36;3
EEmfTnEhVJ0;Video 1;" @user  dan program ini juga ga boleh ada yg pro menurut beberapa ""okmum"", ah pusing kali masyarakat negeri ini";570;dan program ini juga ga boleh ada yg pro menurut beberapa okmum ah pusing kali masyarakat negeri ini;program pro okmum ah pusing masyarakat negeri;Netral;1;100;7
za8EqDmgeiM;Video 3;Polres didaerah saya cari karyawan untuk dapur MBG;0;polres didaerah saya cari karyawan untuk dapur mbg;polres daerah cari karyawan dapur mbg;Netral;1;50;6
za8EqDmgeiM;Video 3;Pemerintah harus mendirikan lembaga independent pengawas mbg sih, dari segi kelayakan makanan, pengadaan bahan baku sampai aliran dana nya;0;pemerintah harus mendirikan lembaga independent pengawas mbg sih dari segi kelayakan makanan pengadaan bahan baku sampai aliran dana nya;perintah diri lembaga independent awas mbg segi layak makan ada bahan baku alir dana;Netral;1;136;14
a2WXt0aW76g;Video 4;Program yg paling mendesak di Indonesia ini  adalah perang total terhadap korupsi.;0;program yg paling mendesak di indonesia ini adalah perang total terhadap korupsi;program desak indonesia perang total korupsi;Negatif;0;80;6
za8EqDmgeiM;Video 3;lebih penting tanggung jawab sosialmu mas ded drpd jabatanmu... netizen lebih menghormati kamu sbg pembela kebenaran dan keadilan drpd sekedar pangkat yg gajinya sja lebih besar penghasilan mu sbg pembela netizen.;30;lebih penting tanggung jawab sosialmu mas ded drpd jabatanmu netizen lebih menghormati kamu sbg pembela kebenaran dan keadilan drpd sekedar pangkat yg gajinya sja lebih besar penghasilan mu sbg pembela netizen;tanggung sosial drpd jabat netizen hormat sbg bela benar adil drpd dar pangkat gaji sja hasil mu sbg bela netizen;Netral;1;209;20
a2WXt0aW76g;Video 4;Yg memilih presiden Prabowo dan mas Gibran ini 58%, jadi yg menikmati proyek proyeknya tentu kroni  58% rakyat pemilih, no debat, blt bansos sdh disebar disaat pilpres, sesuai misi visi pak Jokowi dan pak Prabowo;0;yg memilih presiden prabowo dan mas gibran ini jadi yg menikmati proyek proyeknya tentu kroni rakyat pemilih no debat blt bansos sdh disebar disaat pilpres sesuai misi visi pak jokowi dan pak prabowo;pilih presiden prabowo gibran nikmat proyek proyek kroni rakyat pilih no debat blt bansos sebar saat pilpres sesuai misi visi jokowi prabowo;Positif;2;199;22
a2WXt0aW76g;Video 4;"MBG : Mafia Bancakan Group.
Saham Mayoritas dimiliki WNI dengan holding 58,52%
Semoga semakin bertambah agar negara menjadi untung, tung, tung...
??????";0;mbg mafia bancakan group saham mayoritas dimiliki wni dengan holding semoga semakin bertambah agar negara menjadi untung tung tung;mbg mafia bancak group saham mayoritas milik wni holding moga tambah negara untung tung tung;Negatif;0;130;15
a2WXt0aW76g;Video 4;Kalo mbg ini ada 3 org anak bersaudara yang sekolahnya sama, maka diselingi ya kadang si a dapet dan 2nya kaga dan seterusnya, masalahnya ponakan saya seperti itu di sekolahnya.;0;kalo mbg ini ada org anak bersaudara yang sekolahnya sama maka diselingi ya kadang si a dapet dan nya kaga dan seterusnya masalahnya ponakan saya seperti itu di sekolahnya;mbg anak saudara sekolah ling kadang si dapet kaga ponakan sekolah;Negatif;0;171;11
rrTT_3KwcSs;Video 2;Sbenernya program ini gaperlu digede gedein atau diramaikan,,, karna anak kecil itu dikasi nasi bungkus jg seneng, klo masalah enak ga enak atau keracunan, dri dulu jg udh ada yg begitu ktika ada gratisan dan bahkan sbelum ada program.....bahkan dikasi mcdonal pun ada jg yg bermasalah di lain tempat;0;sbenernya program ini gaperlu digede gedein atau diramaikan karna anak kecil itu dikasi nasi bungkus jg seneng klo masalah enak ga enak atau keracunan dri dulu jg udh ada yg begitu ktika ada gratisan dan bahkan sbelum ada program bahkan dikasi mcdonal pun ada jg yg bermasalah di lain tempat;sbenernya program gaperlu gede gedein ramai anak kasi nasi bungkus neng racun dri ktika gratis sbelum program kasi mcdonal masalah;Netral;1;291;20
a2WXt0aW76g;Video 4;Saya dukung tempo ????;10;saya dukung tempo;dukung tempo;Negatif;0;17;2
rrTT_3KwcSs;Video 2;teori saya di program makan siang gratis adalah, karena makan siang gratis ini sangat sangat mahal dan boncos maka ini akan membuat pemerintah tertekan, dalam artian butuh uang yang lebih lagi, jadi akan harus menekan bagian lain, maka, pemerintah punya 2 pilihan, menekan masyarakat (keinginan musuh politik prabowo, agar terlihat prabowo jahat, mereka sebaliknya) atau pemerintah menekan keatas (dalam artian, memotong dana sana sini, atau membuat instansi berjalan lebih efisien, yang sebagaimana kita tahu, dana untuk salah satu instansi itu SANGAT tinggi, tapi hasil nya 0 cendrung minus), semoga saja pemerintah bisa menimbang keputusan terbaik agar program yang bagus ini bisa berjalan, apalagi kami orang kecil sangat terbantu dengan pengadaan makan dan gratis ini, bener kata bg pandji, ada orang yang sesusah itu buat makan, saya saksi matanya, beneran ada dan banyak.;10;teori saya di program makan siang gratis adalah karena makan siang gratis ini sangat sangat mahal dan boncos maka ini akan membuat pemerintah tertekan dalam artian butuh uang yang lebih lagi jadi akan harus menekan bagian lain maka pemerintah punya pilihan menekan masyarakat keinginan musuh politik prabowo agar terlihat prabowo jahat mereka sebaliknya atau pemerintah menekan keatas dalam artian memotong dana sana sini atau membuat instansi berjalan lebih efisien yang sebagaimana kita tahu dana untuk salah satu instansi itu sangat tinggi tapi hasil nya cendrung minus semoga saja pemerintah bisa menimbang keputusan terbaik agar program yang bagus ini bisa berjalan apalagi kami orang kecil sangat terbantu dengan pengadaan makan dan gratis ini bener kata bg pandji ada orang yang sesusah itu buat makan saya saksi matanya beneran ada dan banyak;teori program makan siang gratis makan siang gratis mahal boncos perintah tekan arti butuh uang tekan perintah pilih tekan masyarakat musuh politik prabowo prabowo jahat perintah tekan atas arti potong dana instansi jalan efisien dana salah instansi tinggi hasil cendrung minus moga perintah timbang putus baik program bagus jalan bantu ada makan gratis bener susah makan saksi mata beneran;Positif;2;850;59
rrTT_3KwcSs;Video 2;Kan emang backgroubd kuliah pandji disono..dan emang mau anak²nya sekolah disono bkn cari aman..;0;kan emang backgroubd kuliah pandji disono dan emang mau anaknya sekolah disono bkn cari aman;backgroubd kuliah sono anak sekolah sono bkn cari aman;Negatif;0;92;9
a2WXt0aW76g;Video 4;Semua yang tempodotco  temukan  sebernarnya masyarakat sdh perkirakan akan terjadi, dan ternyata terbukti.;0;semua yang tempodotco temukan sebernarnya masyarakat sdh perkirakan akan terjadi dan ternyata terbukti;tempodotco temu sebernarnya masyarakat kira bukti;Netral;1;102;6
v2QNDjfDrL8;Video 5;"Itu minyak goreng smpai item 
Bisa bhaya buat ank²";0;itu minyak goreng smpai item bisa bhaya buat ank;minyak goreng smpai item bhaya ank;Netral;1;48;6
a2WXt0aW76g;Video 4;sekarang udah nggak ada berita yg mengangetkan lagi;0;sekarang udah nggak ada berita yg mengangetkan lagi;berita mengangetkan;Negatif;0;51;2
EEmfTnEhVJ0;Video 1;Sebetulnya makan gratis sudah dijalankan di sekolah2 luar negeri… idenya baik selama penerapannya benar kalo penerapannya salah alias dimonopoli oleh pihak2 tertentu alias dimonopoli dan dikorupsi ini ya salah… anak2 yg mengkonsumsi jadi bila mereka yang mengkritik ya tidak apa2 krn bahkan perusahaan selalu memberikan kusioner review demi menjaga kualitas produk ato pelayanannya…. Dedi berpendapat jg sebetulnya tidak apa2 yg jd masalah adalah dia menyerang anak2 sebagai bagian dr konsumen langsung… sehingga seharusnya ikut mendukung dan ikut mengecek apakah kritik itu benar ato tidak bukan hanya ngomong….;0;sebetulnya makan gratis sudah dijalankan di sekolah luar negeri idenya baik selama penerapannya benar kalo penerapannya salah alias dimonopoli oleh pihak tertentu alias dimonopoli dan dikorupsi ini ya salah anak yg mengkonsumsi jadi bila mereka yang mengkritik ya tidak apa krn bahkan perusahaan selalu memberikan kusioner review demi menjaga kualitas produk ato pelayanannya dedi berpendapat jg sebetulnya tidak apa yg jd masalah adalah dia menyerang anak sebagai bagian dr konsumen langsung sehingga seharusnya ikut mendukung dan ikut mengecek apakah kritik itu benar ato tidak bukan hanya ngomong;makan gratis jalan sekolah negeri ide terap terap salah alias monopoli alias monopoli korupsi salah anak konsumsi kritik usaha kusioner review jaga kualitas produk ato layan dedi dapat serang anak konsumen dukung ecek kritik ato ngomong;Negatif;0;599;36
a2WXt0aW76g;Video 4;x ini saya setuju dgn anda min. program bagus, hanya kroni kroni nya ini yg  menghancurkan program itu sendiri. ??;0;x ini saya setuju dgn anda min program bagus hanya kroni kroni nya ini yg menghancurkan program itu sendiri;tuju min program bagus kroni kroni hancur program;Negatif;0;107;8
za8EqDmgeiM;Video 3;Pak Deddy, berkali-kali saya sampaikan jangan terlalu sering memotong pembicaraan Narsum, kalau mau bicara terus ya rekam saja dirimu sendiri dan bebas mau bahas apa seperti ketika anda bereaksi terhadap anak-anak yg mengkritik rasa makanan dari program MBG yg tak enak.;0;pak deddy berkali kali saya sampaikan jangan terlalu sering memotong pembicaraan narsum kalau mau bicara terus ya rekam saja dirimu sendiri dan bebas mau bahas apa seperti ketika anda bereaksi terhadap anak anak yg mengkritik rasa makanan dari program mbg yg tak enak;kali potong bicara narsum bicara rekam diri bebas bahas reaksi anak anak kritik makan program mbg;Negatif;0;267;16
rrTT_3KwcSs;Video 2; @user  benar mba, ga bisa bergantung 100% karena balik lagi anak tanggung jawab ortu. Sekolah dan pemerintah bantu andil saja. Setidaknya anak-anak perutnya tidak kosong;10;benar mba ga bisa bergantung karena balik lagi anak tanggung jawab ortu sekolah dan pemerintah bantu andil saja setidaknya anak anak perutnya tidak kosong;gantung anak tanggung ortu sekolah perintah bantu andil anak anak perut kosong;Positif;2;154;12
za8EqDmgeiM;Video 3; @user  bukan melas2 ya.. bang ferry justru memanfaatkan mumpung diundang sm yg subscbr nya gede bang ferry bisa menyampaikan kebenaran, kritik dan nonjok DC smp teringkuk2 badannya yg berotot itu apalgi beliau yakin ini ditonton presiden. Orang seberilmu spt bang Ferry ga akan iri sm hal2 cemen cuman gr2 subscbr, ga level buat dia.;20;bukan melas ya bang ferry justru memanfaatkan mumpung diundang sm yg subscbr nya gede bang ferry bisa menyampaikan kebenaran kritik dan nonjok dc smp teringkuk badannya yg berotot itu apalgi beliau yakin ini ditonton presiden orang seberilmu spt bang ferry ga akan iri sm hal cemen cuman gr subscbr ga level buat dia;melas manfaat mumpung undang subscbr gede benar kritik nonjok dc smp ringkuk badan otot apalgi beliau tonton presiden beril spt iri cemen cuman gr subscbr level;Positif;2;316;26
a2WXt0aW76g;Video 4;apakah ini proyek balas budi pak Presiden, jika seperti itu semoga hanya setahun;0;apakah ini proyek balas budi pak presiden jika seperti itu semoga hanya setahun;proyek balas budi presiden moga tahun;Negatif;0;79;6
za8EqDmgeiM;Video 3;"Mari kita evaluasi: MBG yg katanya bergizi , siapa yg sehat anak anak atau penyelenggara ?
Siapa yg keracunan anak anak atau panitia ?";0;mari kita evaluasi mbg yg katanya bergizi siapa yg sehat anak anak atau penyelenggara siapa yg keracunan anak anak atau panitia;mari evaluasi mbg gizi sehat anak anak selenggara racun anak anak panitia;Netral;1;127;12
a2WXt0aW76g;Video 4;Mantap tempo. Langganan tahun ini saya perpanjang. Selain informatif, tempo sukses bikin buzzerp, ternak dan majikannya kejet-kejet tertampar fakta yg selalu disangkal ??;0;mantap tempo langganan tahun ini saya perpanjang selain informatif tempo sukses bikin buzzerp ternak dan majikannya kejet kejet tertampar fakta yg selalu disangkal;mantap tempo langgan tahun panjang informatif tempo sukses bikin buzzerp ternak majikan jet jet tampar fakta sangkal;Netral;1;163;17
rrTT_3KwcSs;Video 2;"Bertahap bro, ini negara gede, pasti butuh waktu yg lama buat ngejangkau daerah"" tertentu";0;bertahap bro ini negara gede pasti butuh waktu yg lama buat ngejangkau daerah tertentu;tahap negara gede butuh waktu ngejangkau daerah;Positif;2;86;7
rrTT_3KwcSs;Video 2;Wkkw siapa orang yg punya prestasi buat bangsa sebutin? Harus berprestasi dulu yah baru boleh kritik? Pemerintah itu digaji dari pajak rakyat , program pemerintah juga pakai pajak? Lah ga boleh di  komplain......;30;wkkw siapa orang yg punya prestasi buat bangsa sebutin harus berprestasi dulu yah baru boleh kritik pemerintah itu digaji dari pajak rakyat program pemerintah juga pakai pajak lah ga boleh di komplain;wkkw prestasi bangsa sebutin prestasi yah kritik perintah gaji pajak rakyat program perintah pakai pajak komplain;Netral;1;200;16
a2WXt0aW76g;Video 4;Semoga TEMPO ini panjang umur bersama para stafnya....amiinnm....;0;semoga tempo ini panjang umur bersama para stafnya amiinnm;moga tempo umur staf amiinnm;Positif;2;58;5
za8EqDmgeiM;Video 3;bukan masalah dana tapi backing dibelakangnya yg kuat;0;bukan masalah dana tapi backing dibelakangnya yg kuat;dana backing belakang kuat;Negatif;0;53;4
a2WXt0aW76g;Video 4;Siapa yg setuju kalo KIM JONG UN jadi presiden Indonesia saja?;750;siapa yg setuju kalo kim jong un jadi presiden indonesia saja;tuju kim jong un presiden indonesia;Netral;1;61;6
za8EqDmgeiM;Video 3;Narasumber yg cerdas.;0;narasumber yg cerdas;narasumber cerdas;Positif;2;20;2
za8EqDmgeiM;Video 3;Saya punya anak SMK boleh gak kalau anak saya saya suruh gak makan MBG saya masih bisa menyediakan makan dari rumah....? Saya iklas jatah makanan buat anak saya di kasih kepada yg membutuhkan.....;0;saya punya anak smk boleh gak kalau anak saya saya suruh gak makan mbg saya masih bisa menyediakan makan dari rumah saya iklas jatah makanan buat anak saya di kasih kepada yg membutuhkan;anak smk anak suruh makan mbg sedia makan rumah iklas jatah makan anak kasih butuh;Negatif;0;186;15
EEmfTnEhVJ0;Video 1;Setuju dengan ide adanya pilot project dengan skala dan ruang lingkup yang kecil, akan lebih memudahkan proyek/program MBG untuk berhasil, setelah itu bisa diperbesar skalanya/diperluas ruang lingkupnya dan dimultiplikasi ke daerah lain. Berdasarkan pengalaman pilot project tersebut, lahirlah sebuah guidelines/panduan yang menjadi acuan tata cara pemilihan vendor, prosedur pelaksanaan, standard kualitas, standard keamanan,  prosedur pengawasan, prosedur pelaporan, dan ukuran keberhasilannya. Dengan adanya guideline tersebut, seluruh daerah lainnya bisa melaksanakan program MBG dengan standard minimum yang sama (tidak perlu terlalu banyak trial and error).;0;setuju dengan ide adanya pilot project dengan skala dan ruang lingkup yang kecil akan lebih memudahkan proyek program mbg untuk berhasil setelah itu bisa diperbesar skalanya diperluas ruang lingkupnya dan dimultiplikasi ke daerah lain berdasarkan pengalaman pilot project tersebut lahirlah sebuah guidelines panduan yang menjadi acuan tata cara pemilihan vendor prosedur pelaksanaan standard kualitas standard keamanan prosedur pengawasan prosedur pelaporan dan ukuran keberhasilannya dengan adanya guideline tersebut seluruh daerah lainnya bisa melaksanakan program mbg dengan standard minimum yang sama tidak perlu terlalu banyak trial and error;tuju ide pilot project skala ruang lingkup mudah proyek program mbg hasil besar skala luas ruang lingkup multiplikasi daerah dasar alam pilot project lahir guidelines pandu acu tata pilih vendor prosedur laksana standard kualitas standard aman prosedur awas prosedur lapor ukur hasil guideline daerah laksana program mbg standard minimum trial and error;Positif;2;647;52
a2WXt0aW76g;Video 4;"Yuk pak kita revisi programnya, ya memang Stunting ancaman yang menyedihkan bagi keluarga yang hidup di Negara Merdeka, tabi bukan serta merta diberi Makan bergizi gratis yang terpusat, terimakasih media Tempo telah membantu pemerintah melakukan investigasi fakta, semoga pak presiden dan jajarannya dapat menyimak dan introspeksi diri. please lihat media seperti TEMPO sebagai fungsi kontrol yang ideal. 


Program Makan Bergizi Gratis (MBG) sebaiknya dicoba untuk di evaluasi ulang. Anggarannya yang sangat besar, hingga Rp70–100 triliun, justru berisiko tidak efisien dan membuka celah konflik kepentingan.

Solusi yang lebih tepat adalah mengalihkan dana MBG ke program penanganan stunting yang terintegrasi dengan penguatan ekonomi keluarga anak yang terancam stunting.

Pertama, intervensi hanya difokuskan pada kabupaten/kota dengan tingkat stunting tinggi, berdasarkan data yang dikumpulkan dan divalidasi oleh Puskesmas. Puskesmas menjadi garda depan dalam pemetaan kasus, edukasi gizi, dan distribusi suplemen mikro seperti tablet zat besi dan vitamin A.

Kedua, anak-anak yang terancam stunting tetap menerima intervensi langsung berupa suplemen gizi dan edukasi pola makan sehat berbasis bahan lokal murah (seperti kelor, tempe, ikan lokal), melalui Posyandu dan Puskesmas.

Ketiga, keluarga dari anak-anak yang teridentifikasi berisiko stunting mendapatkan dukungan ekonomi melalui pelatihan kerja dan bantuan usaha mikro. Dana yang sebelumnya untuk proyek makanan massal dialihkan untuk membiayai pelatihan keterampilan di Balai Latihan Kerja, bantuan peralatan usaha, atau akses permodalan melalui dinas terkait.

Dengan pendekatan ini, anak diselamatkan melalui gizi langsung, dan keluarganya diperkuat secara ekonomi agar mandiri dalam pemenuhan kebutuhan pangan bergizi. Ini menciptakan efek jangka panjang: bukan hanya sekadar pemberian makanan sesaat, tapi peningkatan kualitas hidup keluarga secara menyeluruh.

Sebagai gambaran kinerja, program ini dapat mendorong:

Penurunan angka stunting hingga 3–5% per tahun di wilayah sasaran prioritas.

Terciptanya minimal 100.000 unit usaha mikro baru di bidang keterampilan produktif rumah tangga.

Pelatihan kerja bagi lebih dari 500.000 orang tua dari keluarga berisiko stunting dalam 3 tahun pertama.

sekian komentar gedabrus saya yang terpaksa saya curhatkan ke AI dan dibantu merangkum untuk dituliskan disini, semoga ada para ahli yang lebih kritis dan taktis yang bisa membenahi kondisi bangsaku.";0;yuk pak kita revisi programnya ya memang stunting ancaman yang menyedihkan bagi keluarga yang hidup di negara merdeka tabi bukan serta merta diberi makan bergizi gratis yang terpusat terimakasih media tempo telah membantu pemerintah melakukan investigasi fakta semoga pak presiden dan jajarannya dapat menyimak dan introspeksi diri please lihat media seperti tempo sebagai fungsi kontrol yang ideal program makan bergizi gratis mbg sebaiknya dicoba untuk di evaluasi ulang anggarannya yang sangat besar hingga rp triliun justru berisiko tidak efisien dan membuka celah konflik kepentingan solusi yang lebih tepat adalah mengalihkan dana mbg ke program penanganan stunting yang terintegrasi dengan penguatan ekonomi keluarga anak yang terancam stunting pertama intervensi hanya difokuskan pada kabupaten kota dengan tingkat stunting tinggi berdasarkan data yang dikumpulkan dan divalidasi oleh puskesmas puskesmas menjadi garda depan dalam pemetaan kasus edukasi gizi dan distribusi suplemen mikro seperti tablet zat besi dan vitamin a kedua anak anak yang terancam stunting tetap menerima intervensi langsung berupa suplemen gizi dan edukasi pola makan sehat berbasis bahan lokal murah seperti kelor tempe ikan lokal melalui posyandu dan puskesmas ketiga keluarga dari anak anak yang teridentifikasi berisiko stunting mendapatkan dukungan ekonomi melalui pelatihan kerja dan bantuan usaha mikro dana yang sebelumnya untuk proyek makanan massal dialihkan untuk membiayai pelatihan keterampilan di balai latihan kerja bantuan peralatan usaha atau akses permodalan melalui dinas terkait dengan pendekatan ini anak diselamatkan melalui gizi langsung dan keluarganya diperkuat secara ekonomi agar mandiri dalam pemenuhan kebutuhan pangan bergizi ini menciptakan efek jangka panjang bukan hanya sekadar pemberian makanan sesaat tapi peningkatan kualitas hidup keluarga secara menyeluruh sebagai gambaran kinerja program ini dapat mendorong penurunan angka stunting hingga per tahun di wilayah sasaran prioritas terciptanya minimal unit usaha mikro baru di bidang keterampilan produktif rumah tangga pelatihan kerja bagi lebih dari orang tua dari keluarga berisiko stunting dalam tahun pertama sekian komentar gedabrus saya yang terpaksa saya curhatkan ke ai dan dibantu merangkum untuk dituliskan disini semoga ada para ahli yang lebih kritis dan taktis yang bisa membenahi kondisi bangsaku;yuk revisi program stunting ancam sedih keluarga hidup negara merdeka tabi merta makan gizi gratis pusat terimakasih media tempo bantu perintah investigasi fakta moga presiden jajar simak introspeksi please media tempo fungsi kontrol ideal program makan gizi gratis mbg coba evaluasi ulang anggar rp triliun risiko efisien buka celah konflik penting solusi alih dana mbg program tangan stunting integrasi kuat ekonomi keluarga anak ancam stunting intervensi fokus kabupaten kota tingkat stunting tinggi dasar data kumpul divalidasi puskesmas puskesmas garda meta edukasi gizi distribusi suplemen mikro tablet zat besi vitamin anak anak ancam stunting terima intervensi suplemen gizi edukasi pola makan sehat bas bahan lokal murah kelor tempe ikan lokal posyandu puskesmas tiga keluarga anak anak identifikasi risiko stunting dukung ekonomi latih bantu usaha mikro dana proyek makan massal alih biaya latih terampil balai latih bantu alat usaha akses modal dinas kait dekat anak selamat gizi keluarga kuat ekonomi mandiri penuh butuh pangan gizi cipta efek jangka beri makan tingkat kualitas hidup keluarga gambar kerja program dorong turun angka stunting tahun wilayah sasar prioritas cipta minimal unit usaha mikro bidang terampil produktif rumah tangga latih tua keluarga risiko stunting tahun sekian komentar gedabrus paksa curhatkan ai bantu rangkum tulis moga ahli kritis taktis benah kondisi bangsa;Negatif;0;2384;205
a2WXt0aW76g;Video 4;Mulyono sdg ngatur abis ini dia bisa nyalon lagi jd presiden dg wakilnya anaknya , mentrinya anaknya , ketua KPK nya mantunya dan jaksa agungnya Adik ipar;10;mulyono sdg ngatur abis ini dia bisa nyalon lagi jd presiden dg wakilnya anaknya mentrinya anaknya ketua kpk nya mantunya dan jaksa agungnya adik ipar;mulyono sdg ngatur abis nyalon presiden wakil anak tri anak ketua kpk mantu jaksa agung adik ipar;Negatif;0;150;17
za8EqDmgeiM;Video 3;Adik adik kita yang telah keracunan makanan tetap harus di pantau terus keberadaannya agar supaya kesehatan anak anak kita tetap sehat di kemudian hari. Kita prihatin klau anak2 kita ini dikemudian hari kesehatan mereka bermasalah;0;adik adik kita yang telah keracunan makanan tetap harus di pantau terus keberadaannya agar supaya kesehatan anak anak kita tetap sehat di kemudian hari kita prihatin klau anak kita ini dikemudian hari kesehatan mereka bermasalah;adik adik racun makan pantau ada sehat anak anak sehat prihatin klau anak kemudi sehat masalah;Negatif;0;228;16
za8EqDmgeiM;Video 3;Boleh usul gak ? Program MBG kenapa gak di salurkan ke sekolah ? Yg dimana sudah jelas ada data siswa berapa banyak, daripada  bikin dapur dulu. Manfaatkan fasilitas kantin sekolah yg jelas ada, sehingga jelas kantin tersebut melayani berapa siswa. Minimal pakai uang negara itu bisa di pertanggung jawabkan dengan data siswa yg menerima MBG ini.;0;boleh usul gak program mbg kenapa gak di salurkan ke sekolah yg dimana sudah jelas ada data siswa berapa banyak daripada bikin dapur dulu manfaatkan fasilitas kantin sekolah yg jelas ada sehingga jelas kantin tersebut melayani berapa siswa minimal pakai uang negara itu bisa di pertanggung jawabkan dengan data siswa yg menerima mbg ini;usul program mbg salur sekolah mana data siswa bikin dapur manfaat fasilitas kantin sekolah kantin layan siswa minimal pakai uang negara tanggung jawab data siswa terima mbg;Positif;2;336;27
a2WXt0aW76g;Video 4;Sehat sehat selalu jurnalis independen indonesia TEMPO;0;sehat sehat selalu jurnalis independen indonesia tempo;sehat sehat jurnalis independen indonesia tempo;Netral;1;54;6
EEmfTnEhVJ0;Video 1;"Setuju... Masalah di kita itu kalo ""satu kubu"" itu harus selalu satu suara, gaboleh beda suara, gaboleh beda pandangan.
Yang ""kontra"" harus selalu mebenci, yang ""pro"" harus selalu menjilat.";20;setuju masalah di kita itu kalo satu kubu itu harus selalu satu suara gaboleh beda suara gaboleh beda pandangan yang kontra harus selalu mebenci yang pro harus selalu menjilat;tuju kubu suara gaboleh beda suara gaboleh beda pandang kontra mebenci pro jilat;Netral;1;175;13
EEmfTnEhVJ0;Video 1;gw malah setuju idenya pak Ahok yang memberdayakan anak2 yang sekolah perhotelan atau sekolah kuliner buat nyiapin makan gratis, sekalian mereka kerja praktek, malah bisa ga perlu bayar upah dan budget 10k bisa bener2 di totalin dalam wujud makanan. kalo dipasrahin vendor pastilah budget 10k dipotong buat upah karyawan & distribusi.;10;gw malah setuju idenya pak ahok yang memberdayakan anak yang sekolah perhotelan atau sekolah kuliner buat nyiapin makan gratis sekalian mereka kerja praktek malah bisa ga perlu bayar upah dan budget k bisa bener di totalin dalam wujud makanan kalo dipasrahin vendor pastilah budget k dipotong buat upah karyawan distribusi;gw tuju ide ahok daya anak sekolah hotel sekolah kuliner nyiapin makan gratis praktek bayar upah budget bener totalin wujud makan dipasrahin vendor budget potong upah karyawan distribusi;Positif;2;322;28
za8EqDmgeiM;Video 3;kalo 1 orang ke restoran terus sakit perut, bisa aja itu kebetulan, atau memang 1 orang itu kurang fit, tapi misal ke restoran satu keluarga sakit perut, udah pasti tu masakan bermasalah dan restorannya harus tanggung jawab, nah ini MASAL, jumlah banyak, satu kelas, gak mungkin cuman kebetulan atau karna alergi.;60;kalo orang ke restoran terus sakit perut bisa aja itu kebetulan atau memang orang itu kurang fit tapi misal ke restoran satu keluarga sakit perut udah pasti tu masakan bermasalah dan restorannya harus tanggung jawab nah ini masal jumlah banyak satu kelas gak mungkin cuman kebetulan atau karna alergi;restoran sakit perut fit restoran keluarga sakit perut tu masakan masalah restoran tanggung masal kelas cuman alergi;Negatif;0;300;17
EEmfTnEhVJ0;Video 1;Selama peruntukannya tepat ya tdk masalah bukan menjadikan program lain tdk dibutuhkan, mungkin mereka yg berada di menengah keatas mengatakan tdk pentinglah, tempat bisnis koruplah,apalah tapi untuk menengah kebawah pasti ini merupakan salah satu program yg baik untuk mereka,  tentu saja fokus utama dalam pendidikan bukan cuma itu, masih banyak yg perlu ditambah dan dibenahi seperti fasilitas,guru, materi pembelajaran dll.;0;selama peruntukannya tepat ya tdk masalah bukan menjadikan program lain tdk dibutuhkan mungkin mereka yg berada di menengah keatas mengatakan tdk pentinglah tempat bisnis koruplah apalah tapi untuk menengah kebawah pasti ini merupakan salah satu program yg baik untuk mereka tentu saja fokus utama dalam pendidikan bukan cuma itu masih banyak yg perlu ditambah dan dibenahi seperti fasilitas guru materi pembelajaran dll;untuk jadi program butuh tengah atas penting bisnis korup apa tengah bawah salah program fokus utama didik tambah benah fasilitas guru materi ajar dll;Positif;2;420;24
a2WXt0aW76g;Video 4;TEMPO HARUS TETAP LUGAS TERPERCAYA DI DUNIA JURNALISNYA;0;tempo harus tetap lugas terpercaya di dunia jurnalisnya;tempo lugas percaya dunia jurnalis;Positif;2;55;5
a2WXt0aW76g;Video 4;bisa ga si jadi presiden.;0;bisa ga si jadi presiden;si presiden;Netral;1;24;2
rrTT_3KwcSs;Video 2;"Sorry to say kalo gw berbeda pendapat sama lu bang.
Gw setuju makan siang gratis untuk siswa KALO.....sistem pendidikan kita udah baik. Kurikulum udah bagus gak berubah-ubah. Guru udah sejahtera. Bangunan sekolah udah bagus.
Lu bisa bilang makan siang di sekolah ngebantu kedua anak lu karena lu udah memastikan sekolah anak lu bagus bang.
Kalo misal disuruh milih nih bang, lu prefer nyekolahin anak lu di sekolah bagus tapi gak ada makan siang gratisnya or di sekolah kurang bagus tapi ada makan siang gratisnya?


Dan balik lagi ke tujuan awalnya, kalo memang niat-nya mengurangi angka stunting, akan lebih baik dana-nya dialokasikan buat para ibu hamil dan ibu menyusui. Mungkin dengan dibantu dari asupan makan-nya, vitamin-vitamin-nya, hingga akses ke fasilitas kesehatannya.";140;sorry to say kalo gw berbeda pendapat sama lu bang gw setuju makan siang gratis untuk siswa kalo sistem pendidikan kita udah baik kurikulum udah bagus gak berubah ubah guru udah sejahtera bangunan sekolah udah bagus lu bisa bilang makan siang di sekolah ngebantu kedua anak lu karena lu udah memastikan sekolah anak lu bagus bang kalo misal disuruh milih nih bang lu prefer nyekolahin anak lu di sekolah bagus tapi gak ada makan siang gratisnya or di sekolah kurang bagus tapi ada makan siang gratisnya dan balik lagi ke tujuan awalnya kalo memang niat nya mengurangi angka stunting akan lebih baik dana nya dialokasikan buat para ibu hamil dan ibu menyusui mungkin dengan dibantu dari asupan makan nya vitamin vitamin nya hingga akses ke fasilitas kesehatannya;sorry to say gw beda dapat lu gw tuju makan siang gratis siswa sistem didik kurikulum bagus ubah ubah guru sejahtera bangun sekolah bagus lu makan siang sekolah ngebantu anak lu lu sekolah anak lu bagus suruh milih lu prefer nyekolahin anak lu sekolah bagus makan siang gratis or sekolah bagus makan siang gratis tuju niat kurang angka stunting dana alokasi hamil susu bantu asupan makan vitamin vitamin akses fasilitas sehat;Positif;2;761;71
a2WXt0aW76g;Video 4;jaga kesehatan & keselamatan ya tim BAP;20;jaga kesehatan keselamatan ya tim bap;jaga sehat selamat tim bap;Netral;1;37;5
za8EqDmgeiM;Video 3;satu2nya media pemerintah/bajer yg berani ngajak diskusi oposisi tentang substansi kebijakan;0;satu nya media pemerintah bajer yg berani ngajak diskusi oposisi tentang substansi kebijakan;media perintah bajer berani ngajak diskusi oposisi substansi bijak;Netral;1;92;9
a2WXt0aW76g;Video 4;Pak Ahok sdh pernah bilang, berikan aja sama org tua siswa uang utk membeli mkn bergizi....;0;pak ahok sdh pernah bilang berikan aja sama org tua siswa uang utk membeli mkn bergizi;ahok tua siswa uang beli mkn gizi;Positif;2;86;7
a2WXt0aW76g;Video 4;Masing masing rezim kasih makan ternaknya dgn berbagai proyek.;0;masing masing rezim kasih makan ternaknya dgn berbagai proyek;rezim kasih makan ternak proyek;Negatif;0;61;5
EEmfTnEhVJ0;Video 1;bang.. anak aku br 1 yg dpt mgb..tp itu ngaruh bgt ke uang blanja..krn biasanya anak aku bekal..mgb menuny tiap hari bagus..malah lbh bagus nilai giziny dr bekalku..yg g doyan itu tmn2 anakku yg biasany g mau bekal mauny jajan micin????..mrk g doyan sayurlah.. udah beda lidah;0;bang anak aku br yg dpt mgb tp itu ngaruh bgt ke uang blanja krn biasanya anak aku bekal mgb menuny tiap hari bagus malah lbh bagus nilai giziny dr bekalku yg g doyan itu tmn anakku yg biasany g mau bekal mauny jajan micin mrk g doyan sayurlah udah beda lidah;anak br dpt mgb ngaruh banget uang blanja anak bekal mgb menuny bagus lbh bagus nilai giziny bekal doyan tmn anak biasany bekal mauny jajan micin mrk doyan sayur beda lidah;Positif;2;259;31
rrTT_3KwcSs;Video 2;Seharusnya tidak semahal itu sebenarnya asal TIDAK DIKORUPSI, kenapa? Karena duit APBN yg dikeluarkan itu juga akan berputar di dalam negeri. Negara beli makanan dr UMKM, nah umkm dapat untung>daya beli meningkat>sektor lain juga bisa terangkat>pajak penghasilan negara jg bs naik yg nantinya diputer lg jd APBN. Belum lagi ketika rakyat yg dpt MBG jd bs lbh hemat dan jd lbh sejahtera. Tp ya itu pengawasannya yg susah;0;seharusnya tidak semahal itu sebenarnya asal tidak dikorupsi kenapa karena duit apbn yg dikeluarkan itu juga akan berputar di dalam negeri negara beli makanan dr umkm nah umkm dapat untung daya beli meningkat sektor lain juga bisa terangkat pajak penghasilan negara jg bs naik yg nantinya diputer lg jd apbn belum lagi ketika rakyat yg dpt mbg jd bs lbh hemat dan jd lbh sejahtera tp ya itu pengawasannya yg susah;mahal korupsi duit apbn keluar putar negeri negara beli makan umkm umkm untung daya beli tingkat sektor angkat pajak hasil negara puter lg apbn rakyat dpt mbg lbh hemat lbh sejahtera awas susah;Positif;0;413;33
za8EqDmgeiM;Video 3;Saya sbgai karyawan kebersihan di salah 1 sekolahan sering menemukan makanan MBG yg terbuang sia2 ,semoga kedepannya lebih direncanakan lebih baik;10;saya sbgai karyawan kebersihan di salah sekolahan sering menemukan makanan mbg yg terbuang sia semoga kedepannya lebih direncanakan lebih baik;sbgai karyawan bersih salah sekolah temu makan mbg buang sia moga depan rencana;Positif;2;142;13
za8EqDmgeiM;Video 3;"Harusnya judulnya ""Nasihat untukmu Dedi""";0;harusnya judulnya nasihat untukmu dedi;judul nasihat untuk dedi;Netral;1;38;4
a2WXt0aW76g;Video 4;Media peliharaan asing (georgesoros);0;media peliharaan asing georgesoros;media pelihara asing georgesoros;Netral;1;34;4
rrTT_3KwcSs;Video 2;"Rilis banggggg, kasi ""Tutorial Membela Makan Bergizi"" akwoakwokaowk tutor dekkkkkkkkk";0;rilis banggggg kasi tutorial membela makan bergizi akwoakwokaowk tutor dekkkkkkkkk;rilis banggggg kasi tutorial bela makan gizi akwoakwokaowk tutor dekkkkkkkkk;Positif;2;82;10
a2WXt0aW76g;Video 4;Yes hanya “media”TeBeAa ( Tempo Bicor Alus )  yg sesungguh penyambung lidah rakyat . Bravo 86;230;yes hanya mediatebeaa tempo bicor alus yg sesungguh penyambung lidah rakyat bravo;yes mediatebeaa tempo bicor alus sungguh sambung lidah rakyat bravo;Netral;1;81;10
a2WXt0aW76g;Video 4;"Pantesan dapur MBG di daerah pake nama Yayasan itu. Ternyata Yayasan itu adalah ""dinas Badan Gizi Nasional"" di cabang daerah ya. Kebayang duitnya hanya akan muter di mereka-mereka saja...";0;pantesan dapur mbg di daerah pake nama yayasan itu ternyata yayasan itu adalah dinas badan gizi nasional di cabang daerah ya kebayang duitnya hanya akan muter di mereka mereka saja;pantesan dapur mbg daerah pake nama yayasan yayasan dinas badan gizi nasional cabang daerah bayang duit muter;Negatif;0;180;17
a2WXt0aW76g;Video 4;"Masih percaya konoha akan jadi negara maju dan sejahtera???



Mimpi siang bolong!


Lihat, hampir 99% pejabat di Konoha adalah MALING!";0;masih percaya konoha akan jadi negara maju dan sejahtera mimpi siang bolong lihat hampir pejabat di konoha adalah maling;percaya konoha negara maju sejahtera mimpi siang bolong jabat konoha maling;Negatif;0;120;11
za8EqDmgeiM;Video 3;Dan Saat ini Lagi berlangsung Pembangunan Dapur Baru Yang Selanjutnya ??;0;dan saat ini lagi berlangsung pembangunan dapur baru yang selanjutnya;bangun dapur;Positif;2;69;2
za8EqDmgeiM;Video 3;Sesuai Ramalan Jayabaya Presiden Ri yang asli dari jawa alias jawa centris hanya batas ke 7 dan Prabowo Presiden ke 8 (Presiden Transisi) menuju Presiden ke 9 berasal dari Luar Pulau Jawa dan beribukota di IKN Kalimantan. Wslm Satria Piningit keturunan Raja Jawa tinggal di Sumatera, keturunan Pengetan Adipati Arya Negara cucu Wikrama Wardana dari isteri Permaisuri anak Raja Majapahit Hayam Wuruk wslm ReM Plg SS. #;0;sesuai ramalan jayabaya presiden ri yang asli dari jawa alias jawa centris hanya batas ke dan prabowo presiden ke presiden transisi menuju presiden ke berasal dari luar pulau jawa dan beribukota di ikn kalimantan wslm satria piningit keturunan raja jawa tinggal di sumatera keturunan pengetan adipati arya negara cucu wikrama wardana dari isteri permaisuri anak raja majapahit hayam wuruk wslm rem plg ss;sesuai ramal jayabaya presiden ri asli jawa alias jawa centris batas prabowo presiden presiden transisi presiden asal pulau jawa beribukota ikn kalimantan wslm satria pingit turun raja jawa tinggal sumatera turun ketan adipati arya negara cucu wikrama wardana isteri permaisuri anak raja majapahit hayam wuruk wslm rem plg ss;Netral;1;404;49
rrTT_3KwcSs;Video 2;mending uang sebanyak itu digunakan untuk beli buku, beli seragam, tinggal transfer ga perlu repot-repot bikin dapur segala macamnya, soal makan serahkan ke orang tua masing-masing karna masakan ibu pasti jauh lebih enak, tau selera anaknya, ga harus makan ayam tiap hari;10;mending uang sebanyak itu digunakan untuk beli buku beli seragam tinggal transfer ga perlu repot repot bikin dapur segala macamnya soal makan serahkan ke orang tua masing masing karna masakan ibu pasti jauh lebih enak tau selera anaknya ga harus makan ayam tiap hari;mending uang beli buku beli seragam tinggal transfer repot repot bikin dapur macam makan serah tua masakan tau selera anak makan ayam;Negatif;0;266;22
a2WXt0aW76g;Video 4;Proyek??? Profit dong ...??;0;proyek profit dong;proyek profit;Negatif;0;18;2
a2WXt0aW76g;Video 4;anjay daped jatah nieh dari pengadaan pengadaan;10;anjay daped jatah nieh dari pengadaan pengadaan;anjay daped jatah nieh ada ada;Negatif;0;47;6
a2WXt0aW76g;Video 4;Gak ada makan siang gratis. Hari ini Itu bukan hanya pepatah..;0;gak ada makan siang gratis hari ini itu bukan hanya pepatah;makan siang gratis pepatah;Netral;1;59;4
za8EqDmgeiM;Video 3;MBG kasih ke papua katanya di sana kurang makanan kita di jawa Alhamdulilah  masih bisa ngasih makan anak.;30;mbg kasih ke papua katanya di sana kurang makanan kita di jawa alhamdulilah masih bisa ngasih makan anak;mbg kasih papua makan jawa alhamdulilah ngasih makan anak;Positif;2;104;9
EEmfTnEhVJ0;Video 1;Masih nyambung kok. Misalnya masalah keracunan makanan bisa terhindarkan kalau ada yang pengawas hulu ke hilir dari pihak lembaga tinggi negara. Kalau kebijakannya bagus pasti masalah bisa dihindari.;100;masih nyambung kok misalnya masalah keracunan makanan bisa terhindarkan kalau ada yang pengawas hulu ke hilir dari pihak lembaga tinggi negara kalau kebijakannya bagus pasti masalah bisa dihindari;nyambung racun makan hindar awas hulu hilir lembaga tinggi negara bijak bagus hindar;Netral;1;196;13
a2WXt0aW76g;Video 4;"71t Dan ada rencana tambahan 100t, brarti seandainya 171t tiap tahun....
 rasa2nya bisa tu sbenarnya pemerintah gratiskan bea kuliah.
Atau mengentaskan pengangguran dgn Dana segitu tiap th nya.";0;t dan ada rencana tambahan t brarti seandainya t tiap tahun rasa nya bisa tu sbenarnya pemerintah gratiskan bea kuliah atau mengentaskan pengangguran dgn dana segitu tiap th nya;rencana tambah brarti anda tahun tu sbenarnya perintah gratis bea kuliah entas anggur dana segitu th;Negatif;0;177;16
a2WXt0aW76g;Video 4;Maaf ini dr  rakyat kecil yg dah usia senja, sekedar urun rembuk/ usul terkait: Program Makan Siang Gratis, kita dukung Program P. Prabowo. Usul kami: MBG ini baiknya langsung serahkan ke masing2 kantin sekolah, dgn pertimbangan: 1) Pemerataan pergerakan ekonomi di semua daerah. 2) Lebih praktis tidak terlalu banyak jalur birokrasi. 3) SOP yg jelas ke masing2 Kantin sekolah. 4) Tidak banyak membutuhkan biaya sarana / prasarana. 5) Pendistribusiannya lebih efektif dan praktis, karena ada satu desa jarak dengan kabupaten lebih 100 km. Mohon maaf bila usulan ini tidak ada yg berkenan,  hal ini agar bisa menghindari hal2 yg tidak pas dan jauh dari  nilai2 awal program ini.;1280;maaf ini dr rakyat kecil yg dah usia senja sekedar urun rembuk usul terkait program makan siang gratis kita dukung program p prabowo usul kami mbg ini baiknya langsung serahkan ke masing kantin sekolah dgn pertimbangan pemerataan pergerakan ekonomi di semua daerah lebih praktis tidak terlalu banyak jalur birokrasi sop yg jelas ke masing kantin sekolah tidak banyak membutuhkan biaya sarana prasarana pendistribusiannya lebih efektif dan praktis karena ada satu desa jarak dengan kabupaten lebih km mohon maaf bila usulan ini tidak ada yg berkenan hal ini agar bisa menghindari hal yg tidak pas dan jauh dari nilai awal program ini;maaf rakyat dah usia senja dar urun rembuk usul kait program makan siang gratis dukung program prabowo usul mbg baik serah kantin sekolah timbang perata gera ekonomi daerah praktis jalur birokrasi sop kantin sekolah butuh biaya sarana prasarana distribusi efektif praktis desa jarak kabupaten km maaf usul kenan hindar pas nilai program;Positif;2;632;52
a2WXt0aW76g;Video 4;"Nice propaganda bung,di kampung kami program lancar dan kampung,kecamatan lainya juga ngak ada masalah investigasi anda kurang luas belum mencapai daerah kami ( saya tidak mendukung siapapun ini murni yang saya rasakan,saya berkomentar karena yang di katakan dalam video ini tidak saya rasakan,dan saya berpergian ke kota"" lainya juga aman aman aja ngak sebegitu nya )
Thx????";0;nice propaganda bung di kampung kami program lancar dan kampung kecamatan lainya juga ngak ada masalah investigasi anda kurang luas belum mencapai daerah kami saya tidak mendukung siapapun ini murni yang saya rasakan saya berkomentar karena yang di katakan dalam video ini tidak saya rasakan dan saya berpergian ke kota lainya juga aman aman aja ngak sebegitu nya thx;nice propaganda kampung program lancar kampung camat lai ngak investigasi luas capai daerah dukung murni rasa komentar video rasa pergi kota lai aman aman ngak thx;Positif;2;367;26
EEmfTnEhVJ0;Video 1;Program ini bagus, cuma pelaksanaannya masih blm baik dan merata hingga timbul kecemburuan di daerah lain yg blm ada dan  soal mengkritik tanpa ada masukan yg berarti nya sama aja.;10;program ini bagus cuma pelaksanaannya masih blm baik dan merata hingga timbul kecemburuan di daerah lain yg blm ada dan soal mengkritik tanpa ada masukan yg berarti nya sama aja;program bagus laksana rata timbul cemburu daerah kritik masuk;Netral;1;177;9
a2WXt0aW76g;Video 4;Semoga niat baik presiden untuk bangsa ini kita doakan semoga berjalan baik amiin.. karen niat baik insya alloh dapat pahala amiin?;0;semoga niat baik presiden untuk bangsa ini kita doakan semoga berjalan baik amiin karen niat baik insya alloh dapat pahala amiin;moga niat presiden bangsa doa moga jalan amiin karen niat insya alloh pahala amiin;Positif;2;128;14
za8EqDmgeiM;Video 3;Ya KLO bung feri bilang  proyek mbg ada persetujuan presiden sama anggota DPR DPRD ... buktinya kebanyakan proyek dapur mbg yg pegang anggota DPR DPRD;0;ya klo bung feri bilang proyek mbg ada persetujuan presiden sama anggota dpr dprd buktinya kebanyakan proyek dapur mbg yg pegang anggota dpr dprd;feri proyek mbg tuju presiden anggota dpr dprd bukti banyak proyek dapur mbg pegang anggota dpr dprd;Negatif;0;145;17
za8EqDmgeiM;Video 3;"seru banget ngeliat bang ferry ngeskak bapak2umur 40 taunan kayak ngomong sama anak kecil. ""jangan sok gak tau lah mas ded.."" (kemudian menjelaskan) kereen";10;seru banget ngeliat bang ferry ngeskak bapak umur taunan kayak ngomong sama anak kecil jangan sok gak tau lah mas ded kemudian menjelaskan kereen;seru banget ngeliat ngeskak umur taun kayak ngomong anak sok tau kereen;Positif;2;145;12
a2WXt0aW76g;Video 4;MBG itu tabungan buat kampanye 2029 gak sihh?;0;mbg itu tabungan buat kampanye gak sihh;mbg tabung kampanye sihh;Netral;1;39;4
a2WXt0aW76g;Video 4;Kami ingin kritisi yg dilakukan tdk benar oleh penguasa , tp kami terbatas, oleh karena itu adanya jurnalis kemukakan hal hal yg tdk benar melalui tempo, kami mendukungan sepenuhnya berita berita tempo;80;kami ingin kritisi yg dilakukan tdk benar oleh penguasa tp kami terbatas oleh karena itu adanya jurnalis kemukakan hal hal yg tdk benar melalui tempo kami mendukungan sepenuhnya berita berita tempo;kritisi kuasa batas jurnalis muka tempo dukung sepenuh berita berita tempo;Negatif;0;197;11
rrTT_3KwcSs;Video 2;"Program makanan bergizi gratis sebenarnya bagus. Hanya saja, karena pemerataan ekonomi di Indo tidak merata, maka hasilnya tidak bisa max 100% sesuai yg d harapkan. Bagi mreka, anak2 yang status perekonomian lumayan bagus, pastinya akan lebih bnyak pilah pilih makanan apalg budget untuk MBG terbilang sangat minim untuk per porsinya, jd sdh pasti lauknya juga sedapatnya aja. 

Beda kalo ditempat2 seperti papua, anak2 pasti akan sangat bersyukur krena dalam keseharian, untuk makan saja mereka susah. Mgkn perlu dipikirkan lagi bagaiman bisa lebih fokus untuk menjangkau yang benar2 perlu... 

Contoh misal saya pribadi yang waktu sekolah dapat uang jajan cukup, dapat makanan misal yg tdk sesuai selera, bukannya ga bersyukur tapi mau dipaksa makan juga kalo ga suka yang mau gimana jg.";0;program makanan bergizi gratis sebenarnya bagus hanya saja karena pemerataan ekonomi di indo tidak merata maka hasilnya tidak bisa max sesuai yg d harapkan bagi mreka anak yang status perekonomian lumayan bagus pastinya akan lebih bnyak pilah pilih makanan apalg budget untuk mbg terbilang sangat minim untuk per porsinya jd sdh pasti lauknya juga sedapatnya aja beda kalo ditempat seperti papua anak pasti akan sangat bersyukur krena dalam keseharian untuk makan saja mereka susah mgkn perlu dipikirkan lagi bagaiman bisa lebih fokus untuk menjangkau yang benar perlu contoh misal saya pribadi yang waktu sekolah dapat uang jajan cukup dapat makanan misal yg tdk sesuai selera bukannya ga bersyukur tapi mau dipaksa makan juga kalo ga suka yang mau gimana jg;program makan gizi gratis bagus perata ekonomi indo rata hasil max sesuai harap mreka anak status ekonomi lumayan bagus pasti bnyak pilah pilih makan apalg budget mbg bilang minim porsi lauk dapat beda tempat papua anak syukur krena hari makan susah mgkn pikir bagaiman fokus jangkau contoh pribadi waktu sekolah uang jajan makan sesuai selera syukur paksa makan suka gimana;Netral;1;759;60
EEmfTnEhVJ0;Video 1;Gila, sarannya masuk sekali sih. Harusnya itu bisa jadi saran yang baik bagi pemerintah. Kira2 Pak Prabowo dengerin konten ini gak ya?;0;gila sarannya masuk sekali sih harusnya itu bisa jadi saran yang baik bagi pemerintah kira pak prabowo dengerin konten ini gak ya;gila saran saran perintah prabowo dengerin konten;Netral;1;129;7
a2WXt0aW76g;Video 4;Bos, klo rakyatnya pintar sudah tidak bisa dikibulin ??;10;bos klo rakyatnya pintar sudah tidak bisa dikibulin;bos rakyat pintar dikibulin;Positif;2;51;4
EEmfTnEhVJ0;Video 1;"Saya pro makan siang bergizi gratis tapi ada beberapa yang seharusnya bisa lebih hemat (menimalkan pengeluaran tempat makan dan biaya logistik dari fasilitas pengolahan ke sekolah, dan meminimalkan risiko penyelewengan anggaran).  
Saran, kalau mau hemat anggaran bisa kok kantin subsidi silang terstandarisasi. Maksudnya terstandarisasi adalah menunya memenuhi standar dengan angka kecukupan gizi sesuai level umur. Subsidi silang misalnya siswa mampu bayar full 100 %, siswa yang kurang mampu bisa gratis, bisa 5 %, 10 %, 15 %, 25 %, 30 %, 40 %, 50 %, 60 %, 70 %, 75 %, 85 %, 95 %. Bisa diterapkan di Jakarta dan kota besar yang mampu. Bayarnya per bulan kepada pengelola kantin,  sekolah dan pemerintah serta komite orang tua mengawasi pelaksanaan nya. Sedangkan untuk, yang full gratis dari pemerintah hanya untuk sekolah dan daerah yang memang mayoritas warganya tidak mampu, daerah 3T mungkin (tapi daerah 3 T juga seharusnya banyak sumber pangan lokal yang bisa dimanfaatkan sih cuma perlu pendampingan baik dari pemerintah maupun akademisi). Makanan untuk sistem subsidi silang kantin terstandarisasi ini juga harus dipastikan seragam tidak ada yang dibeda bedakan baik menu, porsi, dan nilai gizinya antara yang disubsidi dengan yang tidak. Sistem ini juga dapat menghemat biaya yang tidak perlu seperti pengadaan tempat makan dan sebagainya, biaya logistik daru dapur umum ke sekolah-sekolah, dan sebagainya. Note : Subsidi silang dapat berjalan jika penentuan besaran subsidi ditentukan sekolah masing-masing berdasarkan data real-time yang di-update per bulan oleh pihak sekolah (tidak menggunakan DTKS yang tau sendiri bermasalah dan tidak real time). Selain itu, kejujuran orang tua terkait pendapatan dan pengeluarannya per bulan juga penting. Terkait besaran uang makan bergizi gratis ditetapkan berdasarkan kesepakatan pengelola kantin (pedagang kantin yang dikumpulkan menjadi satu wadah), sekolah, dan para Orang Tua serta standar minimal pemerintah untuk menu makan bergizi gratis, setiap sekolah akan berbeda satu sama lain. Mirip-mirip sistem UKT lah, tapi kalau UKT permasalahan utamanya tidak ada transparansi dari kampus dan banyak sekali oknum orang tua yang tidak jujur ??. Harusnya sih bisa diterapkan sistem subsidi silang terutama di kota besar yang tidak semua pelajar nya masuk kategori kelas bawah. Yang kaya orang tuanya tidak khawatir anaknya makan makanan tidak bergizi, yang menengah dapat mengurangi biaya untuk keperluan harian anak untuk dialokasikan ke keperluan lain, yang miskin ga harus menahan lapar hingga pulang sekolah karena ga mampu buat beli makanan.";0;saya pro makan siang bergizi gratis tapi ada beberapa yang seharusnya bisa lebih hemat menimalkan pengeluaran tempat makan dan biaya logistik dari fasilitas pengolahan ke sekolah dan meminimalkan risiko penyelewengan anggaran saran kalau mau hemat anggaran bisa kok kantin subsidi silang terstandarisasi maksudnya terstandarisasi adalah menunya memenuhi standar dengan angka kecukupan gizi sesuai level umur subsidi silang misalnya siswa mampu bayar full siswa yang kurang mampu bisa gratis bisa bisa diterapkan di jakarta dan kota besar yang mampu bayarnya per bulan kepada pengelola kantin sekolah dan pemerintah serta komite orang tua mengawasi pelaksanaan nya sedangkan untuk yang full gratis dari pemerintah hanya untuk sekolah dan daerah yang memang mayoritas warganya tidak mampu daerah t mungkin tapi daerah t juga seharusnya banyak sumber pangan lokal yang bisa dimanfaatkan sih cuma perlu pendampingan baik dari pemerintah maupun akademisi makanan untuk sistem subsidi silang kantin terstandarisasi ini juga harus dipastikan seragam tidak ada yang dibeda bedakan baik menu porsi dan nilai gizinya antara yang disubsidi dengan yang tidak sistem ini juga dapat menghemat biaya yang tidak perlu seperti pengadaan tempat makan dan sebagainya biaya logistik daru dapur umum ke sekolah sekolah dan sebagainya note subsidi silang dapat berjalan jika penentuan besaran subsidi ditentukan sekolah masing masing berdasarkan data real time yang di update per bulan oleh pihak sekolah tidak menggunakan dtks yang tau sendiri bermasalah dan tidak real time selain itu kejujuran orang tua terkait pendapatan dan pengeluarannya per bulan juga penting terkait besaran uang makan bergizi gratis ditetapkan berdasarkan kesepakatan pengelola kantin pedagang kantin yang dikumpulkan menjadi satu wadah sekolah dan para orang tua serta standar minimal pemerintah untuk menu makan bergizi gratis setiap sekolah akan berbeda satu sama lain mirip mirip sistem ukt lah tapi kalau ukt permasalahan utamanya tidak ada transparansi dari kampus dan banyak sekali oknum orang tua yang tidak jujur harusnya sih bisa diterapkan sistem subsidi silang terutama di kota besar yang tidak semua pelajar nya masuk kategori kelas bawah yang kaya orang tuanya tidak khawatir anaknya makan makanan tidak bergizi yang menengah dapat mengurangi biaya untuk keperluan harian anak untuk dialokasikan ke keperluan lain yang miskin ga harus menahan lapar hingga pulang sekolah karena ga mampu buat beli makanan;pro makan siang gizi gratis hemat menimalkan keluar makan biaya logistik fasilitas olah sekolah minimal risiko seleweng anggar saran hemat anggar kantin subsidi silang standar maksud standar menu penuh standar angka cukup gizi sesuai level umur subsidi silang siswa bayar full siswa gratis terap jakarta kota bayar kelola kantin sekolah perintah komite tua awas laksana full gratis perintah sekolah daerah mayoritas warga daerah daerah sumber pangan lokal manfaat damping perintah akademisi makan sistem subsidi silang kantin standar seragam beda beda menu porsi nilai gizi subsidi sistem hemat biaya ada makan biaya logistik daru dapur umum sekolah sekolah note subsidi silang jalan tentu besar subsidi tentu sekolah dasar data real time update sekolah dtks tau masalah real time jujur tua kait dapat keluar kait besar uang makan gizi gratis tetap dasar sepakat kelola kantin dagang kantin kumpul wadah sekolah tua standar minimal perintah menu makan gizi gratis sekolah beda sistem ukt ukt masalah utama transparansi kampus oknum tua jujur terap sistem subsidi silang kota ajar kategori kelas kaya tua khawatir anak makan makan gizi tengah kurang biaya perlu hari anak alokasi perlu miskin tahan lapar pulang sekolah beli makan;Netral;1;2473;188
a2WXt0aW76g;Video 4;Lgs tempo goreng sehangus2nya wkwkwkw;0;lgs tempo goreng sehangus nya wkwkwkw;lgs tempo goreng hangus wkwkwkw;Negatif;0;37;5
EEmfTnEhVJ0;Video 1;Saya lebih setuju Indonesia lebih fokus pada pemberantasan korupsi #tembakmati;10;saya lebih setuju indonesia lebih fokus pada pemberantasan korupsi;tuju indonesia fokus berantas korupsi;Negatif;0;66;5
a2WXt0aW76g;Video 4;Karena bapak bukan Ordal.. Hehee itu sebenernya udah ada pak.Vendornya..  Hahaha;0;karena bapak bukan ordal hehee itu sebenernya udah ada pak vendornya hahaha;ordal hehee sebenernya vendor hahaha;Netral;1;75;5
v2QNDjfDrL8;Video 5;"Dulu dizaman aku.
Makan dirumah, belajar disekolah.
Sekarang
Belajar dirumah , makan disekolah.";40;dulu dizaman aku makan dirumah belajar disekolah sekarang belajar dirumah makan disekolah;zaman makan rumah ajar seko ajar rumah makan seko;Netral;1;89;9
za8EqDmgeiM;Video 3;Emang tujuan MGB baik hanya saja yg di beri amanah menyiapkan dan menyajikan MBG kurang amanah;0;emang tujuan mgb baik hanya saja yg di beri amanah menyiapkan dan menyajikan mbg kurang amanah;tuju mgb amanah saji mbg amanah;Netral;1;94;6
za8EqDmgeiM;Video 3;Yg dipertanyakan bukana dana om, tapi pejabat/satgas cyber bisa dan mau berkorbana demi nkri   pertanyaannya ?;0;yg dipertanyakan bukana dana om tapi pejabat satgas cyber bisa dan mau berkorbana demi nkri pertanyaannya;bukana dana jabat satgas cyber berkorbana nkri tanya;Negatif;0;105;8
EEmfTnEhVJ0;Video 1;"Yes setuju banget dengan sarannya, 
Mungkin kalau sekolah yang ga ada kantin bisa kita manfaatin ibu2 pkk atau ibu2 RT, RW sekitar sekolah jadinya roda ekonomi masyarajat sekitar pun lebih hidup

Bisa banget menimalisir kalau ada kkndisi makanan basi, karna jarak tempuhnya deket banget. Kalau misalkan lauk2nya di korupsi lebih mudah juga untuk di investigasi karna scope nya kecil";0;yes setuju banget dengan sarannya mungkin kalau sekolah yang ga ada kantin bisa kita manfaatin ibu pkk atau ibu rt rw sekitar sekolah jadinya roda ekonomi masyarajat sekitar pun lebih hidup bisa banget menimalisir kalau ada kkndisi makanan basi karna jarak tempuhnya deket banget kalau misalkan lauk nya di korupsi lebih mudah juga untuk di investigasi karna scope nya kecil;yes tuju banget saran sekolah kantin manfaatin pkk rt rw sekolah roda ekonomi masyarajat hidup banget menimalisir kkndisi makan basi jarak tempuh deket banget lauk korupsi mudah investigasi scope;Positif;2;374;29
za8EqDmgeiM;Video 3;"Jgn memaksakan apabila dana untuk MBG pas""an";0;jgn memaksakan apabila dana untuk mbg pas an;paksa dana mbg pas an;Negatif;0;44;5
EEmfTnEhVJ0;Video 1;Kelihatan sangat hati2 dalam narasi yg disampaikan;0;kelihatan sangat hati dalam narasi yg disampaikan;hati narasi;Netral;1;49;2
rrTT_3KwcSs;Video 2;Bang Pandji bikin gua nangis gara-gara cerita ibu stunting, tapi bikin gue ketawa gara-gara mi kotak ??;100;bang pandji bikin gua nangis gara gara cerita ibu stunting tapi bikin gue ketawa gara gara mi kotak;bikin gua nang gara gara cerita stunting bikin gue ketawa gara gara mi kotak;Netral;1;99;14
a2WXt0aW76g;Video 4;Punya mata jangan buta, punya telinga jangan tuli, punya mulut jangan bisa. Sempga presiden kita ngak begitu ya.;0;punya mata jangan buta punya telinga jangan tuli punya mulut jangan bisa sempga presiden kita ngak begitu ya;buta telinga tuli mulut sempga presiden ngak;Netral;1;108;7
EEmfTnEhVJ0;Video 1;"Anjing menurut kata tuannya.
Ini bukan masalah hewan";0;anjing menurut kata tuannya ini bukan masalah hewan;anjing tuan hewan;Negatif;0;51;3
a2WXt0aW76g;Video 4;Saya th 97 an ,pelanggannmsjslsh tempo...mm tempokelas Wahid..untuk investigasi...;0;saya th an pelanggannmsjslsh tempo mm tempokelas wahid untuk investigasi;th an pelanggannmsjslsh tempo mm tempokelas wahid investigasi;Negatif;0;72;8
EEmfTnEhVJ0;Video 1;Harusnya tahun pertama untuk anak SD  dulu;0;harusnya tahun pertama untuk anak sd dulu;tahun anak sd;Netral;1;41;3
rrTT_3KwcSs;Video 2;Aslinya, aku tidaklah suka dengan MBG ini, karena pikirku tidak menyelesaikan masalah pokoknya,  yakni stunting. Tapi dengan point of view Bang Panji, jadi meluas pikiranku. Jadi setuju, asal diperbaiki lagi yg kemarin banyak salah/kurangnya. Bener2 harus membantu akar rumput masalah lerai.;0;aslinya aku tidaklah suka dengan mbg ini karena pikirku tidak menyelesaikan masalah pokoknya yakni stunting tapi dengan point of view bang panji jadi meluas pikiranku jadi setuju asal diperbaiki lagi yg kemarin banyak salah kurangnya bener harus membantu akar rumput masalah lerai;asli suka mbg pikir selesai pokok stunting point of view luas pikir tuju baik kemarin salah kurang bener bantu akar rumput lerai;Netral;1;280;22
a2WXt0aW76g;Video 4;Untung ada TEMPO yang mencerahkan masyarakat, tidak seperti media lainnya.;20;untung ada tempo yang mencerahkan masyarakat tidak seperti media lainnya;untung tempo cerah masyarakat media;Negatif;0;72;5
za8EqDmgeiM;Video 3;Kumpulan anak zaman dan kebo coment;0;kumpulan anak zaman dan kebo coment;kumpul anak zaman kebo coment;Netral;1;35;5
EEmfTnEhVJ0;Video 1;"keputusan apapun secara individu bisa di benarkan asalkan ada argumentasinya, tapi kalo cuma nunjuk doank sambil bilang ""buzzer"" ""cebong"" ""kamvret"" tanpa alasan yang jelas fix ini penjilat/penghianat rakyat di antara rakyat.";0;keputusan apapun secara individu bisa di benarkan asalkan ada argumentasinya tapi kalo cuma nunjuk doank sambil bilang buzzer cebong kamvret tanpa alasan yang jelas fix ini penjilat penghianat rakyat di antara rakyat;putus apa individu benar argumentasi nunjuk doank buzzer cebong kamvret alas fix jilat penghianat rakyat rakyat;Negatif;0;216;16
rrTT_3KwcSs;Video 2; @user  kalau mau objektif pilpres kemarin anies lebih layak dipilih daripada yg lain, apalagi visi misinya perubahan;0;kalau mau objektif pilpres kemarin anies lebih layak dipilih daripada yg lain apalagi visi misinya perubahan;objektif pilpres kemarin anies layak pilih visi misi ubah;Positif;2;108;9
a2WXt0aW76g;Video 4;Tempo harus bahas juga terkait rekrutmen ASN BGN yang penuh kontroversi .;10;tempo harus bahas juga terkait rekrutmen asn bgn yang penuh kontroversi;tempo bahas kait rekrutmen asn bgn penuh kontroversi;Netral;1;71;8
a2WXt0aW76g;Video 4;"Sebagai warga biasa pembayar pajak. 
Saya juga merasa ini proyek rentan korupsi.
Lebih baik program 1x sarjana 1x keluarga (miskin), karena kemungkinan korupsi nya kecil, dan audit nya lbh mudah. Dan hasil nya bisa didapt dalam waktu yg lebih singkat dibanding MBG yg baru keliatan setelah 10-20 tahun kemudian.";10;sebagai warga biasa pembayar pajak saya juga merasa ini proyek rentan korupsi lebih baik program x sarjana x keluarga miskin karena kemungkinan korupsi nya kecil dan audit nya lbh mudah dan hasil nya bisa didapt dalam waktu yg lebih singkat dibanding mbg yg baru keliatan setelah tahun kemudian;warga bayar pajak proyek rentan korupsi program sarjana keluarga miskin korupsi audit lbh mudah hasil didapt waktu singkat banding mbg liat tahun;Negatif;0;294;22
rrTT_3KwcSs;Video 2;Tetapi jika ditunda kemungkinan besar akan menjadi bahaya laten untuk negara terkait kualitas SDM;0;tetapi jika ditunda kemungkinan besar akan menjadi bahaya laten untuk negara terkait kualitas sdm;tunda bahaya laten negara kait kualitas sdm;Negatif;0;97;7
a2WXt0aW76g;Video 4;Proyek mega korupsi kasi makan gratis (seikhlasnya ga harus bergizi penting bisa dimakan) buat cover up nya aja biar keliatan dermawan ke masyarakat kecil ??;0;proyek mega korupsi kasi makan gratis seikhlasnya ga harus bergizi penting bisa dimakan buat cover up nya aja biar keliatan dermawan ke masyarakat kecil;proyek mega korupsi kasi makan gratis ikhlas gizi makan cover up biar liat dermawan masyarakat;Negatif;0;152;15
za8EqDmgeiM;Video 3;"CERDAS Bang Fery..... 
Masokkkkk Pak Eko. 
Kalo bukan proyek tu 10 bungkus Bang ??????????????????????????????????????????????
Coba cek yg dapet proyek siapa............. Cek ya jangan asal JAWAB ??";0;cerdas bang fery masokkkkk pak eko kalo bukan proyek tu bungkus bang coba cek yg dapet proyek siapa cek ya jangan asal jawab;cerdas fery masokkkkk eko proyek tu bungkus coba cek dapet proyek cek;Negatif;0;124;12
za8EqDmgeiM;Video 3;Request undang pak guru gembul juga dong bahas MBG ini pasti Seru dan mendidik karena memberikan edukasi dan menyadarkan masyarakat, sekian dan terimakasih ??;0;request undang pak guru gembul juga dong bahas mbg ini pasti seru dan mendidik karena memberikan edukasi dan menyadarkan masyarakat sekian dan terimakasih;request undang guru gembul bahas mbg seru didik edukasi sadar masyarakat sekian terimakasih;Positif;2;154;13
EEmfTnEhVJ0;Video 1;"menurut saya sih bagus apabila tepat sasaran.
dan siapapun yg nerima harus bisa bersyukur";10;menurut saya sih bagus apabila tepat sasaran dan siapapun yg nerima harus bisa bersyukur;bagus sasar nerima syukur;Positif;2;88;4
a2WXt0aW76g;Video 4;anggaran 15rb real blanjanya hanya 8rb ....coba cek;0;anggaran rb real blanjanya hanya rb coba cek;anggar rb real blanjanya rb coba cek;Netral;1;44;7
EEmfTnEhVJ0;Video 1;Terbalik, krn logistik kesana lbh susah, ribet, dan makan lbh banyak biaya, sdgkan jlh dr siswa utk dibantu lbh sedikit dibanding yg berada di daerah perkotaan scr masif pd selisihnya, shg lbh enakan dan murah utk bantu ngasih makan di perkotaan krn sistem jalur distribusi udh tersedia baik.;110;terbalik krn logistik kesana lbh susah ribet dan makan lbh banyak biaya sdgkan jlh dr siswa utk dibantu lbh sedikit dibanding yg berada di daerah perkotaan scr masif pd selisihnya shg lbh enakan dan murah utk bantu ngasih makan di perkotaan krn sistem jalur distribusi udh tersedia baik;balik logistik kesana lbh susah ribet makan lbh biaya sdgkan jlh siswa bantu lbh banding daerah kota scr masif selisih shg lbh enak murah bantu ngasih makan kota sistem jalur distribusi sedia;Negatif;0;286;32
a2WXt0aW76g;Video 4;Jujur didaerah sy blm ada makan gratis.. ??;0;jujur didaerah sy blm ada makan gratis;jujur daerah sy makan gratis;Negatif;0;38;5
a2WXt0aW76g;Video 4;Tolong Tempo bikin T V seperti TV yg lain;0;tolong tempo bikin t v seperti tv yg lain;tolong tempo bikin tv;Negatif;0;41;4
a2WXt0aW76g;Video 4;1 (Tempo) Vs 1.000 (corong);0;tempo vs corong;tempo vs corong;Negatif;0;15;3
rrTT_3KwcSs;Video 2;Gimana bedain program yg tolol dan program yg belum berhasil (masih bisa diimprove)?;10;gimana bedain program yg tolol dan program yg belum berhasil masih bisa diimprove;gimana bedain program tolol program hasil diimprove;Netral;1;81;7
a2WXt0aW76g;Video 4;Bertahun tahun membayangkan, betapa senangnya menjadi  presiden, banyak orang yang menyanjung  menghormat, eeeeeeh setelah jadipresiden beneran banyak yang hujat  , nasib nasib;0;bertahun tahun membayangkan betapa senangnya menjadi presiden banyak orang yang menyanjung menghormat eeeeeeh setelah jadipresiden beneran banyak yang hujat nasib nasib;tahun tahun bayang betapa senang presiden sanjung hormat eeeeeeh jadipresiden beneran hujat nasib nasib;Negatif;0;168;14
a2WXt0aW76g;Video 4;MBG ini gimana kalau dikerjakan oleh hotel dan restoran yang sekarang kolaps karena gak ada even pemerintah, Hotel dan resto sudah disertifikasi, fasilitas sudah mumpuni, memberdayakan banyak tenaga kerja yang sudah mulai jaman covid dulu dirumahkan. apalagi kerjasama dengan petani dan peternak lokal, pasti makmur dech.  Semoga didengar;10;mbg ini gimana kalau dikerjakan oleh hotel dan restoran yang sekarang kolaps karena gak ada even pemerintah hotel dan resto sudah disertifikasi fasilitas sudah mumpuni memberdayakan banyak tenaga kerja yang sudah mulai jaman covid dulu dirumahkan apalagi kerjasama dengan petani dan peternak lokal pasti makmur dech semoga didengar;mbg gimana hotel restoran kolaps even perintah hotel resto sertifikasi fasilitas mumpuni daya tenaga jaman covid rumah kerjasama tani ternak lokal makmur dech moga dengar;Positif;2;331;25
EEmfTnEhVJ0;Video 1;"Menurut gw, ide makan siang gratis itu sangat sangat sangat baik. Karena memang faktanya, masih banyak masyarakat indonesia yg bahkan tidak mengetahui apa itu makro nutrisi dan asupan gizi seimbang pada anak.

Jika merujuk pada jumlah anggaran yg digelontorkan, menurut gw memang lebih baik program ini dilakukan secara bertahap.

Mulai dari memberikan contoh makanan bergizi seimbang lewat program makan gratis yang bisa dilakukan seminggu beberapa hari, sampai meningkatkan kesadaran soal makanan bergizi seimbang.

Jika masyarakat sudah mengetahui makanan bergizi seimbang, maka bisa langsung diaplikasikan oleh masing masing masyarakat.

Karena sebenarnya makanan bergizi seimbang itu bukan soal makanan mahal, hanya tentang komposisi makanan dan gizi yg disajikan dalam sepiring makanan";60;menurut gw ide makan siang gratis itu sangat sangat sangat baik karena memang faktanya masih banyak masyarakat indonesia yg bahkan tidak mengetahui apa itu makro nutrisi dan asupan gizi seimbang pada anak jika merujuk pada jumlah anggaran yg digelontorkan menurut gw memang lebih baik program ini dilakukan secara bertahap mulai dari memberikan contoh makanan bergizi seimbang lewat program makan gratis yang bisa dilakukan seminggu beberapa hari sampai meningkatkan kesadaran soal makanan bergizi seimbang jika masyarakat sudah mengetahui makanan bergizi seimbang maka bisa langsung diaplikasikan oleh masing masing masyarakat karena sebenarnya makanan bergizi seimbang itu bukan soal makanan mahal hanya tentang komposisi makanan dan gizi yg disajikan dalam sepiring makanan;gw ide makan siang gratis fakta masyarakat indonesia makro nutrisi asupan gizi imbang anak rujuk anggar gelontor gw program tahap contoh makan gizi imbang program makan gratis minggu tingkat sadar makan gizi imbang masyarakat makan gizi imbang aplikasi masyarakat makan gizi imbang makan mahal komposisi makan gizi saji piring makan;Positif;2;776;50
za8EqDmgeiM;Video 3;Emang ia..fakta  program MBG adalh proyek untuk  anggota dewan??;0;emang ia fakta program mbg adalh proyek untuk anggota dewan;fakta program mbg adalh proyek anggota dewan;Negatif;0;59;7
a2WXt0aW76g;Video 4;Sudah ketebak sih yaa akan terjadi seperti ini, namanya juga duit banyak masalah. Juga pasti banyak, karena semuanya pengen dapat untung banyak????;0;sudah ketebak sih yaa akan terjadi seperti ini namanya juga duit banyak masalah juga pasti banyak karena semuanya pengen dapat untung banyak;tebak yaa nama duit ken untung;Negatif;0;140;6
a2WXt0aW76g;Video 4;Wujud MBG jatah makannya hny terdiri dr nasi,TEMPE, LAUK, sayur misal sawi, bayam, kool, dll sayuran sejenis yg umum dimasak emak2. Jadi MBG itu gizinya BIASA2 SAJA. GIZI-nya sama tak ada beda dg menu atau makan se-hari2.;0;wujud mbg jatah makannya hny terdiri dr nasi tempe lauk sayur misal sawi bayam kool dll sayuran sejenis yg umum dimasak emak jadi mbg itu gizinya biasa saja gizi nya sama tak ada beda dg menu atau makan se hari;wujud mbg jatah makan hny nasi tempe lauk sayur sawi bayam kool dll sayur jenis umum masak emak mbg gizi gizi beda menu makan;Netral;1;210;24
za8EqDmgeiM;Video 3;"? @user 
Kan OmDed suka klaim ""smart people"" bla bla bla gtu kan. Jd baiknya undang ngumpul deh tuh ahli gizi, chef profesional, ahli pengolahan bahan pangan dan pendistribusiannya, ahli kebijakan publik, org dr BGZ utk bicara jd sbg ""smart people"" kita dpt kesimpulan MENGAPA KASUS KERACUNAN bs trjd.
Di lain waktu undang org2 pemerintah utk jelaskan target2 yg pemerintah ingin capai dgn program MBG ini sbb MBG scara umum bkn hanya utk tujuan menyokong asupan gizi anak, balita dan ibu hamil dan bnyk masyarakat ngga tw.
Klw para narasumber or rakyat pd brpikir baiknya anggaran bwt ini itu yg lbh berfaedah ya thn 2029 ikut pilpres/pilkada aja biar bisa eksekusi buah pikirannya. Priviledge eksekutif kan itu..bisa eksekusi program kerja krn dpt ""suara mayoritas"". MBG itu msk dlm kampanye Pragib.";0;kan omded suka klaim smart people bla bla bla gtu kan jd baiknya undang ngumpul deh tuh ahli gizi chef profesional ahli pengolahan bahan pangan dan pendistribusiannya ahli kebijakan publik org dr bgz utk bicara jd sbg smart people kita dpt kesimpulan mengapa kasus keracunan bs trjd di lain waktu undang org pemerintah utk jelaskan target yg pemerintah ingin capai dgn program mbg ini sbb mbg scara umum bkn hanya utk tujuan menyokong asupan gizi anak balita dan ibu hamil dan bnyk masyarakat ngga tw klw para narasumber or rakyat pd brpikir baiknya anggaran bwt ini itu yg lbh berfaedah ya thn ikut pilpres pilkada aja biar bisa eksekusi buah pikirannya priviledge eksekutif kan itu bisa eksekusi program kerja krn dpt suara mayoritas mbg itu msk dlm kampanye pragib;omded suka klaim smart people bla bla bla gtu baik undang ngumpul ahli gizi chef profesional ahli olah bahan pangan distribusi ahli bijak publik bgz bicara sbg smart people dpt simpul racun trjd waktu undang perintah target perintah capai program mbg sbb mbg scara umum bkn tuju sokong asupan gizi anak balita hamil bnyk masyarakat tw klw narasumber or rakyat brpikir baik anggar bwt lbh faedah thn pilpres pilkada biar eksekusi buah pikir priviledge eksekutif eksekusi program dpt suara mayoritas mbg msk kampanye pragib;Negatif;0;767;84
EEmfTnEhVJ0;Video 1;Pas tadi gak makan siang;0;pas tadi gak makan siang;pas makan siang;Netral;1;24;3
rrTT_3KwcSs;Video 2;Udah banyak di kolom komentar ig gw suruh nonton panji dah biar paham posisi si deddy dan bisa nambah SDM yg ada di indonesia;0;udah banyak di kolom komentar ig gw suruh nonton panji dah biar paham posisi si deddy dan bisa nambah sdm yg ada di indonesia;kolom komentar ig gw suruh nonton dah biar paham posisi si nambah sdm indonesia;Netral;1;125;14
EEmfTnEhVJ0;Video 1;Yang saya bingung ke warga Indonesia ini , kan saya liat tuh banyak orang yang nagih nagih program makann gratis , setelah program itu berjalan banyak yang bilang ga penting atau apalah itu , nah jadi menurut saya mskipun program itu tidak berjalan masih ttep pemerintah salah jadi yaa serba salah;10;yang saya bingung ke warga indonesia ini kan saya liat tuh banyak orang yang nagih nagih program makann gratis setelah program itu berjalan banyak yang bilang ga penting atau apalah itu nah jadi menurut saya mskipun program itu tidak berjalan masih ttep pemerintah salah jadi yaa serba salah;bingung warga indonesia liat nagih nagih program makann gratis program jalan apa mskipun program jalan ttep perintah salah yaa serba salah;Negatif;0;291;21
a2WXt0aW76g;Video 4;"? @user loohh....MBG tdk spt itu teknis pelaksanaannya yahh..

Dan gak mgkn umkm yg supply
Krn syarat unt dapur dan peralatannya sj luar biasa susah dan hrs yg berduit yg bs di acc dapur umumnya";0;loohh mbg tdk spt itu teknis pelaksanaannya yahh dan gak mgkn umkm yg supply krn syarat unt dapur dan peralatannya sj luar biasa susah dan hrs yg berduit yg bs di acc dapur umumnya;loohh mbg spt teknis laksana yahh mgkn umkm supply syarat unt dapur alat sj susah duit acc dapur;Negatif;0;180;18
a2WXt0aW76g;Video 4;MBG. Makan Berbisnis Gratis;0;mbg makan berbisnis gratis;mbg makan bisnis gratis;Negatif;0;26;4
za8EqDmgeiM;Video 3;Bener bgt deddy mah dikubu pemerintah;20;bener bgt deddy mah dikubu pemerintah;bener banget kubu perintah;Netral;1;37;4
za8EqDmgeiM;Video 3;Sebaiknya memang turun untuk menjadi pelaku perubahan.;0;sebaiknya memang turun untuk menjadi pelaku perubahan;turun laku ubah;Positif;2;53;3
a2WXt0aW76g;Video 4;Tempo bisa ngg ke daerah2 terpencil cek apa uda sampe ke sana proyeknya soalnya di berita cuma di kota2;0;tempo bisa ngg ke daerah terpencil cek apa uda sampe ke sana proyeknya soalnya di berita cuma di kota;tempo ngg daerah pencil cek uda sampe proyek berita kota;Netral;1;101;10
a2WXt0aW76g;Video 4;Di saat rame tentang jokowi tempo mengkritisi prabowo;0;di saat rame tentang jokowi tempo mengkritisi prabowo;rame jokowi tempo kritisi prabowo;Netral;1;53;5
a2WXt0aW76g;Video 4;???????? makanya walau ada 42% masyarakat yg teriak hidup makin susah.....tapi 58% yg lain PASTI lagi Joget in ajaaa ??????;0;makanya walau ada masyarakat yg teriak hidup makin susah tapi yg lain pasti lagi joget in ajaaa;masyarakat teriak hidup susah joget in ajaaa;Negatif;0;95;7
za8EqDmgeiM;Video 3;"kmren aja gak kasisolusi gak DC giliran anak2 yg gak mau mkn MBG lngsung gercep di respon, giliran bacodnya timothy soal kmren rame viral lngsung di respon,,
Trus giliran kmren BACOD nya DPR, Temen2nya, Gurunya, DEMO, MBG, DLL hampir aja diem seribu bahasa, lama respon, semoga kali ini dan kedepan bisa kembali berjalan beriringan seperti ferry irwandi dan rakyat.
THNKSSSS!!!";0;kmren aja gak kasisolusi gak dc giliran anak yg gak mau mkn mbg lngsung gercep di respon giliran bacodnya timothy soal kmren rame viral lngsung di respon trus giliran kmren bacod nya dpr temen nya gurunya demo mbg dll hampir aja diem seribu bahasa lama respon semoga kali ini dan kedepan bisa kembali berjalan beriringan seperti ferry irwandi dan rakyat thnkssss;kmren kasisolusi dc gilir anak mkn mbg lngsung gercep respon gilir bacodnya timothy kmren rame viral lngsung respon trus gilir kmren bacod dpr temen guru demo mbg dll diem ribu bahasa respon moga depan jalan iring irwandi rakyat thnkssss;Negatif;0;362;39
a2WXt0aW76g;Video 4;MTB( MASAKAN TEMPO BERGIZI);0;mtb masakan tempo bergizi;mtb masakan tempo gizi;Negatif;0;25;4
a2WXt0aW76g;Video 4;Kupas tuntas aroma-aroma busuk korupsi ini....Tempo maju terus, rakyat mendukung!;20;kupas tuntas aroma aroma busuk korupsi ini tempo maju terus rakyat mendukung;kupas tuntas aroma aroma busuk korupsi tempo maju rakyat dukung;Positif;2;76;10
za8EqDmgeiM;Video 3;Siapa yg setuju MBG merugikan pedagang kecil;0;siapa yg setuju mbg merugikan pedagang kecil;tuju mbg rugi dagang;Negatif;0;44;4
EEmfTnEhVJ0;Video 1;merdeka dalam berpikir dan bersuara sesuai norma dan aturan yg berlaku ????;10;merdeka dalam berpikir dan bersuara sesuai norma dan aturan yg berlaku;merdeka pikir suara sesuai norma atur laku;Netral;1;70;7
a2WXt0aW76g;Video 4;@user  beda daerah beda harga...mksdqu jika warung2 nasi di sekitar sekolah yg di tunjuk jdi pensuplai itu jauh lebih bermanfaat untuk perputaran ekonomi lokal;10;beda daerah beda harga mksdqu jika warung nasi di sekitar sekolah yg di tunjuk jdi pensuplai itu jauh lebih bermanfaat untuk perputaran ekonomi lokal;beda daerah beda harga mksdqu warung nasi sekolah jdi suplai manfaat putar ekonomi lokal;Netral;1;149;14
za8EqDmgeiM;Video 3;"Sudah pernah, dijawab sama Pak Prabowo ""Ndasmu."" ??????";0;sudah pernah dijawab sama pak prabowo ndasmu;prabowo ndasmu;Netral;1;44;2
EEmfTnEhVJ0;Video 1;bang untuk masalah vendor di daerah saya juga katanya itu di potong oleh vendor 3 ribu per porsi makanan bang makanya temen saya yang bekerja untuk pengejuan dapur umum juga lagi pusing;0;bang untuk masalah vendor di daerah saya juga katanya itu di potong oleh vendor ribu per porsi makanan bang makanya temen saya yang bekerja untuk pengejuan dapur umum juga lagi pusing;vendor daerah potong vendor ribu porsi makan temen keju dapur umum pusing;Negatif;0;183;12
za8EqDmgeiM;Video 3;Hahha. Yang coklat yg ijo sama aja mereka juga ngambil proyek MBG kok ??;0;hahha yang coklat yg ijo sama aja mereka juga ngambil proyek mbg kok;hahha coklat ijo ngambil proyek mbg;Negatif;0;68;6
a2WXt0aW76g;Video 4;Masyarakat perlu lapangan kerja, kesehatan & pendidikan terjangkau... program makan gratis, gak perlu koar² masjid² sdh melakukan;0;masyarakat perlu lapangan kerja kesehatan pendidikan terjangkau program makan gratis gak perlu koar masjid sdh melakukan;masyarakat lapang sehat didik jangkau program makan gratis koar masjid;Positif;2;120;10
EEmfTnEhVJ0;Video 1;"terimakasih bang ferry, videonya sangat bagus poinnya

well saya setuju soal skala prioritas dalam program entah itu oleh pemerintah ataupun organisasi kampus, sekolah dan publik..
sering kali di sekolah saya para anak anak anggota organisasi gak mementingkan skala prioritas dan riset, pelaksanaan dan pengawasan dalam menjalankan programnya, alhasil mangkrak programnya..";0;terimakasih bang ferry videonya sangat bagus poinnya well saya setuju soal skala prioritas dalam program entah itu oleh pemerintah ataupun organisasi kampus sekolah dan publik sering kali di sekolah saya para anak anak anggota organisasi gak mementingkan skala prioritas dan riset pelaksanaan dan pengawasan dalam menjalankan programnya alhasil mangkrak programnya;terimakasih video bagus poin well tuju skala prioritas program perintah organisasi kampus sekolah publik sekolah anak anak anggota organisasi penting skala prioritas riset laksana awas jalan program alhasil mangkrak program;Positif;2;364;30
EEmfTnEhVJ0;Video 1;Emang faktanya ngebela pemerintah buzzer,mau gimana dong??;0;emang faktanya ngebela pemerintah buzzer mau gimana dong;fakta ngebela perintah buzzer gimana;Negatif;0;56;5
a2WXt0aW76g;Video 4;Proyek makan, makan proyek.;10;proyek makan makan proyek;proyek makan makan proyek;Negatif;0;25;4
EEmfTnEhVJ0;Video 1;"Saya termasuk pro makan bergizi gratis, karena saya berpendapat gizi merupakan salah satu aspek yang harus dipenuhi guna menciptakan SDM unggu. Terkait pendapat tersebut, saya izin menyampaikan opini saya.
1. Semua faktor baik kualitas, akses, sarana prasarana, maupun gizi anak  semuanya penting untuk menciptakan generasi unggul. Jika salah satu aspek tidak terpenuhi, peluang suatu individu menjadi manusia yang berkualitas akan berkurang. 
2. Terkait pernyataan saya di nomor 1, dengan anggaran terbatas tentu sulit untuk semuanya dilaksanakan beriiringan. Kita harus realistis pendapatan negara kita kecil.
3. Oleh sebab itu, meningkatkan pendapatan negara adalah kuncinya baik itu memaksimalkan hilirisasi dan industrialisasi di berbagai sektor, investasi swasta baik dalam negeri atau pun luar negeri, meningkatkan rasio pajak. Selain itu, pembangunan infrastruktur dengan dana non APBN juga dapat diaplikasikan lebih luas. Misalnya, penggunaan dana CSR yang lebih terarah dan terukur. Selain itu,b maksimalkan ekonomi berbasis kearifan lokal, karena saya yakin salah satu hebatnya budaya Indonesia adalah budaya gotong royong dan Tolong Menolong (saya merasakan nya ketika Zaman Covid, meskipun saya tidak mendapatkan bansos karena ga tau mengapa, tapi saya mendapatkan bantuan baik dari organisasi kemasyarakatan, keluarga dekat yang mampu, dan tetangga yang mampu. Saya yakin salah satu alasan bangsa kita bisa survive di tengah covid dan pasca covid (minimal ekonomi ga anjlok, seperti negara barat, karena budaya ini). Namun, sayang budaya ini mulai ditinggalkan oleh sebagian besar masyarakat Indonesia.
5. Terkait di daerah pelosok, seharusnya yang didaerah ga kekurangan makan dan gizi, karena sumber pangan mereka berlimpah dan beragam. Jika terjadi, mungkin karena tidak hadirnya kampus kita ditengah masyarakat. Karena seharusnya banyak sumber pangan yang bisa dimanfaatkan.
6. Banyak orang mengatakan lebih baik makan bergizi untuk orang miskin. Saya kurang sependapat, karena pertama data kemiskinan kita ga real time, kedua ga semua anak orang kelas atas makanan nya bergizi (ada faktor orangtuanya yang sibuk dan ada pula yang ga bisa masak, sedangkan makan di luar belum tentu bergizi). 
7. Solusi akhir, memaksimalkan kantin dengan program kantin bersubsidi terstandarisasi dengan menerapkan subsidi silang berbasis kupon/kartu. Dimana biaya makan dihitung berdasarkan kemampuan orang tua biaya per bulan. Maksudnya terstandardisasi adalah semua makanan yang disajikan seragam tanpa ada perbedaan antara yang disubsidi dengan yang tidak disubsidi serta yang terpenting harus memenuhi angka kecukupan gizi sesuai level umur. Sementara itu, pengelolaan kantin melibatkan para pedagang kantin dimana dana yang masuk dikelola oleh para pedagang kantin. Pihak sekolah dan pemerintah hanya cukup menjadi pengawas. Harga juga atas kesepakatan pihak pengelola kantin, sekolah dengan orang tua. Dengan adanya subsidi silang ini, nanti ada orang tua bayar 100 %, 75 %, 50 %, 25 %, dan gratis. Pihak sekolah yang mendata secara real time tidak berbasis DTKS atau data pemerintah. Dari sini yang orang tuanya mampu dan kaya juga mengajarkan anaknya hidup hemat tapi gizinya terpenuhi. Karena banyak jajanan mahal tetapi tidak bergizi.";10;saya termasuk pro makan bergizi gratis karena saya berpendapat gizi merupakan salah satu aspek yang harus dipenuhi guna menciptakan sdm unggu terkait pendapat tersebut saya izin menyampaikan opini saya semua faktor baik kualitas akses sarana prasarana maupun gizi anak semuanya penting untuk menciptakan generasi unggul jika salah satu aspek tidak terpenuhi peluang suatu individu menjadi manusia yang berkualitas akan berkurang terkait pernyataan saya di nomor dengan anggaran terbatas tentu sulit untuk semuanya dilaksanakan beriiringan kita harus realistis pendapatan negara kita kecil oleh sebab itu meningkatkan pendapatan negara adalah kuncinya baik itu memaksimalkan hilirisasi dan industrialisasi di berbagai sektor investasi swasta baik dalam negeri atau pun luar negeri meningkatkan rasio pajak selain itu pembangunan infrastruktur dengan dana non apbn juga dapat diaplikasikan lebih luas misalnya penggunaan dana csr yang lebih terarah dan terukur selain itu b maksimalkan ekonomi berbasis kearifan lokal karena saya yakin salah satu hebatnya budaya indonesia adalah budaya gotong royong dan tolong menolong saya merasakan nya ketika zaman covid meskipun saya tidak mendapatkan bansos karena ga tau mengapa tapi saya mendapatkan bantuan baik dari organisasi kemasyarakatan keluarga dekat yang mampu dan tetangga yang mampu saya yakin salah satu alasan bangsa kita bisa survive di tengah covid dan pasca covid minimal ekonomi ga anjlok seperti negara barat karena budaya ini namun sayang budaya ini mulai ditinggalkan oleh sebagian besar masyarakat indonesia terkait di daerah pelosok seharusnya yang didaerah ga kekurangan makan dan gizi karena sumber pangan mereka berlimpah dan beragam jika terjadi mungkin karena tidak hadirnya kampus kita ditengah masyarakat karena seharusnya banyak sumber pangan yang bisa dimanfaatkan banyak orang mengatakan lebih baik makan bergizi untuk orang miskin saya kurang sependapat karena pertama data kemiskinan kita ga real time kedua ga semua anak orang kelas atas makanan nya bergizi ada faktor orangtuanya yang sibuk dan ada pula yang ga bisa masak sedangkan makan di luar belum tentu bergizi solusi akhir memaksimalkan kantin dengan program kantin bersubsidi terstandarisasi dengan menerapkan subsidi silang berbasis kupon kartu dimana biaya makan dihitung berdasarkan kemampuan orang tua biaya per bulan maksudnya terstandardisasi adalah semua makanan yang disajikan seragam tanpa ada perbedaan antara yang disubsidi dengan yang tidak disubsidi serta yang terpenting harus memenuhi angka kecukupan gizi sesuai level umur sementara itu pengelolaan kantin melibatkan para pedagang kantin dimana dana yang masuk dikelola oleh para pedagang kantin pihak sekolah dan pemerintah hanya cukup menjadi pengawas harga juga atas kesepakatan pihak pengelola kantin sekolah dengan orang tua dengan adanya subsidi silang ini nanti ada orang tua bayar dan gratis pihak sekolah yang mendata secara real time tidak berbasis dtks atau data pemerintah dari sini yang orang tuanya mampu dan kaya juga mengajarkan anaknya hidup hemat tapi gizinya terpenuhi karena banyak jajanan mahal tetapi tidak bergizi;pro makan gizi gratis dapat gizi salah aspek penuh cipta sdm unggu kait dapat izin opini faktor kualitas akses sarana prasarana gizi anak cipta generasi unggul salah aspek penuh peluang individu manusia kualitas kurang kait nyata nomor anggar batas sulit laksana beriiringan realistis dapat negara tingkat dapat negara kunci maksimal hilir industrialisasi sektor investasi swasta negeri negeri tingkat rasio pajak bangun infrastruktur dana non apbn aplikasi luas guna dana csr arah ukur maksimal ekonomi bas arif lokal salah hebat budaya indonesia budaya gotong royong tolong tolong rasa zaman covid bansos tau bantu organisasi masyarakat keluarga tetangga salah alas bangsa survive tengah covid pasca covid minimal ekonomi anjlok negara barat budaya sayang budaya tinggal masyarakat indonesia kait daerah pelosok daerah kurang makan gizi sumber pangan limpah agam hadir kampus tengah masyarakat sumber pangan manfaat makan gizi miskin dapat data miskin real time anak kelas makan gizi faktor orangtuanya sibuk masak makan gizi solusi maksimal kantin program kantin subsidi standar terap subsidi silang bas kupon kartu mana biaya makan hitung dasar mampu tua biaya maksud standardisasi makan saji seragam beda subsidi subsidi penting penuh angka cukup gizi sesuai level umur kelola kantin libat dagang kantin mana dana kelola dagang kantin sekolah perintah awas harga sepakat kelola kantin sekolah tua subsidi silang tua bayar gratis sekolah data real time bas dtks data perintah tua kaya ajar anak hidup hemat gizi penuh jajan mahal gizi;Negatif;0;3136;231
za8EqDmgeiM;Video 3;Setuju banget sama bapak ini! SANGAT! Mohon di dengar dan di eksekusi ya pemerintah, EVALUASI. Jgn paksakan suatu program dan jgn malu untuk minta maaf pd masyarakat untuk berbenah. Jangan masyrakatnya terus yang disalahkan.;0;setuju banget sama bapak ini sangat mohon di dengar dan di eksekusi ya pemerintah evaluasi jgn paksakan suatu program dan jgn malu untuk minta maaf pd masyarakat untuk berbenah jangan masyrakatnya terus yang disalahkan;tuju banget dengar eksekusi perintah evaluasi paksa program malu maaf masyarakat benah masyrakatnya salah;Positif;2;218;14
a2WXt0aW76g;Video 4;"? @user Sabar...
Semoga pada akhirnya kita akan punya pemimpin yg baik dan benar";20;sabar semoga pada akhirnya kita akan punya pemimpin yg baik dan benar;sabar moga pimpin;Positif;2;69;3
za8EqDmgeiM;Video 3;Apapun yang dikatakann dedi corbuzer, pasti selalu trust issue, karena bagaimanapun dia adalah pihak pemerintah. Begitulah kalau orang media sudah masuk pemerintahan, independensinya dalam menyiarkan informasi pasti dipertanyakan. gw kesini karena melihat bg feri diundang podcast  ctd.;0;apapun yang dikatakann dedi corbuzer pasti selalu trust issue karena bagaimanapun dia adalah pihak pemerintah begitulah kalau orang media sudah masuk pemerintahan independensinya dalam menyiarkan informasi pasti dipertanyakan gw kesini karena melihat bg feri diundang podcast ctd;apa dikatakann dedi corbuzer trust issue perintah media perintah independensinya siar informasi gw kesini feri undang podcast ctd;Negatif;0;279;18
EEmfTnEhVJ0;Video 1;Kamu kemana aja?? Sekolah wis gratis dol negeri;0;kamu kemana aja sekolah wis gratis dol negeri;mana sekolah wis gratis dol negeri;Netral;1;45;6
za8EqDmgeiM;Video 3;Mbg program presiden jauh sebelum jadi presiden, artinya itu janji yg harus ditepati dan udah tepat diserahkan swasta namanya baru mulai akan banyak kekurangan yg penting ada progres dan yg melanggar tutup saja masih banyak dapur lain kompeten.;0;mbg program presiden jauh sebelum jadi presiden artinya itu janji yg harus ditepati dan udah tepat diserahkan swasta namanya baru mulai akan banyak kekurangan yg penting ada progres dan yg melanggar tutup saja masih banyak dapur lain kompeten;mbg program presiden presiden janji tepat serah swasta nama kurang progres langgar tutup dapur kompeten;Negatif;0;242;15
rrTT_3KwcSs;Video 2;Apalagi makan siang gratis ya? Toh juga, siapa yang mau keracunan kalau lagi makan? ??;40;apalagi makan siang gratis ya toh juga siapa yang mau keracunan kalau lagi makan;makan siang gratis racun makan;Negatif;0;80;5
a2WXt0aW76g;Video 4;Setidaknya program ini lebih transparan daripada program2 lainnya. Paling yg bisa berpotensi bermain hanya Yayasan dan yg mitra. Klo memang mereka bermain kan bisa di audit sama BPK dan KPK. Apalagi di setiap Mitra ada kok pegawai BGN yg selalu menyoroti setiap dapur.;0;setidaknya program ini lebih transparan daripada program lainnya paling yg bisa berpotensi bermain hanya yayasan dan yg mitra klo memang mereka bermain kan bisa di audit sama bpk dan kpk apalagi di setiap mitra ada kok pegawai bgn yg selalu menyoroti setiap dapur;program transparan program potensi main yayasan mitra main audit bpk kpk mitra pegawai bgn sorot dapur;Positif;2;263;16
EEmfTnEhVJ0;Video 1;Yes, adanya feedbacks berupa kritik dan testimoni baik itu harusnya jadi bahan evaluasi mana saja yang sudah baik dan mana saja yang perlu diperbaiki bukannya malah jadi alat buat polarisasi.;0;yes adanya feedbacks berupa kritik dan testimoni baik itu harusnya jadi bahan evaluasi mana saja yang sudah baik dan mana saja yang perlu diperbaiki bukannya malah jadi alat buat polarisasi;yes feedbacks kritik testimoni bahan evaluasi baik alat polarisasi;Netral;1;189;9
EEmfTnEhVJ0;Video 1;Menurut gw paling efisien ya bikin instasi/divisi/departemen khusus untuk program makan siang gratis ini, bangun cabang-cabang strategis di setiap daerah untuk keperluan produksi dan distribusi. Yang hanya perlu ditunjuk untuk penyediannya hanyalah bahakln pokoknya aja, tunjuk perusahaan besar yang bisa menyediakan dan mendistribusikan bahan baku yang dibutuhkan ke cabang cabang di setiap daerah tersebut.;0;menurut gw paling efisien ya bikin instasi divisi departemen khusus untuk program makan siang gratis ini bangun cabang cabang strategis di setiap daerah untuk keperluan produksi dan distribusi yang hanya perlu ditunjuk untuk penyediannya hanyalah bahakln pokoknya aja tunjuk perusahaan besar yang bisa menyediakan dan mendistribusikan bahan baku yang dibutuhkan ke cabang cabang di setiap daerah tersebut;gw efisien bikin instasi divisi departemen program makan siang gratis bangun cabang cabang strategis daerah perlu produksi distribusi dian bahakln pokok usaha sedia distribusi bahan baku butuh cabang cabang daerah;Positif;2;404;30
rrTT_3KwcSs;Video 2;"Iya yak, kdg juga yg koar2 bisa diajak kedalam. Tiba2 redup sendiri

Pdhl banyak program yg sbnrnya bagus, tp eksekusinya disalah gunakan ??";30;iya yak kdg juga yg koar bisa diajak kedalam tiba redup sendiri pdhl banyak program yg sbnrnya bagus tp eksekusinya disalah gunakan;iya yak kdg koar ajak dalam redup pdhl program sbnrnya bagus eksekusi salah;Negatif;0;131;13
a2WXt0aW76g;Video 4;Mengapa tempo tidak bsa dibuka beritanya dihp saya.;0;mengapa tempo tidak bsa dibuka beritanya dihp saya;tempo bsa buka berita dihp;Netral;1;50;5
za8EqDmgeiM;Video 3;Tunjuk saja bobon Santoso sebagai pengawasan beliau masak gak pernah ada yang keracunan rekot nya ngak kaleng kaleng;0;tunjuk saja bobon santoso sebagai pengawasan beliau masak gak pernah ada yang keracunan rekot nya ngak kaleng kaleng;bobon santoso awas beliau masak racun rekot ngak kaleng kaleng;Netral;1;116;10
za8EqDmgeiM;Video 3;Kutipan bung tocky geeung yang selama ini masih terngiang ngiang........'Jangan membangkit kan kecerdasan orang minang dalam berdebat/berargumen, karena hal tsb sudah mengakar sejak mulai dari budaya serta lingkungan???;110;kutipan bung tocky geeung yang selama ini masih terngiang ngiang jangan membangkit kan kecerdasan orang minang dalam berdebat berargumen karena hal tsb sudah mengakar sejak mulai dari budaya serta lingkungan;kutip tocky geeung ngiang ngiang bangkit cerdas mang debat argumen tsb akar budaya lingkung;Netral;1;207;14
a2WXt0aW76g;Video 4;Masalah anggaran di Indonesia ngga ada yang Ngga bocor ??????????;0;masalah anggaran di indonesia ngga ada yang ngga bocor;anggar indonesia bocor;Netral;1;54;3
a2WXt0aW76g;Video 4;Semoga sehat selalu keluarga tempo;40;semoga sehat selalu keluarga tempo;moga sehat keluarga tempo;Netral;1;34;4
a2WXt0aW76g;Video 4;Dan ketika wawancara Hasbi juga mengatakan kurang suka dengan Media Tempo;50;dan ketika wawancara hasbi juga mengatakan kurang suka dengan media tempo;wawancara hasbi suka media tempo;Netral;1;73;5
za8EqDmgeiM;Video 3;Sampai detik ini,kami mewakili anak2 merasa DIUNTUNGKAN adanya program MBG gratis.Kami rakyat biasa dan anak2 sdh bahagia dgn menu sederhana tsb.Kelompok yg tidak setuju,pastinya sdh berkebiasaan hidup mewah dgn lauk pauk sate,bestiku yg mahal2.;0;sampai detik ini kami mewakili anak merasa diuntungkan adanya program mbg gratis kami rakyat biasa dan anak sdh bahagia dgn menu sederhana tsb kelompok yg tidak setuju pastinya sdh berkebiasaan hidup mewah dgn lauk pauk sate bestiku yg mahal;detik wakil anak untung program mbg gratis rakyat anak bahagia menu sederhana tsb kelompok tuju pasti biasa hidup mewah lauk pauk sate bestiku mahal;Positif;2;241;24
a2WXt0aW76g;Video 4;food estate  & mbg = kombinasi mantap;0;food estate mbg kombinasi mantap;food estate mbg kombinasi mantap;Positif;2;32;5
EEmfTnEhVJ0;Video 1;Yaelahh malah dibawa kemana-mana lagi hadehhh sabar mas bro semuanya kebagian. Akses yang di kota lebih mudah bro makanya kedahuluan yang dikota, dikotapun gak semuanya orang-orang kaya-kaya bro.;0;yaelahh malah dibawa kemana mana lagi hadehhh sabar mas bro semuanya kebagian akses yang di kota lebih mudah bro makanya kedahuluan yang dikota dikotapun gak semuanya orang orang kaya kaya bro;yaelahh bawa mana hadehhh sabar bagi akses kota mudah dahulu kota kota kaya kaya;Negatif;0;192;14
a2WXt0aW76g;Video 4;yeee kocak, orang itu uangnya dari pajak rakyat, dah pasti ada andil semua rakyat (termasuk yg kritik) buat modalin itu program ??;0;yeee kocak orang itu uangnya dari pajak rakyat dah pasti ada andil semua rakyat termasuk yg kritik buat modalin itu program;yeee kocak uang pajak rakyat dah andil rakyat kritik modalin program;Negatif;0;123;11
za8EqDmgeiM;Video 3;Cara nge benerin MBG biar tepat sasaran,kasih sekolah² di desa² DAN di kota² anggaran AGAR PROSES MASAK NYA DI SEKITAR SEKOLAHAN ATAU KANTIN DAN BISA JUGA DENGAN CARA MASAK NYA DI halaman kosong di sekitar sekolahan bikin tenda gede ,dan atur yang masak nya si ibu² dan pihak kantin, gw yakin masyarakat kita pasti kok gotong royong membantu,,dan jangan lupa HARUS DI AWASI PIHAK KECAMATAN ATAU LURAH ATAU KEPALA DESA AGAR ADA YANG MEMANTAU, tugas pemerintah hanya ngasih anggaran dan list bahan dan makanan apa aja yang harus di masak ,disini tugasnya lurah atau kepala desa fungsi nya ngawasin proses pengolahan makanan agar jadi laporan untuk ke bupati/gubernur;0;cara nge benerin mbg biar tepat sasaran kasih sekolah di desa dan di kota anggaran agar proses masak nya di sekitar sekolahan atau kantin dan bisa juga dengan cara masak nya di halaman kosong di sekitar sekolahan bikin tenda gede dan atur yang masak nya si ibu dan pihak kantin gw yakin masyarakat kita pasti kok gotong royong membantu dan jangan lupa harus di awasi pihak kecamatan atau lurah atau kepala desa agar ada yang memantau tugas pemerintah hanya ngasih anggaran dan list bahan dan makanan apa aja yang harus di masak disini tugasnya lurah atau kepala desa fungsi nya ngawasin proses pengolahan makanan agar jadi laporan untuk ke bupati gubernur;nge benerin mbg biar sasar kasih sekolah desa kota anggar proses masak sekolah kantin masak halaman kosong sekolah bikin tenda gede atur masak si kantin gw masyarakat gotong royong bantu lupa awas camat lurah kepala desa pantau tugas perintah ngasih anggar list bahan makan masak tugas lurah kepala desa fungsi ngawasin proses olah makan lapor bupati gubernur;Positif;2;655;57
rrTT_3KwcSs;Video 2;Nah, ini baru menarik. Mengkritisi makan bergizi gratis kepada hal-hal yang tidak tepat dan mendorong untuk diperbaiki. Prioritas, seharusnya prioritaskan dulu zona atau wilayah yang mayoritas masyarakatnya golongan bawah. Penyedia, pakailah orang atau organisasi yang kemungkinan korupsinya kecil. Budaya, gabungkanlah dengan budaya masyarakat yang suka gotong royong, jadi yang lebih mampu bantulah membawa makanan berlebih dari rumahnya supaya bisa dinikmati bersama karena inilah harusnya bangsa indonesia, gotong royong dan saling membantu. Bayangkan jika disetiap kelas ada 2-3 keluarga yang mampu, lalu membuat makanan kotak yang berlebih untuk dibawa anaknya, masing-masing bawa 4 kotak nasi, jadi 3 orang total 12 kotak nasi dengan tingkat gizi yang baik karena keluarga mampu pasti makanannya juga lebih baik.;20;nah ini baru menarik mengkritisi makan bergizi gratis kepada hal hal yang tidak tepat dan mendorong untuk diperbaiki prioritas seharusnya prioritaskan dulu zona atau wilayah yang mayoritas masyarakatnya golongan bawah penyedia pakailah orang atau organisasi yang kemungkinan korupsinya kecil budaya gabungkanlah dengan budaya masyarakat yang suka gotong royong jadi yang lebih mampu bantulah membawa makanan berlebih dari rumahnya supaya bisa dinikmati bersama karena inilah harusnya bangsa indonesia gotong royong dan saling membantu bayangkan jika disetiap kelas ada keluarga yang mampu lalu membuat makanan kotak yang berlebih untuk dibawa anaknya masing masing bawa kotak nasi jadi orang total kotak nasi dengan tingkat gizi yang baik karena keluarga mampu pasti makanannya juga lebih baik;tarik kritisi makan gizi gratis dorong baik prioritas prioritas zona wilayah mayoritas masyarakat golong sedia pakai organisasi korupsi budaya gabung budaya masyarakat suka gotong royong bantu bawa makan lebih rumah nikmat bangsa indonesia gotong royong bantu bayang tiap kelas keluarga makan kotak lebih bawa anak bawa kotak nasi total kotak nasi tingkat gizi keluarga makan;Positif;2;793;55
a2WXt0aW76g;Video 4;MBG cuma omon2??.. daerahku blom ada tuh MBG...semoga segera berhenti program MBG;0;mbg cuma omon daerahku blom ada tuh mbg semoga segera berhenti program mbg;mbg omon daerah mbg moga henti program mbg;Negatif;0;74;8
EEmfTnEhVJ0;Video 1;Terlihat mana orang yang cerdas dan mana orang yang otot besar otak nya kecil. Terimakasih bang Ferry untuk pencerahan nya.;0;terlihat mana orang yang cerdas dan mana orang yang otot besar otak nya kecil terimakasih bang ferry untuk pencerahan nya;cerdas otot otak terimakasih cerah;Positif;2;121;5
a2WXt0aW76g;Video 4;Percepatan dilakukan, terkait adanya keuntungan pribadi dan kelompok ini yg mungkin bisa di lakukan investigasi, keterbukaan perlu dilakukan yakinlah kebijakan itu baik, prosesnya marilah kita awasi bersama.;0;percepatan dilakukan terkait adanya keuntungan pribadi dan kelompok ini yg mungkin bisa di lakukan investigasi keterbukaan perlu dilakukan yakinlah kebijakan itu baik prosesnya marilah kita awasi bersama;cepat kait untung pribadi kelompok laku investigasi buka yakin bijak proses mari awas;Negatif;0;203;13
za8EqDmgeiM;Video 3;"Giliran obrolan yg penting ini gak setinggi klu berita huru hara bisa di lihat dari pemahaman org"" yg bisa buka mata tentang hal"" penting..????";10;giliran obrolan yg penting ini gak setinggi klu berita huru hara bisa di lihat dari pemahaman org yg bisa buka mata tentang hal penting;gilir obrol klu berita huru hara paham buka;Netral;1;135;8
za8EqDmgeiM;Video 3;mau bagaimanapun negara baik klo rakyatnya pilih sengsara ya ttp aja sengsara,,, ambil contoh Jepang negara maju pemerintahannya busuk misalnya, tpi rakyat mereka jujur taat aturan hasilnya pejabatnya yg mundur. intinya pemerintah dan rakyat itu hrs sejalan. dana gede dr atas klo rakyatnya tikus juga gk bakalan sampe bawah:face-blue-smiling::face-blue-smiling::face-blue-smiling:;0;mau bagaimanapun negara baik klo rakyatnya pilih sengsara ya ttp aja sengsara ambil contoh jepang negara maju pemerintahannya busuk misalnya tpi rakyat mereka jujur taat aturan hasilnya pejabatnya yg mundur intinya pemerintah dan rakyat itu hrs sejalan dana gede dr atas klo rakyatnya tikus juga gk bakalan sampe bawah face blue smiling face blue smiling face blue smiling;negara rakyat pilih sengsara ttp sengsara ambil contoh jepang negara maju perintah busuk rakyat jujur taat atur hasil jabat mundur inti perintah rakyat jalan dana gede rakyat tikus sampe face blue smiling face blue smiling face blue smiling;Negatif;0;372;38
a2WXt0aW76g;Video 4;Programnya sih  mulia, tapi gak masuk akal....ujung ujungnya proyek untuk cari untung;0;programnya sih mulia tapi gak masuk akal ujung ujungnya proyek untuk cari untung;program mulia akal ujung ujung proyek cari untung;Netral;1;80;8
EEmfTnEhVJ0;Video 1;"Pemdanya buat daftar sekolahan2 mana yg perlu mbg , jangan malu sama keadaan . Disitu akan kelihatan juga mana daerah yg masyarakatnya ""kurang"" dan mana masyarakatnya yang ""tidak kurang"" . Lebih efektif, mengena, dan sekaligus sebagai sarana introspeksi bagi pemerintahan setempat ??????";560;pemdanya buat daftar sekolahan mana yg perlu mbg jangan malu sama keadaan disitu akan kelihatan juga mana daerah yg masyarakatnya kurang dan mana masyarakatnya yang tidak kurang lebih efektif mengena dan sekaligus sebagai sarana introspeksi bagi pemerintahan setempat;pemdanya daftar sekolah mbg malu situ daerah masyarakat masyarakat efektif kena sarana introspeksi perintah;Positif;2;267;14
a2WXt0aW76g;Video 4;Ternyata proyek hanya ganti baju ttp saja  yg dekat kekuasaan yg beruntung.;10;ternyata proyek hanya ganti baju ttp saja yg dekat kekuasaan yg beruntung;proyek ganti baju ttp kuasa untung;Negatif;0;73;6
a2WXt0aW76g;Video 4;Saya  salut  dg kumentar Tempo . kaluk emang detik2nya ada bocoran tentang makan bergisi gratis cuman untuk ajang koropsi  Tlng kritik selalu. Biar gk makin hancur Negara ini ????;0;saya salut dg kumentar tempo kaluk emang detik nya ada bocoran tentang makan bergisi gratis cuman untuk ajang koropsi tlng kritik selalu biar gk makin hancur negara ini;salut tar tempo kaluk detik bocor makan bergisi gratis cuman ajang koropsi tlng kritik biar hancur negara;Positif;2;168;17
EEmfTnEhVJ0;Video 1;KHUSUS ANAK SMA TOLONG MAKAN SIANG GRATIS TAMBAH 1 BATANG SURYA;0;khusus anak sma tolong makan siang gratis tambah batang surya;anak sma tolong makan siang gratis batang surya;Negatif;0;61;8
za8EqDmgeiM;Video 3;"? @user 
PIP tidak mengcover semua siswa ( dari keluarga tidak mampu), terutama sekolah swasta yg ada didaerah.Timor leste yg katanya negara miskin saja membebaskan biaya sekolah hingga biaya kesehatan gratis . Di indonesia program2nya mungkin sudah cukup bagus tapi implementasi di lapangan jauh berbeda";0;pip tidak mengcover semua siswa dari keluarga tidak mampu terutama sekolah swasta yg ada didaerah timor leste yg katanya negara miskin saja membebaskan biaya sekolah hingga biaya kesehatan gratis di indonesia program nya mungkin sudah cukup bagus tapi implementasi di lapangan jauh berbeda;pip mengcover siswa keluarga sekolah swasta daerah timor leste negara miskin bebas biaya sekolah biaya sehat gratis indonesia program bagus implementasi lapang beda;Negatif;0;289;23
rrTT_3KwcSs;Video 2;Yang bisa jadi motivasi untuk kehidupan ku, dari bang panji buat kita juga.. mulai dulu aja, kita berproses yang jelek di perbaiki, yang baik kita teruskan... ???;0;yang bisa jadi motivasi untuk kehidupan ku dari bang panji buat kita juga mulai dulu aja kita berproses yang jelek di perbaiki yang baik kita teruskan;motivasi hidup ku proses jelek baik terus;Netral;1;150;7
a2WXt0aW76g;Video 4;Tempo media tegak lurus seperti pak Gunawan Muhammad, wartawan senior,;10;tempo media tegak lurus seperti pak gunawan muhammad wartawan senior;tempo media tegak lurus gunawan muhammad wartawan senior;Netral;1;68;8
a2WXt0aW76g;Video 4;Proyek MBG (Menguntungkan Bagi Gerindra) untuk Persiapan 2029, Mantab.;10;proyek mbg menguntungkan bagi gerindra untuk persiapan mantab;proyek mbg untung gerindra siap mantab;Netral;1;61;6
a2WXt0aW76g;Video 4;Proyek makan gizi gratis(bukan gratis) pengeluaran biaya  yaitu yayasan mitra usaha;10;proyek makan gizi gratis bukan gratis pengeluaran biaya yaitu yayasan mitra usaha;proyek makan gizi gratis gratis keluar biaya yayasan mitra usaha;Positif;2;81;10
za8EqDmgeiM;Video 3;MBG cuma cara Prabowo untuk bagi2 tender ke kroni2nya.;10;mbg cuma cara prabowo untuk bagi tender ke kroni nya;mbg prabowo tender kroni;Negatif;0;52;4
EEmfTnEhVJ0;Video 1;Bukan gratis semua sudah di apbn. Gak ada yg gratis;0;bukan gratis semua sudah di apbn gak ada yg gratis;gratis apbn gratis;Netral;1;50;3
za8EqDmgeiM;Video 3;Kebanyakan ahli/yg daftar jadi kepala dapur ditanya bpknya TNI??ditanya dari fakultas apa, fakultas hukum, ikut diklat 3 bulan, ini tinggal nunggu penempatan, aduhh;0;kebanyakan ahli yg daftar jadi kepala dapur ditanya bpknya tniditanya dari fakultas apa fakultas hukum ikut diklat bulan ini tinggal nunggu penempatan aduhh;banyak ahli daftar kepala dapur bpknya tniditanya fakultas fakultas hukum diklat tinggal nunggu tempat aduhh;Netral;1;156;15
za8EqDmgeiM;Video 3;saran aja.. ksih anggaran ke orang tua masing2.anak suruh bawa bekalnya kesekolah biar bisa di awasi.. menunya;0;saran aja ksih anggaran ke orang tua masing anak suruh bawa bekalnya kesekolah biar bisa di awasi menunya;saran ksih anggar tua anak suruh bawa bekal seko biar awas menu;Netral;1;105;12
EEmfTnEhVJ0;Video 1;"Bang Ferry tolong bikin konten analisa tentang kasus pagar laut dan seperti apa sosok mahasiswa yg bernama Sandy. 
semoga bisa menjadi edukasi buat masyarakat & generasi muda Indonesia??
salam dari Negeri Tembakau Temanggung Jateng??";10;bang ferry tolong bikin konten analisa tentang kasus pagar laut dan seperti apa sosok mahasiswa yg bernama sandy semoga bisa menjadi edukasi buat masyarakat generasi muda indonesia salam dari negeri tembakau temanggung jateng;tolong bikin konten analisa pagar laut sosok mahasiswa nama sandy moga edukasi masyarakat generasi muda indonesia negeri tembakau tanggung jateng;Netral;1;225;20
rrTT_3KwcSs;Video 2;Sekolah gratis, sampe ke seragam sama buku bukunya.., plus MBG ..itu baru program keren, klo cuma MBG aja anak2 miskin yg gak sekolah mana ngerasain...;0;sekolah gratis sampe ke seragam sama buku bukunya plus mbg itu baru program keren klo cuma mbg aja anak miskin yg gak sekolah mana ngerasain;sekolah gratis sampe seragam buku buku plus mbg program keren mbg anak miskin sekolah ngerasain;Negatif;0;140;15
EEmfTnEhVJ0;Video 1;"MBG ini program yg sangat bagus, cma klau menurut gw gak tepat sasaran. Gw lbh sepakat MBG hanya khusus Bumil, bayi, balita hingga anak SD atau klau anggaran memungkinkan bsa SMP. 

Mengapa? Menurut gw memberi makananan bergizi bagi anak SD yg sdh mengalami masalah gizi sejak bayi dan balita bisa jd sdh terlambat utk mengatasi masalh gizi pada anak2

Mengapa";0;mbg ini program yg sangat bagus cma klau menurut gw gak tepat sasaran gw lbh sepakat mbg hanya khusus bumil bayi balita hingga anak sd atau klau anggaran memungkinkan bsa smp mengapa menurut gw memberi makananan bergizi bagi anak sd yg sdh mengalami masalah gizi sejak bayi dan balita bisa jd sdh terlambat utk mengatasi masalh gizi pada anak mengapa;mbg program bagus cma klau gw sasar gw lbh sepakat mbg bumil bayi balita anak sd klau anggar bsa smp gw makananan gizi anak sd alami gizi bayi balita lambat atas masalh gizi anak;Netral;1;350;34
EEmfTnEhVJ0;Video 1;Makan siang gratis sudah ada sebelum program makan siang gratis, yaitu Jumat berkah, yg dimana habis jumatan jamaah bisa makan siang gratis dan mayoritas anak-anak SD yang dominan??. Daripada di sekolah, kenapa gak di masjid atau rumah ibadah kepercayaan agama lain, sapa tau lebih transparan gitu;0;makan siang gratis sudah ada sebelum program makan siang gratis yaitu jumat berkah yg dimana habis jumatan jamaah bisa makan siang gratis dan mayoritas anak anak sd yang dominan daripada di sekolah kenapa gak di masjid atau rumah ibadah kepercayaan agama lain sapa tau lebih transparan gitu;makan siang gratis program makan siang gratis jumat berkah mana habis jumat jamaah makan siang gratis mayoritas anak anak sd dominan sekolah masjid rumah ibadah percaya agama sapa tau transparan gitu;Netral;1;290;31
za8EqDmgeiM;Video 3;54:00 KARENA PADA DASARNYA PEMERINTAH KITA GAK SUKA RAKYATNYA CERDAS YA BANG.. AHAHAHAHA;30;karena pada dasarnya pemerintah kita gak suka rakyatnya cerdas ya bang ahahahaha;dasar perintah suka rakyat cerdas ahahahaha;Negatif;0;80;6
EEmfTnEhVJ0;Video 1;ya gimna ya bikin makan gratis di negara yg belum seasembada pangan itu ambigu bagi gua ya;10;ya gimna ya bikin makan gratis di negara yg belum seasembada pangan itu ambigu bagi gua ya;gimna bikin makan gratis negara seasembada pangan ambigu gua;Negatif;0;90;9
za8EqDmgeiM;Video 3;Mbg yg sekarang hanya kelinci percobaan;0;mbg yg sekarang hanya kelinci percobaan;mbg kelinci coba;Negatif;0;39;3
a2WXt0aW76g;Video 4;Ada udang di balik proyek;0;ada udang di balik proyek;udang proyek;Netral;1;25;2
za8EqDmgeiM;Video 3;jajanan kaki lima,gerobak,sepeda, wadah pakai plastik...Alhmdllh blm pernah keracunan dari SD,SMP,SMA... lah ini AMPUUUNNNN;0;jajanan kaki lima gerobak sepeda wadah pakai plastik alhmdllh blm pernah keracunan dari sd smp sma lah ini ampuuunnnn;jajan kaki gerobak sepeda wadah pakai plastik alhmdllh racun sd smp sma ampuuunnnn;Positif;2;117;13
EEmfTnEhVJ0;Video 1;ekpektasi misal 15 rebu per porsi palinng yang didapet si anak malah makanan seharga 8 sampe 10 rebuan haha yakin gue.;0;ekpektasi misal rebu per porsi palinng yang didapet si anak malah makanan seharga sampe rebuan haha yakin gue;ekpektasi rebu porsi palinng didapet si anak makan harga sampe rebu gue;Negatif;0;109;12
a2WXt0aW76g;Video 4;kalau tujuan pk presiden prabowo sebenarnya baik cuma pelaksananya  ada yg kurang baik , bisa jadi yg bikin gaduh fi program MBG, justrru orang yg  fati awal besebrangan dgn politik  pk ptabowo.;0;kalau tujuan pk presiden prabowo sebenarnya baik cuma pelaksananya ada yg kurang baik bisa jadi yg bikin gaduh fi program mbg justrru orang yg fati awal besebrangan dgn politik pk ptabowo;tuju pk presiden prabowo laksana bikin gaduh fi program mbg justrru fati besebrangan politik pk ptabowo;Netral;1;187;16
a2WXt0aW76g;Video 4;Sejak awal saya sudah menyampaikan sebaiknya dana MBG digunakan untuk biaya pemilu ulang atau dialokasikan untuk pendidikan dan internet gratis;0;sejak awal saya sudah menyampaikan sebaiknya dana mbg digunakan untuk biaya pemilu ulang atau dialokasikan untuk pendidikan dan internet gratis;dana mbg biaya milu ulang alokasi didik internet gratis;Negatif;0;143;9
a2WXt0aW76g;Video 4;Tahun 80 an Nenek saya mendirikan Taman kanak kanak, beliau menyediakan free meal, caranya di TK itu dibangun dapur. Seperti yang ada di sekolah-sekolah jepang.;0;tahun an nenek saya mendirikan taman kanak kanak beliau menyediakan free meal caranya di tk itu dibangun dapur seperti yang ada di sekolah sekolah jepang;tahun an nenek diri taman kanak kanak beliau sedia free meal tk bangun dapur sekolah sekolah jepang;Positif;2;153;17
a2WXt0aW76g;Video 4;"Pake tattooo ??? 
Biasanya yg bertatoo, diberi pandangan tersendiri oleh masyarakat .";0;pake tattooo biasanya yg bertatoo diberi pandangan tersendiri oleh masyarakat;pake tattooo bertatoo pandang sendiri masyarakat;Netral;1;77;6
za8EqDmgeiM;Video 3;Saya dari dinas pertanian di NTT. Masalah bergizi bukan enak/engga tapi kandungan zat yg berguna buat perkembangan anak dan ketersediaan pangan lokal untuk meningkatkan UMKM lewat program ini. Jadi bagus2 aja;0;saya dari dinas pertanian di ntt masalah bergizi bukan enak engga tapi kandungan zat yg berguna buat perkembangan anak dan ketersediaan pangan lokal untuk meningkatkan umkm lewat program ini jadi bagus aja;dinas tani ntt gizi engga kandung zat guna kembang anak sedia pangan lokal tingkat umkm program bagus;Positif;2;205;17
EEmfTnEhVJ0;Video 1;"@user   terima kasih untuk diskusinya, mungkin terkesan konyol buat ente, tp saya yg dulu sekolah merasakan senioritas yg kelas 10 ga boleh makan di kantin (kelas 11 dan 12 yg boleh), anak kelas 10 makan kudu ngumpul di parkiran apalagi zaman saya dulu blm ada sosmed jadi ga bisa ngeviralkan kasus kaya gini dan saat melihat anak sekolah skrg bisa makan bersama, seragam menunya dan bisa kumpul bersama gini senang ngeliatnya. Ga perlu lah anak skrg ngerasain senioritas kaya saya dulu yg cuma mau makan aja ribet ga boleh di kantin sekolah.

Iya program ini emg banyak kekurangan nya makanya perlu pengawasan yg ketat, evaluasi bertahap juga apakah sesuai target atau engga, atau engga solusi kaya yg bang ferry bilang dibuat bertahap dulu misal 2 atau 3 hari seminggu";0;terima kasih untuk diskusinya mungkin terkesan konyol buat ente tp saya yg dulu sekolah merasakan senioritas yg kelas ga boleh makan di kantin kelas dan yg boleh anak kelas makan kudu ngumpul di parkiran apalagi zaman saya dulu blm ada sosmed jadi ga bisa ngeviralkan kasus kaya gini dan saat melihat anak sekolah skrg bisa makan bersama seragam menunya dan bisa kumpul bersama gini senang ngeliatnya ga perlu lah anak skrg ngerasain senioritas kaya saya dulu yg cuma mau makan aja ribet ga boleh di kantin sekolah iya program ini emg banyak kekurangan nya makanya perlu pengawasan yg ketat evaluasi bertahap juga apakah sesuai target atau engga atau engga solusi kaya yg bang ferry bilang dibuat bertahap dulu misal atau hari seminggu;terima kasih diskusi kes konyol ente sekolah rasa senioritas kelas makan kantin kelas anak kelas makan kudu ngumpul parkir zaman sosmed ngeviralkan kaya gin anak sekolah skrg makan seragam menu kumpul gin senang ngeliatnya anak skrg ngerasain senioritas kaya makan ribet kantin sekolah iya program kurang awas ketat evaluasi tahap sesuai target engga engga solusi kaya tahap minggu;Negatif;0;735;58
rrTT_3KwcSs;Video 2;"programnya kan MAKAN GRATIS....
bukan MAKAN ENAK";0;programnya kan makan gratis bukan makan enak;program makan gratis makan;Netral;1;44;4
za8EqDmgeiM;Video 3;Satu hal yg harus lu tau om, katakan salah kalo program pemerintah itu gk baik, jgn terus lu bela om;0;satu hal yg harus lu tau om katakan salah kalo program pemerintah itu gk baik jgn terus lu bela om;lu tau salah program perintah lu bela;Netral;1;98;7
EEmfTnEhVJ0;Video 1;saya lebih setuju anggaran dipakai untuk riset sains dan teknologi;0;saya lebih setuju anggaran dipakai untuk riset sains dan teknologi;tuju anggar pakai riset sains teknologi;Negatif;0;66;6
EEmfTnEhVJ0;Video 1;Dulu zaman gw sd, waktu itu makanan masi bisa dijangkau, yg kita butuhin justru buku gratis;0;dulu zaman gw sd waktu itu makanan masi bisa dijangkau yg kita butuhin justru buku gratis;zaman gw sd waktu makan mas jangkau butuhin buku gratis;Negatif;0;89;10
a2WXt0aW76g;Video 4;proyek 3jt rumah;0;proyek jt rumah;proyek jt rumah;Netral;1;15;3
EEmfTnEhVJ0;Video 1;"0.49
menurut gw, org yg nonton chanel ini udh pinter2.
dan cara mereka untuk memastikan kalau chanel ini untuk bahas soal ini, ya seperti itu.
karena ini sebuah ketikan, tanpa melihat cara mereka menyatakannya.";0;menurut gw org yg nonton chanel ini udh pinter dan cara mereka untuk memastikan kalau chanel ini untuk bahas soal ini ya seperti itu karena ini sebuah ketikan tanpa melihat cara mereka menyatakannya;gw nonton chanel pinter chanel bahas keti nyata;Netral;1;198;8
a2WXt0aW76g;Video 4;Satu kabupaten baru 3 sekolahan yg di uji coba tapi beritanya glowing.proyek raja omon omon;0;satu kabupaten baru sekolahan yg di uji coba tapi beritanya glowing proyek raja omon omon;kabupaten sekolah uji coba berita glowing proyek raja omon omon;Negatif;0;89;10
za8EqDmgeiM;Video 3;Dari Prabowo lah??;0;dari prabowo lah;prabowo;Netral;1;16;1
EEmfTnEhVJ0;Video 1;"Setuju/ ga setuju, gw rasa perlu diapresiasi kalo program se kontroversial ini bisa beneran jalan di tahun pertama dan bukan sekedar janji kampanye... Gw si setuju"" aja sama program ini, tapi bener kata lu, yg harus ada itu transparansi pembiayaannya biar ga ada penyelewengan dan korupsi.. inget jaman ahok gub jakarta sempet buka semua apbn skrng kmn :))";0;setuju ga setuju gw rasa perlu diapresiasi kalo program se kontroversial ini bisa beneran jalan di tahun pertama dan bukan sekedar janji kampanye gw si setuju aja sama program ini tapi bener kata lu yg harus ada itu transparansi pembiayaannya biar ga ada penyelewengan dan korupsi inget jaman ahok gub jakarta sempet buka semua apbn skrng kmn;tuju tuju gw apresiasi program kontroversial beneran jalan tahun dar janji kampanye gw si tuju program bener lu transparansi biaya biar seleweng korupsi inget jaman ahok gub jakarta sempet buka apbn skrng kmn;Positif;2;342;33
za8EqDmgeiM;Video 3;Kalo feri amsari ngmg, sdh pasti DAGING semua...nambah ilmu dan wawasan;0;kalo feri amsari ngmg sdh pasti daging semua nambah ilmu dan wawasan;feri amsari ngmg daging nambah ilmu wawas;Negatif;0;68;7
a2WXt0aW76g;Video 4;Mantap Tempo teruslah menebar berita yg baik,kritik terus pemerntah yg berbau korupsi dan penyelewengan kekuasaan;0;mantap tempo teruslah menebar berita yg baik kritik terus pemerntah yg berbau korupsi dan penyelewengan kekuasaan;mantap tempo terus tebar berita kritik pemerntah bau korupsi seleweng kuasa;Positif;2;113;11
za8EqDmgeiM;Video 3;"dan pertemuan ini klop sekali. 
mas deddy tau dan merasakan keresahan yang terjadi, namun dia perlu pendapat dan pandangan dari pengamat/peneliti untuk mempertajam pemahaman akan apa kesalahan yang terjadi dan perbaikan yang diperlukan.
mas Feri Amsari tau CTD adalah platform media terbesar di Indonesia saat ini, dan memang dijalankan oleh org dekat pimpinan, beliau sadar ini kesempatan emas pandangan dan pengamatan mas Feri teresonansi seluas dan sekuat mungkin.
dan kita sadar siapapun, pihak manapun, semua ingin Indonesia yang lebih baik.";0;dan pertemuan ini klop sekali mas deddy tau dan merasakan keresahan yang terjadi namun dia perlu pendapat dan pandangan dari pengamat peneliti untuk mempertajam pemahaman akan apa kesalahan yang terjadi dan perbaikan yang diperlukan mas feri amsari tau ctd adalah platform media terbesar di indonesia saat ini dan memang dijalankan oleh org dekat pimpinan beliau sadar ini kesempatan emas pandangan dan pengamatan mas feri teresonansi seluas dan sekuat mungkin dan kita sadar siapapun pihak manapun semua ingin indonesia yang lebih baik;temu klop tau rasa resah dapat pandang amat teliti tajam paham salah baik feri amsari tau ctd platform media besar indonesia jalan pimpin beliau sadar sempat emas pandang amat feri resonansi luas kuat sadar mana indonesia;Netral;1;536;36
rrTT_3KwcSs;Video 2;"18:58
19:19
19:27
19:49
19:50
20:03
21:20
21:21
21:40
29:02
jadi ingat seseorang yg penontonnya smart pipel semua (katanya)";0;jadi ingat seseorang yg penontonnya smart pipel semua katanya;tonton smart pipel;Negatif;0;61;3
a2WXt0aW76g;Video 4;Turut berduka cita atas digesernya pak Hasan Hasbi dari posisi Jubir Kepresidenan.;20;turut berduka cita atas digesernya pak hasan hasbi dari posisi jubir kepresidenan;duka cita geser hasan hasbi posisi jubir presiden;Netral;1;81;8
v2QNDjfDrL8;Video 5;Iya ya... emang susah sih masak untuk ribuan orang, tapi wow kayak pedagang kaki lima ?? udah bukan coklat lagi, hitammm;0;iya ya emang susah sih masak untuk ribuan orang tapi wow kayak pedagang kaki lima udah bukan coklat lagi hitammm;iya susah masak ribu wow kayak dagang kaki coklat hitammm;Negatif;0;112;10
rrTT_3KwcSs;Video 2;Cahyadi dan Mulyono kawan baik;0;cahyadi dan mulyono kawan baik;cahyadi mulyono kawan;Positif;2;30;3
za8EqDmgeiM;Video 3;Orang kyk bang feri ini yg memang benar-benar oposisi sejati, bicara secara gamblang, transparan, tapi dgn cara yg elegan. Bisa memberikan sudut pandang yg obyektif dlm menilai pemerintah sbg penyelenggara negara. Baik diapresiasi, yg kurang dikritik. Seperti inilah demokrasi yg sehat;100;orang kyk bang feri ini yg memang benar benar oposisi sejati bicara secara gamblang transparan tapi dgn cara yg elegan bisa memberikan sudut pandang yg obyektif dlm menilai pemerintah sbg penyelenggara negara baik diapresiasi yg kurang dikritik seperti inilah demokrasi yg sehat;kyk feri oposisi sejati bicara gamblang transparan elegan sudut pandang obyektif nilai perintah sbg selenggara negara apresiasi kritik demokrasi sehat;Positif;2;278;20
a2WXt0aW76g;Video 4;Entah mental yg mmg sudah begitu atau mmg pengetahuan apa itu tindakan KORUP yg tak memadai. Tapi apapun itu penting untuk menghadirkan pendidikan anti korupsi ke anak2 sedini mgkn di sekolah2 kita, mgkn kdpn kta tak sempat melihat dan menikmati hasil dari pendidikan itu tapi itu untk masa depan indonesia nanti yg lebih baik. Mental pejabat dan masyarakat kita saat ini sudah tak bisa diharap, percayalah jika tdk ada langkah nyata maka mmg gelap lah kita smua, bubar!;0;entah mental yg mmg sudah begitu atau mmg pengetahuan apa itu tindakan korup yg tak memadai tapi apapun itu penting untuk menghadirkan pendidikan anti korupsi ke anak sedini mgkn di sekolah kita mgkn kdpn kta tak sempat melihat dan menikmati hasil dari pendidikan itu tapi itu untk masa depan indonesia nanti yg lebih baik mental pejabat dan masyarakat kita saat ini sudah tak bisa diharap percayalah jika tdk ada langkah nyata maka mmg gelap lah kita smua bubar;mental mmg mmg tahu tindak korup pada apa hadir didik anti korupsi anak din mgkn sekolah mgkn kdpn kta nikmat hasil didik untk indonesia mental jabat masyarakat harap percaya langkah mmg gelap smua bubar;Netral;1;462;34
EEmfTnEhVJ0;Video 1;selain vendor juga stakeholder nya bang ferry, kita gabisa pura pura gatau, sometime keliatan kaya vendor yg salah tp nyatanya anggarannya dipangkas abis abisan dr atas sehingga vendor ya cuma bisa ngasiih itu;0;selain vendor juga stakeholder nya bang ferry kita gabisa pura pura gatau sometime keliatan kaya vendor yg salah tp nyatanya anggarannya dipangkas abis abisan dr atas sehingga vendor ya cuma bisa ngasiih itu;vendor stakeholder gabisa pura pura gatau sometime liat kaya vendor salah anggar pangkas abis abis vendor ngasiih;Negatif;0;207;17
a2WXt0aW76g;Video 4;Program MBG.., mata rantainya banyak terkait dgn   kegiatan RAKYAT,  contoh: satu product saja misalnya buah, satu jenis buah terkait dgn memajukan kebun, karyawan kebun.., karyawan transfortasi, para pekerja pencari sumber2 buah, penampung buah &  karyawan nya.., bahan makanan dapur yg banyak terkait dgn petani & peternak. Karyawan masak, karyawan cuci ompreng , transfortasi angkut ompreng..dll.., cek saja lapangan.., jgn hanya menurut pikiran yg sempit saja..! ..tapi aku suka tempo..??;0;program mbg mata rantainya banyak terkait dgn kegiatan rakyat contoh satu product saja misalnya buah satu jenis buah terkait dgn memajukan kebun karyawan kebun karyawan transfortasi para pekerja pencari sumber buah penampung buah karyawan nya bahan makanan dapur yg banyak terkait dgn petani peternak karyawan masak karyawan cuci ompreng transfortasi angkut ompreng dll cek saja lapangan jgn hanya menurut pikiran yg sempit saja tapi aku suka tempo;program mbg rantai kait giat rakyat contoh product buah jenis buah kait maju kebun karyawan kebun karyawan transfortasi kerja cari sumber buah tampung buah karyawan bahan makan dapur kait tani ternak karyawan masak karyawan cuci ompreng transfortasi angkut ompreng dll cek lapang pikir sempit suka tempo;Positif;2;448;46
EEmfTnEhVJ0;Video 1;karena banyak proyek/tender itu di kota. kalau di pelosok orangnya gotong royong nggak pakai tender²an. kalau orang² pelosok/kampung banyak yang kaya insya Allah gak ada yang kelaparan ko. kalau di kota² justru rawan kelaparan orang² yang tinggal di kawasan kumuh gak bakal diperhatiin sama pemerintah atau warga karena kebanyakan pendatang.;10;karena banyak proyek tender itu di kota kalau di pelosok orangnya gotong royong nggak pakai tenderan kalau orang pelosok kampung banyak yang kaya insya allah gak ada yang kelaparan ko kalau di kota justru rawan kelaparan orang yang tinggal di kawasan kumuh gak bakal diperhatiin sama pemerintah atau warga karena kebanyakan pendatang;proyek tender kota pelosok orang gotong royong pakai tender pelosok kampung kaya insya allah lapar ko kota rawan lapar tinggal kawasan kumuh diperhatiin perintah warga banyak datang;Negatif;0;333;27
za8EqDmgeiM;Video 3;"hari ini saya setuju dengan bang feri. 
yang jadi pertanyaan saya sekarang, kemana si GERUNG? 
Senjak PRABOWO jadi PRESIDEN,gak ada BACOT nya yg keras terhadap kebijakan pemerintahan saat ini.";0;hari ini saya setuju dengan bang feri yang jadi pertanyaan saya sekarang kemana si gerung senjak prabowo jadi presiden gak ada bacot nya yg keras terhadap kebijakan pemerintahan saat ini;tuju feri mana si gerung senjak prabowo presiden bacot keras bijak perintah;Negatif;0;186;12
za8EqDmgeiM;Video 3;Menit 33 bagus sekali.. Baru dekat dengan penguasa aja smart people bisa berubah lho, apalagi masuk ke lingkaran penguasa..;0;menit bagus sekali baru dekat dengan penguasa aja smart people bisa berubah lho apalagi masuk ke lingkaran penguasa;menit bagus kuasa smart people ubah lho lingkar kuasa;Negatif;0;115;9
za8EqDmgeiM;Video 3;mau tau cara agar MBG berhasil, STOP dulu semua, bentuk tim gizi yang benar2 ahli gizi dan bentuk pengawas, training semua karyawan MBG. jangan takut/malu mengeroksi pekerjaan yg tidak sempurna;0;mau tau cara agar mbg berhasil stop dulu semua bentuk tim gizi yang benar ahli gizi dan bentuk pengawas training semua karyawan mbg jangan takut malu mengeroksi pekerjaan yg tidak sempurna;tau mbg hasil stop bentuk tim gizi ahli gizi bentuk awas training karyawan mbg takut malu mengeroksi kerja sempurna;Positif;2;188;19
a2WXt0aW76g;Video 4;Gw termasuk setuju program mbg, tapi juga sekaligus mendukung tempo yg selalu mengkritik pemerintah.;0;gw termasuk setuju program mbg tapi juga sekaligus mendukung tempo yg selalu mengkritik pemerintah;gw tuju program mbg dukung tempo kritik perintah;Netral;1;98;8
za8EqDmgeiM;Video 3;Betul banget??.. program SmartTV juga sampe bawah udh dipotong2??...;0;betul banget program smarttv juga sampe bawah udh dipotong;banget program smarttv sampe potong;Negatif;0;58;5
a2WXt0aW76g;Video 4;D daerah saya sampe sekarang belum sekali pun dapat MBG sama sekali desa mangli kec. Randudongkal kab. Pemalang jawa tengah;0;d daerah saya sampe sekarang belum sekali pun dapat mbg sama sekali desa mangli kec randudongkal kab pemalang jawa tengah;daerah sampe mbg desa mangli kec randudongkal kab malang jawa tengah;Negatif;0;121;11
EEmfTnEhVJ0;Video 1;"1. Sehatkan keseterdiaan biaya (perkuat ekonomi)
2. Berantas korupsi / uu perampasan aset
Setau saya 2 poin ini g ada di visi misi pak prabowo-gibran

Yg ada di vismis 02 secara garis besar :
1. Makan bergizi gratis
2. Naikan gaji pejabat (dgn harapan ga ada lg yg korup??)
3. Meningkatkan rasio pajak
4. Hilirisasi";50;sehatkan keseterdiaan biaya perkuat ekonomi berantas korupsi uu perampasan aset setau saya poin ini g ada di visi misi pak prabowo gibran yg ada di vismis secara garis besar makan bergizi gratis naikan gaji pejabat dgn harapan ga ada lg yg korup meningkatkan rasio pajak hilirisasi;sehat dia biaya kuat ekonomi berantas korupsi uu ampas aset tau poin visi misi prabowo gibran vismis garis makan gizi gratis naik gaji jabat harap lg korup tingkat rasio pajak hilir;Negatif;0;281;31
EEmfTnEhVJ0;Video 1;"Setuju banget di bagian ""utamakan di daerah pelosok dulu."" Saya sebagai ortu gak masalah kok semisal program ini diprioritaskan pada yang susah makan saja";9730;setuju banget di bagian utamakan di daerah pelosok dulu saya sebagai ortu gak masalah kok semisal program ini diprioritaskan pada yang susah makan saja;tuju banget utama daerah pelosok ortu program prioritas susah makan;Positif;2;151;10
EEmfTnEhVJ0;Video 1;setuju dengan bang ferry. mulai dengan daerah terpencil yg betul2 membutuhkan dulu, dan memberdayakan kantin yg dimana terkena dampak penurunan omset setelah diberlakukannya makan siang gratis. untuk kota2 besar bisa menggunakan CSR dari perusahaan untuk menekan pengeluaran anggaran negara.;0;setuju dengan bang ferry mulai dengan daerah terpencil yg betul membutuhkan dulu dan memberdayakan kantin yg dimana terkena dampak penurunan omset setelah diberlakukannya makan siang gratis untuk kota besar bisa menggunakan csr dari perusahaan untuk menekan pengeluaran anggaran negara;tuju daerah pencil butuh daya kantin mana kena dampak turun omset laku makan siang gratis kota csr usaha tekan keluar anggar negara;Positif;2;285;22
rrTT_3KwcSs;Video 2;Program jkw untuk mengembangbiakan judol, itu sudah berhasil. Tinggal diteruskan saja;0;program jkw untuk mengembangbiakan judol itu sudah berhasil tinggal diteruskan saja;program jkw mengembangbiakan judol hasil tinggal terus;Negatif;0;83;7
EEmfTnEhVJ0;Video 1;Yuk jd menteri yuk bang di masa depan;0;yuk jd menteri yuk bang di masa depan;yuk menteri yuk;Netral;1;37;3
EEmfTnEhVJ0;Video 1;bang Ferry, punten bang ferry sangat terlihat cukup bijak, objektif, dan solutif membahas makan gratis ini, just ask mengapa kalau pas beberapa bulan lalu bahas pendidikan, feelnya sangat tendensius sekali? padahal banyak lho program merdeka belajar yang berhasil, terutama di level perguruan tinggi, apa karena pecahannya sekarang dipegang dgn muhammadiyah?;0;bang ferry punten bang ferry sangat terlihat cukup bijak objektif dan solutif membahas makan gratis ini just ask mengapa kalau pas beberapa bulan lalu bahas pendidikan feelnya sangat tendensius sekali padahal banyak lho program merdeka belajar yang berhasil terutama di level perguruan tinggi apa karena pecahannya sekarang dipegang dgn muhammadiyah;punten bijak objektif solutif bahas makan gratis just ask pas bahas didik feelnya tendensius lho program merdeka ajar hasil level guru tinggi pecah pegang muhammadiyah;Positif;2;349;25
EEmfTnEhVJ0;Video 1;? @user nggak bisa jadi alasan juga sih, harusnya kalau serius mengutamakan pedalaman maka pemerintah terlihat serius dalam menjalankan program, karena bakal memanfaatkan anggarannya untuk mengelola logistik daerah plosok.;10;nggak bisa jadi alasan juga sih harusnya kalau serius mengutamakan pedalaman maka pemerintah terlihat serius dalam menjalankan program karena bakal memanfaatkan anggarannya untuk mengelola logistik daerah plosok;alas serius utama dalam perintah serius jalan program manfaat anggar kelola logistik daerah plosok;Netral;1;211;14
za8EqDmgeiM;Video 3;Seperti di korea,jepang, aja..dapurnya di bikin kantin sekolah ..anggaran lebih efisien yg buat ngontrak jadi ga, yg buat biaya mobil traportasi jadi ga ada,anggaran bisa jadi masuk ke pokok makanan agar lebih baik.. Kan 15000 - 3000 untuk operasional - 2000 untuk sewa tempat - 1000 rupiyah untuk untung saham yg bikin dapur sppg habisnya banyak dikelola oleh pengusaha...total untuk bahan pokok sisa 9000 kalau gak salah bang... Tapi klo kantin sekolah Seperti di luar negeri bisa 12000 masuk untuk bahan pokok nya..jadi baik kan,juga masakan hanya anak yg sekolah disatujuan tempat itu..hingga makanannya lebih baik;0;seperti di korea jepang aja dapurnya di bikin kantin sekolah anggaran lebih efisien yg buat ngontrak jadi ga yg buat biaya mobil traportasi jadi ga ada anggaran bisa jadi masuk ke pokok makanan agar lebih baik kan untuk operasional untuk sewa tempat rupiyah untuk untung saham yg bikin dapur sppg habisnya banyak dikelola oleh pengusaha total untuk bahan pokok sisa kalau gak salah bang tapi klo kantin sekolah seperti di luar negeri bisa masuk untuk bahan pokok nya jadi baik kan juga masakan hanya anak yg sekolah disatujuan tempat itu hingga makanannya lebih baik;korea jepang dapur bikin kantin sekolah anggar efisien ngontrak biaya mobil traportasi anggar pokok makan operasional sewa rupiyah untung saham bikin dapur sppg habis kelola usaha total bahan pokok sisa salah kantin sekolah negeri bahan pokok masakan anak sekolah disatujuan makan;Netral;1;566;41
EEmfTnEhVJ0;Video 1;Program ambisius yang minim planing dan pengawasan tapi butuh dana yang sangat besar. Salah satu kegagalan prabowo gibran dalam memimpin Indonesia adalah planing dan eksekusi program ini;0;program ambisius yang minim planing dan pengawasan tapi butuh dana yang sangat besar salah satu kegagalan prabowo gibran dalam memimpin indonesia adalah planing dan eksekusi program ini;program ambisius minim planing awas butuh dana salah gagal prabowo gibran pimpin indonesia planing eksekusi program;Negatif;0;185;16
EEmfTnEhVJ0;Video 1;Tidak ada yang salah dari makan gratis anak indonesia, tapi sebelum itu alangkah baiknya kalau jajanan makanan anak indonesia lebih teregulasi dikontrol untuk keseragaman standar  jajajan sehat kayak siagapura. Coba periksa jajan anak-anak sekarang di makanan kemasan, kandungan gulanya emang gila coy. Inima indonesia diabetes 2045 wkwkwk;10;tidak ada yang salah dari makan gratis anak indonesia tapi sebelum itu alangkah baiknya kalau jajanan makanan anak indonesia lebih teregulasi dikontrol untuk keseragaman standar jajajan sehat kayak siagapura coba periksa jajan anak anak sekarang di makanan kemasan kandungan gulanya emang gila coy inima indonesia diabetes wkwkwk;salah makan gratis anak indonesia alangkah baik jajan makan anak indonesia regulasi kontrol seragam standar jajajan sehat kayak siagapura coba periksa jajan anak anak makan kemas kandung gula gila coy inima indonesia diabetes;Negatif;0;329;33
rrTT_3KwcSs;Video 2;Setuju ... ini memberikan kesempatan ahli gizi kita untuk melihat kondisi pelosok ... Saya pernah kerja di rig minyak dan miris dan sedih melihat kondisi wilayah yang ada disekitar pengeboran minyak ... Semoga saja program ini bisa memberikan solusi.;10;setuju ini memberikan kesempatan ahli gizi kita untuk melihat kondisi pelosok saya pernah kerja di rig minyak dan miris dan sedih melihat kondisi wilayah yang ada disekitar pengeboran minyak semoga saja program ini bisa memberikan solusi;tuju sempat ahli gizi kondisi pelosok rig minyak miris sedih kondisi wilayah sekitar bor minyak moga program solusi;Positif;2;237;18
a2WXt0aW76g;Video 4;Yg sehat makan gizi gratis bukan anak anak sekolah, tetapi prabowo cs;0;yg sehat makan gizi gratis bukan anak anak sekolah tetapi prabowo cs;sehat makan gizi gratis anak anak sekolah prabowo cs;Negatif;0;68;9
a2WXt0aW76g;Video 4;Hi Tempo, great piece of work as always! Sedikit saran, jangan lengah hingga akhirnya meneruskan komunikasi misleading yang diprakarsai oleh Prabowo. Mencegah stunting tepatnya bukan dari makan siang gratis anak usia sekolah, tapi harus dimulai dari perbaikan gizi sejak kehamilan. MBG lebih masuk akal untuk mengentaskan gizi buruk.;0;hi tempo great piece of work as always sedikit saran jangan lengah hingga akhirnya meneruskan komunikasi misleading yang diprakarsai oleh prabowo mencegah stunting tepatnya bukan dari makan siang gratis anak usia sekolah tapi harus dimulai dari perbaikan gizi sejak kehamilan mbg lebih masuk akal untuk mengentaskan gizi buruk;hi tempo great piece of work as always saran lengah terus komunikasi misleading prakarsa prabowo cegah stunting tepat makan siang gratis anak usia sekolah baik gizi hamil mbg akal entas gizi buruk;Positif;2;326;32
za8EqDmgeiM;Video 3;di daerahku sini, para vendor MBG kebanyakan adalah anggota dpr2 kabupaten.;0;di daerahku sini para vendor mbg kebanyakan adalah anggota dpr kabupaten;daerah vendor mbg banyak anggota dpr kabupaten;Netral;1;72;7
za8EqDmgeiM;Video 3;Harusnya sistemnya dulu, standar menu disiapkan dulu;0;harusnya sistemnya dulu standar menu disiapkan dulu;sistem standar menu siap;Netral;1;51;4
EEmfTnEhVJ0;Video 1;Kritik itu perlu. Utk evaluasi dan jadi lebih baik;10;kritik itu perlu utk evaluasi dan jadi lebih baik;kritik evaluasi;Netral;1;49;2
a2WXt0aW76g;Video 4;Pemerintah yang ideal menurut tempo seperti apa, kan semua program salah terus yang bemar tuch seperti apa dan ada contoh nya dan apakah bisa merumuskan program yang benar selerti apa;0;pemerintah yang ideal menurut tempo seperti apa kan semua program salah terus yang bemar tuch seperti apa dan ada contoh nya dan apakah bisa merumuskan program yang benar selerti apa;perintah ideal tempo program salah bar tuch contoh rumus program selerti;Negatif;0;182;11
a2WXt0aW76g;Video 4;Program MBG adalah politik balas budi terhadap tim pemenangan mas wowo;0;program mbg adalah politik balas budi terhadap tim pemenangan mas wowo;program mbg politik balas budi tim menang wowo;Negatif;0;70;8
za8EqDmgeiM;Video 3;BGN nunjuk vendor terus vendornya nunjuk vendor lagi ahahaha di kabupaten oki bisa di cek gak;0;bgn nunjuk vendor terus vendornya nunjuk vendor lagi ahahaha di kabupaten oki bisa di cek gak;bgn nunjuk vendor vendor nunjuk vendor ahahaha kabupaten oki cek;Netral;1;93;10
za8EqDmgeiM;Video 3;"Memaksimalkan peran kantin yang SUDAH ADA di sekolah mungkin termasuk solusi yang masuk akal dan lebih realistis, ketimbang membangun ribuan atau puluhan ribu dapur umum dalam waktu singkat beserta SOP manajerialnya yang terkesan terburu2, yang mana ternyata itu milik swasta bahkan pejabat yang jadi owner dari dapur tersebut. Dari desas-desus yang beredar di daerah saya, ada pejabat sekelas wakil bupati yang punya dapur MBG, sambil menyelam minum air cuy..mayan per porsi kalo ambil potongan 1000 aja. Anggap sehari nyiapin 2500 porsi, udah dapet 2,5 juta itu per hari. Kali 20 hari = 50 juta/ bulan. Itu kalo ambil untuk per porsinya 1000 ya, dan jumlah porsi hariannya 2500, gimana kalo lebih?? Gimane kagak pada berlomba2 buat dapur cuyy!
Ya semoga aja maksimal dalam melayani program ini ya, ga sekedar ngejar cuannya doang karena saya lihat2 program ini masih banyak kekurangan dimana2..terkesan sangat dipaksakan untuk segera berjalan walaupun belum siap";0;memaksimalkan peran kantin yang sudah ada di sekolah mungkin termasuk solusi yang masuk akal dan lebih realistis ketimbang membangun ribuan atau puluhan ribu dapur umum dalam waktu singkat beserta sop manajerialnya yang terkesan terburu yang mana ternyata itu milik swasta bahkan pejabat yang jadi owner dari dapur tersebut dari desas desus yang beredar di daerah saya ada pejabat sekelas wakil bupati yang punya dapur mbg sambil menyelam minum air cuy mayan per porsi kalo ambil potongan aja anggap sehari nyiapin porsi udah dapet juta itu per hari kali hari juta bulan itu kalo ambil untuk per porsinya ya dan jumlah porsi hariannya gimana kalo lebih gimane kagak pada berlomba buat dapur cuyy ya semoga aja maksimal dalam melayani program ini ya ga sekedar ngejar cuannya doang karena saya lihat program ini masih banyak kekurangan dimana terkesan sangat dipaksakan untuk segera berjalan walaupun belum siap;maksimal peran kantin sekolah solusi akal realistis ketimbang bangun ribu puluh ribu dapur umum waktu singkat serta sop manajerial kes buru milik swasta jabat owner dapur desas desus edar daerah jabat kelas wakil bupati dapur mbg selam minum air cuy mayan porsi ambil potong anggap hari nyiapin porsi dapet juta juta ambil porsi porsi hari gimana gimane kagak lomba dapur cuyy moga maksimal layan program dar ngejar cuannya doang program kurang mana kes paksa jalan;Negatif;0;910;75
v2QNDjfDrL8;Video 5;"Ini bukan ukm seperti yg diwacanakan di awal perencanaan,.....
Mirip sprti perusahaan yg membentuk anak anak cabang
Bidang olah makanan";10;ini bukan ukm seperti yg diwacanakan di awal perencanaan mirip sprti perusahaan yg membentuk anak anak cabang bidang olah makanan;ukm wacana rencana sprti usaha bentuk anak anak cabang bidang olah makan;Negatif;0;129;12
a2WXt0aW76g;Video 4;MBG adalah program andalan Prabowo. tapi MBG ini juga yang akan jadi pemicu kejatuhan Prabowo...;0;mbg adalah program andalan prabowo tapi mbg ini juga yang akan jadi pemicu kejatuhan prabowo;mbg program andal prabowo mbg picu jatuh prabowo;Netral;1;92;8
za8EqDmgeiM;Video 3;Gak bakal ada benernya, lanjutkan mbg;0;gak bakal ada benernya lanjutkan mbg;benernya lanjut mbg;Positif;2;36;3
EEmfTnEhVJ0;Video 1;Kl hal gratis siapa nolak? enak tak enak yg penting ngumpul. Makan  boleh di luar kelas;0;kl hal gratis siapa nolak enak tak enak yg penting ngumpul makan boleh di luar kelas;gratis nolak ngumpul makan kelas;Positif;2;84;5
za8EqDmgeiM;Video 3;MBG itu bagus tp harusnya bertahap sampe benar benar baik jgn cuma kuantitas didulukan tp kualitasnya rusak;0;mbg itu bagus tp harusnya bertahap sampe benar benar baik jgn cuma kuantitas didulukan tp kualitasnya rusak;mbg bagus tahap sampe kuantitas didulukan kualitas rusak;Netral;1;107;8
a2WXt0aW76g;Video 4;"Semangat terus dan konsisten kerja2 BOCOR ALUS TEMPO dalam meningkatkan Profesionalisme dalam menyampaikan jurnalnya dg harapan keperyaan masyarakat makin kuat.
By : Aktivis LSM-GEMAH Kab. Makalengka.";0;semangat terus dan konsisten kerja bocor alus tempo dalam meningkatkan profesionalisme dalam menyampaikan jurnalnya dg harapan keperyaan masyarakat makin kuat by aktivis lsm gemah kab makalengka;semangat konsisten bocor alus tempo tingkat profesionalisme jurnal harap keperyaan masyarakat kuat by aktivis lsm gemah kab makalengka;Positif;2;194;18
za8EqDmgeiM;Video 3;"coba pembahasannya lari kepondasi. agar semua maslah yang terjadi bisa terurai benang merahnya. yaitu sistem yang mengatur negeri ini. karena sistemlah yang mengatur dan memberi solusi terhadap maslah2 yang terjadi, baik diwilayah pendidikan, kesehatan, hukum luar-dalam negeri, sosial dll. sistemlah yang membntuk peradaban itu. didunia ini hanya ada 3 sistem.

sistem kapitalisme-sekularisme,
sistem komunisme-sosialisme,
sistem islam.

dari ketiga sistem ini, mana solusi yang bisa memberikan solusi sesuai dengan fitrah manusia, yang memuaskan akal dan menenangkan jiwa.";0;coba pembahasannya lari kepondasi agar semua maslah yang terjadi bisa terurai benang merahnya yaitu sistem yang mengatur negeri ini karena sistemlah yang mengatur dan memberi solusi terhadap maslah yang terjadi baik diwilayah pendidikan kesehatan hukum luar dalam negeri sosial dll sistemlah yang membntuk peradaban itu didunia ini hanya ada sistem sistem kapitalisme sekularisme sistem komunisme sosialisme sistem islam dari ketiga sistem ini mana solusi yang bisa memberikan solusi sesuai dengan fitrah manusia yang memuaskan akal dan menenangkan jiwa;coba bahas lari kepondasi mas urai benang merah sistem atur negeri sistem atur solusi mas wilayah didik sehat hukum negeri sosial dll sistem membntuk adab dunia sistem sistem kapitalisme sekularisme sistem komunisme sosialisme sistem islam tiga sistem solusi solusi sesuai fitrah manusia muas akal tenang jiwa;Negatif;0;553;46
a2WXt0aW76g;Video 4;Menurut sepupu saya yg kerja di BPOM yg kmr bertemu saat lebaran mengatakan bahwa kejadian keracunan di program MBG sebetulnya terjadi di banyak daerah tp informasi tidak keluar ke publik krn adanya operasi senyap dr aparat terutama ke kepala2 bpom kabupaten/kota yg dilibatkan dlm pengawasan ??;0;menurut sepupu saya yg kerja di bpom yg kmr bertemu saat lebaran mengatakan bahwa kejadian keracunan di program mbg sebetulnya terjadi di banyak daerah tp informasi tidak keluar ke publik krn adanya operasi senyap dr aparat terutama ke kepala bpom kabupaten kota yg dilibatkan dlm pengawasan;sepupu bpom kmr temu lebaran jadi racun program mbg daerah informasi publik operasi senyap aparat kepala bpom kabupaten kota libat awas;Netral;1;291;21
za8EqDmgeiM;Video 3;kemampuan negara dulu kita tingkatin Bro...swasembada pangan dg kemampuan distribusinya, swasembada energi, swa kelola sumberdaya alam, swasembada papan dll ..arahnya kita menuju welfare state ..semua dibikin murah atau jika bisa gratis...dimulai dari makan bergizi dulu...ini jika dibenahi bener2 sehinga 100% bisa sempurna akan jadi pintu gerbang menuju penggratisan yg lain2... kesehatan meningkat = biaya kesehatan menurun = semangat belajar dan kehadiran naik= jumlah anak pintar meningkat=produktifitas naik=kesejahteraan masyarakat naik dst dst..;0;kemampuan negara dulu kita tingkatin bro swasembada pangan dg kemampuan distribusinya swasembada energi swa kelola sumberdaya alam swasembada papan dll arahnya kita menuju welfare state semua dibikin murah atau jika bisa gratis dimulai dari makan bergizi dulu ini jika dibenahi bener sehinga bisa sempurna akan jadi pintu gerbang menuju penggratisan yg lain kesehatan meningkat biaya kesehatan menurun semangat belajar dan kehadiran naik jumlah anak pintar meningkat produktifitas naik kesejahteraan masyarakat naik dst dst;mampu negara tingkatin swasembada pangan mampu distribusi swasembada energi swa kelola sumberdaya alam swasembada papan dll arah welfare state bikin murah gratis makan gizi benah bener sehinga sempurna pintu gerbang gratis sehat tingkat biaya sehat turun semangat ajar hadir anak pintar tingkat produktifitas sejahtera masyarakat dst dst;Positif;2;523;47
rrTT_3KwcSs;Video 2;"Prabowo buzzer nya Dedi, 
Dedi buzzer nya panji wkkkwkwk";10;prabowo buzzer nya dedi dedi buzzer nya panji wkkkwkwk;prabowo buzzer dedi dedi buzzer wkkkwkwk;Negatif;0;54;6
EEmfTnEhVJ0;Video 1;"Ada yg terlewat dari pembahasan lu kali ini Fer, dan itu cukup substansial terhadap opini masyarakat atas pemerintah sekarang. Pembahasan mengenai asal muasal program ini mana? Dari situ kan bisa ditarik visibilitas dari program ini waktu diwacanakan! Maksud gw ""how to menjalankan program"" harus sudah ada saat program dibuat. Bukan bikin program dulu terus ""how to"" nya nnti aja dipikirin belakangan kayak masyarakat disuruh urunan lah, zakat dipake buat program ini lah, dsb.. Dengan kurang kritisnya lu di video ini wajar sih orang menilai karena lu terafiliasi sama CTD, lu jadi ga tajam..";0;ada yg terlewat dari pembahasan lu kali ini fer dan itu cukup substansial terhadap opini masyarakat atas pemerintah sekarang pembahasan mengenai asal muasal program ini mana dari situ kan bisa ditarik visibilitas dari program ini waktu diwacanakan maksud gw how to menjalankan program harus sudah ada saat program dibuat bukan bikin program dulu terus how to nya nnti aja dipikirin belakangan kayak masyarakat disuruh urunan lah zakat dipake buat program ini lah dsb dengan kurang kritisnya lu di video ini wajar sih orang menilai karena lu terafiliasi sama ctd lu jadi ga tajam;lewat bahas lu substansial opini masyarakat perintah bahas muasal program situ tarik visibilitas program waktu wacana gw how to jalan program program bikin program how to nnti dipikirin kayak masyarakat suruh urun zakat dipake program dsb kritis lu video wajar nilai lu afiliasi ctd lu tajam;Negatif;0;578;46
a2WXt0aW76g;Video 4;klo menurut gw prabowo memilih temannya karena dia cuma percaya sama temannya..;0;klo menurut gw prabowo memilih temannya karena dia cuma percaya sama temannya;gw prabowo pilih teman percaya teman;Netral;1;77;6
a2WXt0aW76g;Video 4;mantap sih anak sekolah dikasih makan 10rb sementara sirkle opa omon2 bisa dapat cuan berkali lipat.;0;mantap sih anak sekolah dikasih makan rb sementara sirkle opa omon bisa dapat cuan berkali lipat;mantap anak sekolah kasih makan rb sirkle opa omon cuan kali lipat;Negatif;0;96;12
rrTT_3KwcSs;Video 2;"ada banyak anak yang tidak sarapan pergi ke sekolah; MGB program yang bagus. harus dikawal.";0;ada banyak anak yang tidak sarapan pergi ke sekolah mgb program yang bagus harus dikawal;anak sarap pergi sekolah mgb program bagus kawal;Positif;2;88;8
za8EqDmgeiM;Video 3;Solusinya kasih emmak-emmak atau ibu kantin disekolah, selama ini sekali makan bikin 3000-4000 porsi coba dibagi lagi kekelompok lebih kecil 100-200 porsi ke emmak kantin sama warung sekitar sekolah;0;solusinya kasih emmak emmak atau ibu kantin disekolah selama ini sekali makan bikin porsi coba dibagi lagi kekelompok lebih kecil porsi ke emmak kantin sama warung sekitar sekolah;solusi kasih emmak emmak kantin seko makan bikin porsi coba bagi kelompok porsi emmak kantin warung sekolah;Netral;1;179;17
za8EqDmgeiM;Video 3;Sebaiknya dikaji ulang programnya;0;sebaiknya dikaji ulang programnya;kaji ulang program;Netral;1;33;3
za8EqDmgeiM;Video 3;Setuju dg logika bung Feri. Kalau bung Deddy mengatakan makanan sehat itu tidak enak, saya setuju, namun itu berlaku utk orang dewasa yg mengerti dan mampu menahan hasrat utk makan enak serta karena metabolisme yg berbeda dg anak kecil. Sedangkan anak kecil kebutuhan gizi dan metabolisme berbeda dg orang tua, serta selera makan mereka terpengaruh dgn rasa makanan. Jadi MBG harus memenuhi gizi yg baik serta rasa yg enak sehingga menggugah selera makan anak2.;0;setuju dg logika bung feri kalau bung deddy mengatakan makanan sehat itu tidak enak saya setuju namun itu berlaku utk orang dewasa yg mengerti dan mampu menahan hasrat utk makan enak serta karena metabolisme yg berbeda dg anak kecil sedangkan anak kecil kebutuhan gizi dan metabolisme berbeda dg orang tua serta selera makan mereka terpengaruh dgn rasa makanan jadi mbg harus memenuhi gizi yg baik serta rasa yg enak sehingga menggugah selera makan anak;tuju logika feri makan sehat tuju laku dewasa erti tahan hasrat makan metabolisme beda anak anak butuh gizi metabolisme beda tua selera makan pengaruh makan mbg penuh gizi gugah selera makan anak;Netral;1;453;32
a2WXt0aW76g;Video 4;"Beginilah jadinya kalau kepemimpinan sipil, dipimpin dengan cara militer (komando). 

Kalau pimpinannya paham persoalan, ya tidak terlalu bermasalah, tapi kalau dia tidak begitu paham, perintah yang bersyifat komando itu bisa jadi persoalan.";0;beginilah jadinya kalau kepemimpinan sipil dipimpin dengan cara militer komando kalau pimpinannya paham persoalan ya tidak terlalu bermasalah tapi kalau dia tidak begitu paham perintah yang bersyifat komando itu bisa jadi persoalan;pimpin sipil pimpin militer komando pimpin paham masalah paham perintah bersyifat komando;Negatif;0;231;12
a2WXt0aW76g;Video 4;Di Merauke saja, cuma 7 sekolah yang pernah di uji coba MBG. Itupun beberapa sekolah-sekolah elite, Dandim saat dikonfirmasi, soal bagaimana perkembangan MBG dan dapur cuma jawab, saya cuma koordinator ????;0;di merauke saja cuma sekolah yang pernah di uji coba mbg itupun beberapa sekolah sekolah elite dandim saat dikonfirmasi soal bagaimana perkembangan mbg dan dapur cuma jawab saya cuma koordinator;merauke sekolah uji coba mbg itu sekolah sekolah elite dandim konfirmasi kembang mbg dapur koordinator;Negatif;0;194;15
EEmfTnEhVJ0;Video 1;Gw inget banget, mereka pernah janjinya fokus ke 3T. Kira kira daerah 3T mana aja yg udah ada MBGnya ya?;20;gw inget banget mereka pernah janjinya fokus ke t kira kira daerah t mana aja yg udah ada mbgnya ya;gw inget banget janji fokus daerah mbgnya;Netral;1;99;7
v2QNDjfDrL8;Video 5;MBG sebaiknya diselenggarakan dimasing2 kelurahan tempat MBG disebar, spy cost transpor lebih rendah dan makanan yg disajikan lebih fresh. Disisi lain masyarakat pun bisa langsung samperin dapur MBG bila ada masalah Krn berada dalam satu kelurahan. Kl terkonsentrasi pada pihak-pihak tertentu maka efek dan manfaat MBG menjadi terbatas.;0;mbg sebaiknya diselenggarakan dimasing kelurahan tempat mbg disebar spy cost transpor lebih rendah dan makanan yg disajikan lebih fresh disisi lain masyarakat pun bisa langsung samperin dapur mbg bila ada masalah krn berada dalam satu kelurahan kl terkonsentrasi pada pihak pihak tertentu maka efek dan manfaat mbg menjadi terbatas;mbg selenggara dimasing lurah mbg sebar spy cost transpor rendah makan saji fresh sisi masyarakat samperin dapur mbg lurah konsentrasi efek manfaat mbg batas;Positif;2;331;24
EEmfTnEhVJ0;Video 1;Aku tidak tahu Di baca atau tidak tapi Di Malaysia sudah lama Ada makanan gratis cuma khas nya untuk anak SD Aja ataupun ingin info Yg lebih jelas Nama program itu ialah RMT program RMT ini hanya menyediakan makanan untuk murid Yg keluarganya tidak berkemampuan Sahaja Dan murid Yg keluarganya berkemampuan tidak Akan dapat makanan gratis ini terlihat memilih tapi program ini ga Di Kritik malah lebih didukung Dan bertahan selama dari 2010 hingga sekarang;0;aku tidak tahu di baca atau tidak tapi di malaysia sudah lama ada makanan gratis cuma khas nya untuk anak sd aja ataupun ingin info yg lebih jelas nama program itu ialah rmt program rmt ini hanya menyediakan makanan untuk murid yg keluarganya tidak berkemampuan sahaja dan murid yg keluarganya berkemampuan tidak akan dapat makanan gratis ini terlihat memilih tapi program ini ga di kritik malah lebih didukung dan bertahan selama dari hingga sekarang;baca malaysia makan gratis khas anak sd info nama program rmt program rmt sedia makan murid keluarga mampu sahaja murid keluarga mampu makan gratis pilih program kritik dukung tahan;Positif;2;451;29
rrTT_3KwcSs;Video 2;menu makan serangga & ulat;0;menu makan serangga ulat;menu makan serangga ulat;Negatif;0;24;4
a2WXt0aW76g;Video 4;Nah kan sdh kuprediksi.;0;nah kan sdh kuprediksi;prediksi;Netral;1;22;1
za8EqDmgeiM;Video 3;Saya setuju dengan bang Feri Amsari. Namanya anak-anak belum memiliki keadaran tentang kesehatan dan makanan yang bergizi dan sehat. Anak saya, kalau makan daging atau ayam, pedes sedikit ga mau makan. Tapi kalau mi intan, sepedes apapun akan lahap. Ditanya pedes apa enggak, pasti jawabannya enggak. Namanya juga anak-anak. Jadi ga cukup sehat dan bergizi, tapi juga harus enak. Kalau orang dewasa, makan lalap pare mentah, daun pepaya mentah, oke-oke saja.;0;saya setuju dengan bang feri amsari namanya anak anak belum memiliki keadaran tentang kesehatan dan makanan yang bergizi dan sehat anak saya kalau makan daging atau ayam pedes sedikit ga mau makan tapi kalau mi intan sepedes apapun akan lahap ditanya pedes apa enggak pasti jawabannya enggak namanya juga anak anak jadi ga cukup sehat dan bergizi tapi juga harus enak kalau orang dewasa makan lalap pare mentah daun pepaya mentah oke oke saja;tuju feri amsari nama anak anak milik adar sehat makan gizi sehat anak makan daging ayam pedes makan mi intan sepedes apa lahap pedes jawab nama anak anak sehat gizi dewasa makan lalap pare mentah daun pepaya mentah oke oke;Netral;1;442;40
EEmfTnEhVJ0;Video 1;? @user kan influenzer melalui dia kan bisa di dengar..kemaren aja kisruh demo dia yg paling vokal dan salah satu yg paling di dengar pemerintahan;0;kan influenzer melalui dia kan bisa di dengar kemaren aja kisruh demo dia yg paling vokal dan salah satu yg paling di dengar pemerintahan;influenzer dengar kemaren kisruh demo vokal salah dengar perintah;Netral;1;137;9
EEmfTnEhVJ0;Video 1;"Menurut saya terkait komentar anak masalah makan siang gratis, emang gak tepat ditanyakan masalah rasa. Karna dengan anggaran segitu, gak usah bahas rasa dulu lah, bisa buat makanan yang layak gizinya saja sudah tantangan tersendiri. Belum lagi masalah enak itu selera, contoh, ada yang bilang durian enak, ada yang bilang tidak. Steak Wagyu pun, gak semua bakal bilang enak. Jadi, yang salah itu bukan anak yang menjawab apa adanya. Tapi reporter yang menanyakan pertanyaan itu.

Anyway, menurut saya untuk menghemat anggaran dan lebih tepat sasaran, bagusnya di data saja yang menerima adalah yang kalangan menengah ke bawah. Toh anak orang mampu biasanya disiapkan bekal maupun uang jajan dan sebagian dari mereka biasanya lebih pilih-pilih makanan, sementara penyedia makan siang gratis pasti buat 1 menu untuk semua anak. Daripada makanannya terbuang juga, lebih baik di berikan kepada yang butuh.";0;menurut saya terkait komentar anak masalah makan siang gratis emang gak tepat ditanyakan masalah rasa karna dengan anggaran segitu gak usah bahas rasa dulu lah bisa buat makanan yang layak gizinya saja sudah tantangan tersendiri belum lagi masalah enak itu selera contoh ada yang bilang durian enak ada yang bilang tidak steak wagyu pun gak semua bakal bilang enak jadi yang salah itu bukan anak yang menjawab apa adanya tapi reporter yang menanyakan pertanyaan itu anyway menurut saya untuk menghemat anggaran dan lebih tepat sasaran bagusnya di data saja yang menerima adalah yang kalangan menengah ke bawah toh anak orang mampu biasanya disiapkan bekal maupun uang jajan dan sebagian dari mereka biasanya lebih pilih pilih makanan sementara penyedia makan siang gratis pasti buat menu untuk semua anak daripada makanannya terbuang juga lebih baik di berikan kepada yang butuh;kait komentar anak makan siang gratis anggar segitu bahas makan layak gizi tantang sendiri selera contoh durian steak wagyu salah anak reporter anyway hemat anggar sasar bagus data terima kalang tengah anak siap bekal uang jajan pilih pilih makan sedia makan siang gratis menu anak makan buang butuh;Netral;1;878;48
EEmfTnEhVJ0;Video 1;"Setuju bgt bang ,harusnya generasi skrg byk terima kasih...
Kt sbgai jaman melenial tidak sebebas dan tidak ada makan gratis.";0;setuju bgt bang harusnya generasi skrg byk terima kasih kt sbgai jaman melenial tidak sebebas dan tidak ada makan gratis;tuju banget generasi skrg byk terima kasih kt sbgai jaman melenial bebas makan gratis;Positif;2;120;14
a2WXt0aW76g;Video 4;Alhamdulillah. Krn chanel plagiat itu banyak juga yg follow. Yg aneh itu followersnya,  bukannya follow lgsg chanel tempo yg asli malah follow yg kw.;20;alhamdulillah krn chanel plagiat itu banyak juga yg follow yg aneh itu followersnya bukannya follow lgsg chanel tempo yg asli malah follow yg kw;alhamdulillah chanel plagiat follow aneh followersnya follow lgsg chanel tempo asli follow kw;Negatif;0;144;13
za8EqDmgeiM;Video 3;Di daerah saya politisi dan polisi yg mengurus MBG.;20;di daerah saya politisi dan polisi yg mengurus mbg;daerah politis polisi urus mbg;Netral;1;50;5
za8EqDmgeiM;Video 3;iya jelas paling cepat kroni kroninya ,latar belakang yang punya dapur orang yg memiliki relasi dengan dewan partai mau itu dewan nya saudaranya atau kenalan nya;30;iya jelas paling cepat kroni kroninya latar belakang yang punya dapur orang yg memiliki relasi dengan dewan partai mau itu dewan nya saudaranya atau kenalan nya;iya cepat kroni kroni latar dapur milik relasi dewan partai dewan saudara kenal;Negatif;0;160;13
EEmfTnEhVJ0;Video 1;Diluar semua plus minus nya, ini janji presiden dan wakil presiden sebelum terpilih jadi harus dilaksanakan sampe selesai menjabat kecuali ditengah jalan ada ketahuan kasus baru harus di cut dan dialihkan opsi lain.;30;diluar semua plus minus nya ini janji presiden dan wakil presiden sebelum terpilih jadi harus dilaksanakan sampe selesai menjabat kecuali ditengah jalan ada ketahuan kasus baru harus di cut dan dialihkan opsi lain;luar plus minus janji presiden wakil presiden pilih laksana sampe selesai jabat kecuali tengah jalan tahu cut alih opsi;Netral;1;213;19
a2WXt0aW76g;Video 4;Program MBG ini bukan kasih makan anak miskin tapi kasi gizi buat anak buah PS;0;program mbg ini bukan kasih makan anak miskin tapi kasi gizi buat anak buah ps;program mbg kasih makan anak miskin kasi gizi anak buah ps;Positif;2;78;11
rrTT_3KwcSs;Video 2;Ya dimulai skrng apa salahnya ? Program ini buktuh waktu,... kalo gak sekarang akan terlambat;0;ya dimulai skrng apa salahnya program ini buktuh waktu kalo gak sekarang akan terlambat;skrng salah program buktuh waktu lambat;Positif;2;87;6
a2WXt0aW76g;Video 4;Dari dulu kami angkatan 98 paham bahwa penyakit bangsa ini cuma 3: Korupsi, Kolusi, Nepotisme. That's why Reformasi terjadi waktu itu !!!;430;dari dulu kami angkatan paham bahwa penyakit bangsa ini cuma korupsi kolusi nepotisme that s why reformasi terjadi waktu itu;angkat paham sakit bangsa korupsi kolusi nepotisme that why reformasi waktu;Negatif;0;124;11
EEmfTnEhVJ0;Video 1;kasih ke orang tua dalam bentuk voucher belanja. kerja sama dengan pasar traditional atau modern buat nukarin kuponnya atau belanjakan. biarlah org tua yang masak, tapi mungkin ada yang bilang gak semua org tua bisa sempetin anaknya buat masakin. pasti emg segala hal ada kekurangannya, tapi dilihat dari berita dan grup FB ada yg kecipratan itu program juga mereka pada bingung. ada yg share begini, contoh penyediaan tray makanan, ada yg cari di fjb FB hasilnya banyak yg nawar2in impor dari cina. yak ujung2nya cina lagi yg kecipratan. itu kisah belum tahu benar atau tidak saya hanya baca yang lewat di homepage saja.;0;kasih ke orang tua dalam bentuk voucher belanja kerja sama dengan pasar traditional atau modern buat nukarin kuponnya atau belanjakan biarlah org tua yang masak tapi mungkin ada yang bilang gak semua org tua bisa sempetin anaknya buat masakin pasti emg segala hal ada kekurangannya tapi dilihat dari berita dan grup fb ada yg kecipratan itu program juga mereka pada bingung ada yg share begini contoh penyediaan tray makanan ada yg cari di fjb fb hasilnya banyak yg nawar in impor dari cina yak ujung nya cina lagi yg kecipratan itu kisah belum tahu benar atau tidak saya hanya baca yang lewat di homepage saja;kasih tua bentuk voucher belanja pasar traditional modern nukarin kupon belanja biar tua masak tua sempetin anak masakin kurang berita grup fb ciprat program bingung share contoh sedia tray makan cari fjb fb hasil nawar in impor cina yak ujung cina ciprat kisah baca homepage;Negatif;0;610;45
a2WXt0aW76g;Video 4;PARPOL ADALAH SUMBER DARI BANYAK SUMBER PERMASALAHAN;0;parpol adalah sumber dari banyak sumber permasalahan;parpol sumber sumber masalah;Netral;1;52;4
za8EqDmgeiM;Video 3;"Pendidikan:
- Guru PNS sudah dinaikkan gajinya oleh presiden 6,5%, tinggal kwalitas gurunya cara mengajarnya ditingkatkan.
- MK sudah memutuskan kalau pendidikan dasar negeri dan swasta gratis sesuai dg amanat UUD '45.
- Nah, MBG itu baik tinggal diperbaiki sistemnya dan kwalitasnya";0;pendidikan guru pns sudah dinaikkan gajinya oleh presiden tinggal kwalitas gurunya cara mengajarnya ditingkatkan mk sudah memutuskan kalau pendidikan dasar negeri dan swasta gratis sesuai dg amanat uud nah mbg itu baik tinggal diperbaiki sistemnya dan kwalitasnya;didik guru pns naik gaji presiden tinggal kwalitas guru ajar tingkat mk putus didik dasar negeri swasta gratis sesuai amanat uud mbg tinggal baik sistem kwalitasnya;Netral;1;263;26
v2QNDjfDrL8;Video 5;Banyak yang tadinya sulit jadi lebih ringan. Itu fakta di lapangan.MBG ini bukan solusi semua masalah, tapi langkah nyata.;0;banyak yang tadinya sulit jadi lebih ringan itu fakta di lapangan mbg ini bukan solusi semua masalah tapi langkah nyata;sulit ringan fakta lapang mbg solusi langkah;Positif;2;119;7
za8EqDmgeiM;Video 3;"BENER BANGET BANG FERY PENGELOLA MBG
dikampung saya (NTB) pengelolanya anggota DPRD dari partai koalisi";0;bener banget bang fery pengelola mbg dikampung saya ntb pengelolanya anggota dprd dari partai koalisi;bener banget fery kelola mbg kampung ntb kelola anggota dprd partai koalisi;Positif;2;101;12
EEmfTnEhVJ0;Video 1;tolong anggarannya jangan dari pemda ya;0;tolong anggarannya jangan dari pemda ya;tolong anggar pemda;Netral;1;39;3
za8EqDmgeiM;Video 3;Usul cukup tiga X seminggu saja, agar petugas siap dan makanan fresh dan berkualitas.;0;usul cukup tiga x seminggu saja agar petugas siap dan makanan fresh dan berkualitas;usul minggu tugas makan fresh kualitas;Netral;1;83;6
EEmfTnEhVJ0;Video 1;"kalau gua kurang setuju sih, karena tujuan Makan bergizi gratis ini adalah investasi terhadap SDM untuk meningkatkan IQ, bukan sekedar memberi makan orang miskin, maka lebih bagus di mulai dari kabupaten-kota yang sekolahnya dan pelajarannya memang sudah bagus. karena setelah beberapa puluh tahun kemudia si SDM ini akan diharapkan menjadi orang hebat dan membangun indonesia dan lambat laun akan merambat ke daerah yang tertinggal juga.
sebagai contoh korea selatan butuh 60tahun untuk mengcover makan gratis di seluruh sekolah yang ada di korea dengan menu yang bagus.";20;kalau gua kurang setuju sih karena tujuan makan bergizi gratis ini adalah investasi terhadap sdm untuk meningkatkan iq bukan sekedar memberi makan orang miskin maka lebih bagus di mulai dari kabupaten kota yang sekolahnya dan pelajarannya memang sudah bagus karena setelah beberapa puluh tahun kemudia si sdm ini akan diharapkan menjadi orang hebat dan membangun indonesia dan lambat laun akan merambat ke daerah yang tertinggal juga sebagai contoh korea selatan butuh tahun untuk mengcover makan gratis di seluruh sekolah yang ada di korea dengan menu yang bagus;gua tuju tuju makan gizi gratis investasi sdm tingkat iq dar makan miskin bagus kabupaten kota sekolah ajar bagus puluh tahun kemudia si sdm harap hebat bangun indonesia lambat laun rambat daerah tinggal contoh korea selatan butuh tahun mengcover makan gratis sekolah korea menu bagus;Positif;2;563;45
za8EqDmgeiM;Video 3;dananya dari semua pemain yang di atur agar kalah, ada kemungkinan lain?;0;dananya dari semua pemain yang di atur agar kalah ada kemungkinan lain;dana main atur kalah;Negatif;0;70;4
za8EqDmgeiM;Video 3;"Selama ""dapur MBG belum siap"", bagikan saja uangnya ke orang tuanya. 
Atau kantin sekolah juga bisa diberdayakan...";0;selama dapur mbg belum siap bagikan saja uangnya ke orang tuanya atau kantin sekolah juga bisa diberdayakan;dapur mbg bagi uang tua kantin sekolah daya;Netral;1;107;8
za8EqDmgeiM;Video 3;Kan menteri bro wkwkwkwk;0;kan menteri bro wkwkwkwk;menteri;Netral;1;24;1
EEmfTnEhVJ0;Video 1;Ini masukan buat gw juga si sebagai pelaksana MBG banyak yg harus di perhatikan, dan di awasi. Terimakasih banyak bang ??;0;ini masukan buat gw juga si sebagai pelaksana mbg banyak yg harus di perhatikan dan di awasi terimakasih banyak bang;masuk gw si laksana mbg perhati awas terimakasih;Netral;1;116;8
rrTT_3KwcSs;Video 2;Rilis bro. Ini bagus;10;rilis bro ini bagus;rilis bagus;Netral;1;19;2
EEmfTnEhVJ0;Video 1;sepakat dengan menjadikan kantin ikut berperan. Mungkin bisa pakai system kupon (sebagai alat ganti tukar uangnya) yang bisa ditukar dengan makanan yang ada di kantin,. kalau sesuai dengan harga kupon, murid tidak perlu bayar lagi, kalau misal kurang tinggal bayar kekurangan setelah dikurangi nilai kuponnya,. tapi tidak boleh ditukar dengan uang,. jadi murid dapat makanan secara gratis (sesuai nominal kupon), kantin juga masih tetap beroperasi normal, dan gak ada yang dirugikan,. kupon ditukar kemana? kupon bisa ditukar ke kordinator yang ditunjung sebagai pemegang dana atau mungkin ke pihak sekolah yang dipercaya untuk pemegang dananya.,;20;sepakat dengan menjadikan kantin ikut berperan mungkin bisa pakai system kupon sebagai alat ganti tukar uangnya yang bisa ditukar dengan makanan yang ada di kantin kalau sesuai dengan harga kupon murid tidak perlu bayar lagi kalau misal kurang tinggal bayar kekurangan setelah dikurangi nilai kuponnya tapi tidak boleh ditukar dengan uang jadi murid dapat makanan secara gratis sesuai nominal kupon kantin juga masih tetap beroperasi normal dan gak ada yang dirugikan kupon ditukar kemana kupon bisa ditukar ke kordinator yang ditunjung sebagai pemegang dana atau mungkin ke pihak sekolah yang dipercaya untuk pemegang dananya;sepakat jadi kantin peran pakai system kupon alat ganti tukar uang tukar makan kantin sesuai harga kupon murid bayar tinggal bayar kurang rang nilai kupon tukar uang murid makan gratis sesuai nominal kupon kantin operasi normal rugi kupon tukar mana kupon tukar kordinator tunjung pegang dana sekolah percaya pegang dana;Netral;1;626;50
rrTT_3KwcSs;Video 2;"Bang, gua rasa masyarakat juga pengennya ngedukung dan setuju kalo makanan bergizi gratis itu bagus programnya sama kayak elu. Seperti yang lu bilang itu akan membantu sekali orang miskin. Tapi, problemnya gua rasa bukan di situnya. Orang-orang pada ga setuju program itu karena 2 hal:

1. Biaya mahal sekali. Kita semua taulah kewajiban lain yang selama ini ada aja belum tuntas bang. Contoh: Kewajiban para pejabat ga korupsi aja belum beres2, gaji-gaji guru yang impactnya bisa ke korupsi di bagian pendidikan aja belum beres, masalah-masalah kasus kriminal, kasus korupsi yang besar-besar itu belum beres (Contohnya udah pada tau kan ya? KURANG DARI 5 TAHUN TERAKHIR AJA BANYAK BANGET wkwk), masalah pendidikan apalagi, banyak orang miskin ya susah ke perguruan tinggi karena banyak faktor salah satunya ekonomi. Mungkin lu nanya, apa hubungannya makanan bergizi gratis sama hal-hal tadi. Ya ada hubungannya, kalo kewajiban-kewajiban yang selama ini ada aja ga beres-beres, apalagi ini nambah kewajiban lagi ngasih makan jutaan orang dengan biaya yang gila banget.

2. Urgensinya saat ini memang bukan di makanan bergizi gratis. Kenapa? Karena kita harus cari dulu root causednya, kenapa orang banyak yang butuh itu? Contoh: Kenapa sih ada orang miskin? Coba mind mapping dulu, penyebab miskin itu apa? Lalu coba tanya lagi, perasaan generasi muda kita banyak, kok yang masuk perguruan tinggi sedikit ya? Tanya penyebabnya apa. Dari situ ketika keliatan root causednya apa, baru deh keluar tuh solusi-solusi yang implementasinya sebuah program, contohnya Makanan bergizi gratis. Sekarang root causednya aja mungkin belum diberesin, tapi tiba2 program implementasinya udah ada. Jadi ya rakyat ga setujulah.

Kalo alasan masyarakat tidak setuju karena jalannya makanan bergizi gratis sama program yang makan biaya besar juga: IKN itu gausah ditanya lah ya. Karena seperti yang lu sering bilang program makanan bergizi gratis barengan sama IKN dan di saat yang sama pengeluaran untuk gaji pejabat luar biasa mahalnya, ya ini memang gabisa ditolerir lagi sih. Karena kita semua taulah Indonesia ini kategori negara berkembang, artinya tujuan utama negara berkembang adalah MENAIKAN PENDAPATAN NEGARA. Sehingga kita harus benar-benar memilih prioritas sebuah program dari masing-masing bidang sehingga bisa diimplementasi dengan baik.

Kurang lebih itu bang pendapat gua.  Thanks for the video, and thanks for the members.";10;bang gua rasa masyarakat juga pengennya ngedukung dan setuju kalo makanan bergizi gratis itu bagus programnya sama kayak elu seperti yang lu bilang itu akan membantu sekali orang miskin tapi problemnya gua rasa bukan di situnya orang orang pada ga setuju program itu karena hal biaya mahal sekali kita semua taulah kewajiban lain yang selama ini ada aja belum tuntas bang contoh kewajiban para pejabat ga korupsi aja belum beres gaji gaji guru yang impactnya bisa ke korupsi di bagian pendidikan aja belum beres masalah masalah kasus kriminal kasus korupsi yang besar besar itu belum beres contohnya udah pada tau kan ya kurang dari tahun terakhir aja banyak banget wkwk masalah pendidikan apalagi banyak orang miskin ya susah ke perguruan tinggi karena banyak faktor salah satunya ekonomi mungkin lu nanya apa hubungannya makanan bergizi gratis sama hal hal tadi ya ada hubungannya kalo kewajiban kewajiban yang selama ini ada aja ga beres beres apalagi ini nambah kewajiban lagi ngasih makan jutaan orang dengan biaya yang gila banget urgensinya saat ini memang bukan di makanan bergizi gratis kenapa karena kita harus cari dulu root causednya kenapa orang banyak yang butuh itu contoh kenapa sih ada orang miskin coba mind mapping dulu penyebab miskin itu apa lalu coba tanya lagi perasaan generasi muda kita banyak kok yang masuk perguruan tinggi sedikit ya tanya penyebabnya apa dari situ ketika keliatan root causednya apa baru deh keluar tuh solusi solusi yang implementasinya sebuah program contohnya makanan bergizi gratis sekarang root causednya aja mungkin belum diberesin tapi tiba program implementasinya udah ada jadi ya rakyat ga setujulah kalo alasan masyarakat tidak setuju karena jalannya makanan bergizi gratis sama program yang makan biaya besar juga ikn itu gausah ditanya lah ya karena seperti yang lu sering bilang program makanan bergizi gratis barengan sama ikn dan di saat yang sama pengeluaran untuk gaji pejabat luar biasa mahalnya ya ini memang gabisa ditolerir lagi sih karena kita semua taulah indonesia ini kategori negara berkembang artinya tujuan utama negara berkembang adalah menaikan pendapatan negara sehingga kita harus benar benar memilih prioritas sebuah program dari masing masing bidang sehingga bisa diimplementasi dengan baik kurang lebih itu bang pendapat gua thanks for the video and thanks for the members;gua masyarakat ken ngedukung tuju makan gizi gratis bagus program kayak elu lu bantu miskin problem gua situ tuju program biaya mahal tau wajib tuntas contoh wajib jabat korupsi beres gaji gaji guru impactnya korupsi didik beres kriminal korupsi beres contoh tau tahun banget didik miskin susah guru tinggi faktor salah satu ekonomi lu nanya hubung makan gizi gratis hubung wajib wajib beres beres nambah wajib ngasih makan juta biaya gila banget urgensi makan gizi gratis cari root causednya butuh contoh miskin coba mind mapping sebab miskin coba asa generasi muda guru tinggi sebab situ liat root causednya solusi solusi implementasi program contoh makan gizi gratis root causednya resin program implementasi rakyat tuju alas masyarakat tuju jalan makan gizi gratis program makan biaya ikn gausah lu program makan gizi gratis bareng ikn keluar gaji jabat mahal gabisa tolerir tau indonesia kategori negara kembang tuju utama negara kembang naik dapat negara pilih prioritas program bidang implementasi dapat gua thanks for the video and thanks for the members;Negatif;0;2353;166
a2WXt0aW76g;Video 4;Mantap mas bowo ente Atur lah gimana baiknya ??;0;mantap mas bowo ente atur lah gimana baiknya;mantap bowo ente atur gimana baik;Netral;1;44;6
EEmfTnEhVJ0;Video 1;Program Makan Bergizi Gratis(MBG)  kan dari Pajak toh ?? nah  sebagai yg wni yg bayar pajak Tanah, rumah, sawah,kendaraan pribadi tahunan,dll nah program MBG dari pajak itu dikembalikan lagi ke masyarakat lewat anak anak kita juga, yaa setidaknya kita yg sudah bayar pajak itu, anak anak kita yg merasakan nya lewat MBG,  seperti itu sih ??;0;program makan bergizi gratis mbg kan dari pajak toh nah sebagai yg wni yg bayar pajak tanah rumah sawah kendaraan pribadi tahunan dll nah program mbg dari pajak itu dikembalikan lagi ke masyarakat lewat anak anak kita juga yaa setidaknya kita yg sudah bayar pajak itu anak anak kita yg merasakan nya lewat mbg seperti itu sih;program makan gizi gratis mbg pajak wni bayar pajak tanah rumah sawah kendara pribadi tahun dll program mbg pajak kembali masyarakat anak anak yaa bayar pajak anak anak rasa mbg;Positif;2;325;30
za8EqDmgeiM;Video 3;ya begitulah klo posisi dalam pemerintah,,gak bebas;0;ya begitulah klo posisi dalam pemerintah gak bebas;posisi perintah bebas;Netral;1;50;3
za8EqDmgeiM;Video 3;bagus banget pak feri;0;bagus banget pak feri;bagus banget feri;Positif;2;21;3
EEmfTnEhVJ0;Video 1;menurutku kebebasan berpendapat itu bagus jika dr orang yg mampu berpendapat dan punya alasan yg bagus jg dan mampu menjelaskan dgn baik.;20;menurutku kebebasan berpendapat itu bagus jika dr orang yg mampu berpendapat dan punya alasan yg bagus jg dan mampu menjelaskan dgn baik;turut bebas dapat bagus dapat alas bagus;Netral;1;136;7
za8EqDmgeiM;Video 3;Gausah jauh2, salah satu anggota keluarga gw yg jadi anggota drpd tingkat kota di salah satu daerah. Dapet tender proyek dapur MBG dari partainya. Dia udah minta beberapa saudara buat jadi pemilik yayasan dan dia yg akan jamin keamanan & dananya. Tapi keluarga gak ada yg mau karena tau resikonya. Akhirnya dia ngajak temennya buat jadi face of yayasan pengelola dapur MBG.;440;gausah jauh salah satu anggota keluarga gw yg jadi anggota drpd tingkat kota di salah satu daerah dapet tender proyek dapur mbg dari partainya dia udah minta beberapa saudara buat jadi pemilik yayasan dan dia yg akan jamin keamanan dananya tapi keluarga gak ada yg mau karena tau resikonya akhirnya dia ngajak temennya buat jadi face of yayasan pengelola dapur mbg;gausah salah anggota keluarga gw anggota drpd tingkat kota salah daerah dapet tender proyek dapur mbg partai saudara milik yayasan jamin aman dana keluarga tau resiko ngajak temennya face of yayasan kelola dapur mbg;Positif;2;364;34
v2QNDjfDrL8;Video 5;"Cuma 1-2 orang, MBG berjalan lima puluhan lebih  orang ada pekerjaan.
Lagian kantin bisa menyediakan jajanan dan minuman. Karena anak era sekarang sekolah tetep ada uang saku meski ada MBG";0;cuma orang mbg berjalan lima puluhan lebih orang ada pekerjaan lagian kantin bisa menyediakan jajanan dan minuman karena anak era sekarang sekolah tetep ada uang saku meski ada mbg;mbg jalan puluh kerja kantin sedia jajan minum anak era sekolah tetep uang saku mbg;Positif;2;180;15
EEmfTnEhVJ0;Video 1;dulu gua mikir ini program bisa memaksimalkan fungsi kantin di sekolah (selama sekolah itu punya kantin) untuk pelaksanaanya bg, eh malah full vendor XD;0;dulu gua mikir ini program bisa memaksimalkan fungsi kantin di sekolah selama sekolah itu punya kantin untuk pelaksanaanya bg eh malah full vendor xd;gua mikir program maksimal fungsi kantin sekolah sekolah kantin pelaksanaanya eh full vendor xd;Negatif;0;149;14
rrTT_3KwcSs;Video 2;saya percaya program makan gizi gratis emang baik dan mulia! tapi saya tidak percaya pemerintahannya... seperti kalian gatau aja haha;10;saya percaya program makan gizi gratis emang baik dan mulia tapi saya tidak percaya pemerintahannya seperti kalian gatau aja haha;percaya program makan gizi gratis mulia percaya perintah gatau;Positif;2;129;9
za8EqDmgeiM;Video 3;Bang Feri cerdas;30;bang feri cerdas;feri cerdas;Netral;1;16;2
a2WXt0aW76g;Video 4;Bpk Presiden Prabowo,,coba anda cek lgsg menu mbg di daerah2,,tanpa ada yg tau kl bpk turun lgsg,,maka bpk akan tau yg sebenarnya,,bukan cuma ABS  bpk...!;0;bpk presiden prabowo coba anda cek lgsg menu mbg di daerah tanpa ada yg tau kl bpk turun lgsg maka bpk akan tau yg sebenarnya bukan cuma abs bpk;bpk presiden prabowo coba cek lgsg menu mbg daerah tau bpk turun lgsg bpk tau abs bpk;Netral;1;144;17
a2WXt0aW76g;Video 4;Sejak prbw mencetuskan ide makan siang gratis saat kampanye, sdh dpt di perkirakan bwh akn jadi project bancakan oleh kroni prabowo. Ternyata benar.;0;sejak prbw mencetuskan ide makan siang gratis saat kampanye sdh dpt di perkirakan bwh akn jadi project bancakan oleh kroni prabowo ternyata benar;prbw cetus ide makan siang gratis kampanye dpt kira bwh akn project bancak kroni prabowo;Negatif;0;145;15
a2WXt0aW76g;Video 4;ditempat daerah saya , saya belum mendengar dimana ada MBG.... tapi disekolah anak saya malah tiap senin awal bulan bawa bekal dari rumah... hahahahaha....;10;ditempat daerah saya saya belum mendengar dimana ada mbg tapi disekolah anak saya malah tiap senin awal bulan bawa bekal dari rumah hahahahaha;tempat daerah dengar mana mbg seko anak senin bawa bekal rumah hahahahaha;Netral;1;142;12
za8EqDmgeiM;Video 3;"Di setiap daerah, kecamatan atau kelurahan banyak kok Pengusaha atau UMKM yg betgerak dibidang catering, knp tidak itu saja yg diberdayakan untuk melaksanakan MBG,, contoh: 1 Pengusaha/UMKM catering melayani 1 Sekolahan yg terdekat dg lokasi usaha nya,, 
Tapi rata2 yg ditunjuk adalah orang2 terdekat dengan penguasa, orang partai koalisi, yang notabene tdk paham dengan tentang bisnis makanan,,";0;di setiap daerah kecamatan atau kelurahan banyak kok pengusaha atau umkm yg betgerak dibidang catering knp tidak itu saja yg diberdayakan untuk melaksanakan mbg contoh pengusaha umkm catering melayani sekolahan yg terdekat dg lokasi usaha nya tapi rata yg ditunjuk adalah orang terdekat dengan penguasa orang partai koalisi yang notabene tdk paham dengan tentang bisnis makanan;daerah camat lurah usaha umkm betgerak bidang catering knp daya laksana mbg contoh usaha umkm catering layan sekolah dekat lokasi usaha rata dekat kuasa partai koalisi notabene paham bisnis makan;Negatif;0;377;30
za8EqDmgeiM;Video 3;"Saya yakin Pak Presiden ataupun bawahannya yg dekat dgn beliau pasti nnton podcast ini, dan saya meminta sampaikanlah kritikan Bung Ferry Amsari ini kepda Pak Presiden, karena Pak Presiden pernah bilang dahulu akan menebang pohon di bataliyon agar rapih dan para perwira setuju karena yg bilang adalah Pak Prabowo sbgi komandan, tapi ada seorang Kopral yg menolak dan Pak Prabowo mendengarkan dan setuju dgn Sang Kopral itu karena pohon itu tempat berteduh para prajurit ketika sedang istirahat beraktivitas...
Begitupun dgn Bung Ferry ini mengkritik kebijakan ini dgn tujuan ingin negara ini lebih baik lgi, Pak Presiden sebaiknya lebih mendengar orang² yg mengkritik drpda orang² yg cari muka dan ABS kpda pimpinan dalam hal ini Pak Presiden...
Semoga negara ini jauh lebih baik lgi dari sebelumnya dibawah pimpinan Pak Prabowo sbgi Presiden.....";0;saya yakin pak presiden ataupun bawahannya yg dekat dgn beliau pasti nnton podcast ini dan saya meminta sampaikanlah kritikan bung ferry amsari ini kepda pak presiden karena pak presiden pernah bilang dahulu akan menebang pohon di bataliyon agar rapih dan para perwira setuju karena yg bilang adalah pak prabowo sbgi komandan tapi ada seorang kopral yg menolak dan pak prabowo mendengarkan dan setuju dgn sang kopral itu karena pohon itu tempat berteduh para prajurit ketika sedang istirahat beraktivitas begitupun dgn bung ferry ini mengkritik kebijakan ini dgn tujuan ingin negara ini lebih baik lgi pak presiden sebaiknya lebih mendengar orang yg mengkritik drpda orang yg cari muka dan abs kpda pimpinan dalam hal ini pak presiden semoga negara ini jauh lebih baik lgi dari sebelumnya dibawah pimpinan pak prabowo sbgi presiden;presiden bawah beliau nnton podcast sampai kritik amsari kepda presiden presiden tebang pohon bataliyon rapih perwira tuju prabowo sbgi komandan kopral tolak prabowo dengar tuju sang kopral pohon teduh prajurit istirahat aktivitas kritik bijak tuju negara lgi presiden dengar kritik drpda cari muka abs kpda pimpin presiden moga negara lgi bawah pimpin prabowo sbgi presiden;Negatif;0;831;55
rrTT_3KwcSs;Video 2;"Jadi inget sama quote senior yg jadi motivasi gue setiap ada keraguan untuk memajukan satu ide. ""Lebih baik kita punya sesuatu untuk kita salah2kan (koreksi), daripada kita ga punya apa-apa untuk jadi pembenaran"". Maksudnya disini bukan berarti maju/ngejalanin tanpa dipikirin sama sekali ya, tapi lebih ke pemahaman kalau sebuah inisiasi itu ga harus perfect/tanpa cela";0;jadi inget sama quote senior yg jadi motivasi gue setiap ada keraguan untuk memajukan satu ide lebih baik kita punya sesuatu untuk kita salah kan koreksi daripada kita ga punya apa apa untuk jadi pembenaran maksudnya disini bukan berarti maju ngejalanin tanpa dipikirin sama sekali ya tapi lebih ke pemahaman kalau sebuah inisiasi itu ga harus perfect tanpa cela;inget quote senior motivasi gue ragu maju ide salah koreksi benar maksud maju ngejalanin dipikirin paham inisiasi perfect cela;Netral;1;362;19
a2WXt0aW76g;Video 4;Saya sangat mendukung bocor alus.yang berani kritik kebijakan.pemerintah. karena pengelola uang negara.petugas urus negara hrs diawasi;0;saya sangat mendukung bocor alus yang berani kritik kebijakan pemerintah karena pengelola uang negara petugas urus negara hrs diawasi;dukung bocor alus berani kritik bijak perintah kelola uang negara tugas urus negara awas;Netral;1;133;14
rrTT_3KwcSs;Video 2;"kalo tepat sasaran sih tergantung. mau ikut model barat dimana semua orang yg masuk sekolah, mau kaya mau miskin semua dapat. Ato masih mau terpaku paradigma kita dimana cuma yang kalangan bawah saja yang layak dibantu. All or nothing menurut saya lebih baik karena seperti yang sudah sudah, pendataan kaya - miskin masih aja tidak tepat sasaran, jadi saya lebih cenderung pukul rata saja.

Tapi ya jelas perlu standard yang baku, makanya fokus banyak orang sudah tepat yaitu ke makanannya bukan ke programnya karena toh negara2 maju udah lama nerapin free lunch ini.";0;kalo tepat sasaran sih tergantung mau ikut model barat dimana semua orang yg masuk sekolah mau kaya mau miskin semua dapat ato masih mau terpaku paradigma kita dimana cuma yang kalangan bawah saja yang layak dibantu all or nothing menurut saya lebih baik karena seperti yang sudah sudah pendataan kaya miskin masih aja tidak tepat sasaran jadi saya lebih cenderung pukul rata saja tapi ya jelas perlu standard yang baku makanya fokus banyak orang sudah tepat yaitu ke makanannya bukan ke programnya karena toh negara maju udah lama nerapin free lunch ini;sasar gantung model barat mana sekolah kaya miskin ato terpa paradigma mana kalang layak bantu all or nothing data kaya miskin sasar cenderung rata standard baku fokus makan program negara maju nerapin free lunch;Negatif;0;554;34
a2WXt0aW76g;Video 4;Semoga saja terbangun sikap nasionalis demi mewujudkan anak anak yang lebih sehat dan cerdas bukan demi kepentingan pribadi juga kelompok.;0;semoga saja terbangun sikap nasionalis demi mewujudkan anak anak yang lebih sehat dan cerdas bukan demi kepentingan pribadi juga kelompok;moga bangun sikap nasionalis wujud anak anak sehat cerdas penting pribadi kelompok;Positif;2;137;12
a2WXt0aW76g;Video 4;"Setiap program kerja itu pasti ada sisi positif dan negatif nya, siapa pun meskipun anies atau ganjar setiap program yg mereka kerjakan pasti ada positif dan negatif nya, kenapa hanya program prabowo yg di cari"" positif dan negatif nya? Ya, karena dia presiden! maka dari itu setiap program kerja harus dikawal betul agar mempersempit peluang terjadinya sisi negatif itu dan memperbesar peluang terjadi sisi positif itu";0;setiap program kerja itu pasti ada sisi positif dan negatif nya siapa pun meskipun anies atau ganjar setiap program yg mereka kerjakan pasti ada positif dan negatif nya kenapa hanya program prabowo yg di cari positif dan negatif nya ya karena dia presiden maka dari itu setiap program kerja harus dikawal betul agar mempersempit peluang terjadinya sisi negatif itu dan memperbesar peluang terjadi sisi positif itu;program sisi positif negatif anies ganjar program kerja positif negatif program prabowo cari positif negatif presiden program kawal sempit peluang sisi negatif besar peluang sisi positif;Netral;1;413;26
EEmfTnEhVJ0;Video 1;"Aq mau sedikit nyampein opini dariku ya bukan terkait mbg nya tapi terkait netizen dan masyarakat Indo yang masih suka bilang kaum 58% penyepong prabowo fufufafa, dll aq mau bilang inget kita hidup pake sistem demokrasi jadi dalam forum diskusi pasti ada pihak kalah dan pihak kalah harusnya nerima keputusan bersama dan gak nyinggung golongan yang kontra dengan pendapatnya jadi ya kalau semisal ada salahnya suatu kebijakan jangan lagi nyalahin rakyat nya tapi salahin pemerintah nya begitu pula dengan yang gak milih prabowo juga memiliki hak untuk mengkritik pemerintah (bukan hate speak yang bawa personalnya) soalnya ya inilah negara demokrasi. Udah itu aja semoga yang baca bisa ikut bantu ngingetin kalau ada netizen atau rakyat yang masih suka kubu"" an terkait pilpres kemarin ingetin aja kalau kita idup di negara Demokrasi jadi hasil keputusan kita lalui dan tanggung jawab bersama. Doaku cuma satu siapapun pemimpinnya semoga beneran niat kebijakannya buat negara bukan pribadi atau golongan. Salam dari salah satu rakyat Indonesia?????";10;aq mau sedikit nyampein opini dariku ya bukan terkait mbg nya tapi terkait netizen dan masyarakat indo yang masih suka bilang kaum penyepong prabowo fufufafa dll aq mau bilang inget kita hidup pake sistem demokrasi jadi dalam forum diskusi pasti ada pihak kalah dan pihak kalah harusnya nerima keputusan bersama dan gak nyinggung golongan yang kontra dengan pendapatnya jadi ya kalau semisal ada salahnya suatu kebijakan jangan lagi nyalahin rakyat nya tapi salahin pemerintah nya begitu pula dengan yang gak milih prabowo juga memiliki hak untuk mengkritik pemerintah bukan hate speak yang bawa personalnya soalnya ya inilah negara demokrasi udah itu aja semoga yang baca bisa ikut bantu ngingetin kalau ada netizen atau rakyat yang masih suka kubu an terkait pilpres kemarin ingetin aja kalau kita idup di negara demokrasi jadi hasil keputusan kita lalui dan tanggung jawab bersama doaku cuma satu siapapun pemimpinnya semoga beneran niat kebijakannya buat negara bukan pribadi atau golongan salam dari salah satu rakyat indonesia;aq nyampein opini dari kait mbg kait netizen masyarakat indo suka kaum penyepong prabowo fufufafa dll aq inget hidup pake sistem demokrasi forum diskusi kalah kalah nerima putus nyinggung golong kontra dapat salah bijak nyalahin rakyat salahin perintah milih prabowo milik hak kritik perintah hate speak bawa personal negara demokrasi moga baca bantu ngingetin netizen rakyat suka kubu an kait pilpres kemarin ingetin idup negara demokrasi hasil putus lalu tanggung doa pimpin moga beneran niat bijak negara pribadi golong salah rakyat indonesia;Negatif;0;1032;82
a2WXt0aW76g;Video 4;Semangat Tempo untuk menyuarakan kebenaran .;0;semangat tempo untuk menyuarakan kebenaran;semangat tempo suara benar;Netral;1;42;4
a2WXt0aW76g;Video 4;Saya rasa proyek MBG tidak akan berjalan sesuai rencana bila sudah dijadikan proyek...??;0;saya rasa proyek mbg tidak akan berjalan sesuai rencana bila sudah dijadikan proyek;proyek mbg jalan sesuai rencana jadi proyek;Negatif;0;83;7
a2WXt0aW76g;Video 4;"sejak awal sdh ketahuan klo ini proyek gerindra. 
apa lagi Hasyim semangat baget klo ngomong soal MBG. 
??????";0;sejak awal sdh ketahuan klo ini proyek gerindra apa lagi hasyim semangat baget klo ngomong soal mbg;tahu proyek gerindra hasyim semangat baget ngomong mbg;Negatif;0;99;8
EEmfTnEhVJ0;Video 1;"Di tahun 60an .. Singapura sudah mula menghantar pegawai kesehatan ke semua sekolah sekolah .. untok memereksa kesehatan anak anak ...
Anak anak yang kurang berat badan .. di beri minum susu ...

Cuma anak anak yang tertentu saja yang di beri minum ...

Dana untok membiayai program ini tidak lah besar .. berbanding dengan program ""Makan Gratis"" Indonesia ...

Mungkin .. Indonesia boleh ambil contoh dari program ini ...";10;di tahun an singapura sudah mula menghantar pegawai kesehatan ke semua sekolah sekolah untok memereksa kesehatan anak anak anak anak yang kurang berat badan di beri minum susu cuma anak anak yang tertentu saja yang di beri minum dana untok membiayai program ini tidak lah besar berbanding dengan program makan gratis indonesia mungkin indonesia boleh ambil contoh dari program ini;tahun an singapura hantar pegawai sehat sekolah sekolah untok reksa sehat anak anak anak anak berat badan minum susu anak anak minum dana untok biaya program banding program makan gratis indonesia indonesia ambil contoh program;Positif;2;380;35
a2WXt0aW76g;Video 4;Didaerah ku sampai sekarang blm ada program makan berigizi gratis..????;0;didaerah ku sampai sekarang blm ada program makan berigizi gratis;daerah ku program makan berigizi gratis;Netral;1;65;6
a2WXt0aW76g;Video 4;Tempo , tetaplah menyuarakan kebenaran di Negeri ini ??;20;tempo tetaplah menyuarakan kebenaran di negeri ini;tempo tetap suara benar negeri;Negatif;0;50;5
a2WXt0aW76g;Video 4;MBG salah satu bukti bahwa korupsi masih bekerja dengan aman bayangkan 1,2 T /perhari Gilaa benarrr;0;mbg salah satu bukti bahwa korupsi masih bekerja dengan aman bayangkan t perhari gilaa benarrr;mbg salah bukti korupsi aman bayang hari gilaa benarrr;Negatif;0;94;9
rrTT_3KwcSs;Video 2;"Solusi untuk stunting perkembangan otak gimana ya?
Secara perkembangan otak yang paling utama dimulai di 2 tahun pertama bayi.";0;solusi untuk stunting perkembangan otak gimana ya secara perkembangan otak yang paling utama dimulai di tahun pertama bayi;solusi stunting kembang otak gimana kembang otak utama tahun bayi;Netral;1;122;10
a2WXt0aW76g;Video 4;Proyek MBG lumayan buat bagi hasil;0;proyek mbg lumayan buat bagi hasil;proyek mbg lumayan hasil;Netral;1;34;4
za8EqDmgeiM;Video 3;emang tidak ada ahli gizi? di kabupaten malang kok gencar lowongan ahli gizi untuk MBG ya? Istri saya juga ditawari, sayangnya STR belum diperbarui, jadi tidak masuk kualifikasi.;0;emang tidak ada ahli gizi di kabupaten malang kok gencar lowongan ahli gizi untuk mbg ya istri saya juga ditawari sayangnya str belum diperbarui jadi tidak masuk kualifikasi;ahli gizi kabupaten malang gencar lowong ahli gizi mbg istri tawar sayang str baru kualifikasi;Netral;1;173;15
rrTT_3KwcSs;Video 2;Yup bener banget mending fokus ke daerah yang memang kurang aja ataupun fokus ke orang yang nggak mampu aja (tapi realiasi yang ini bakal lebih sulit sih kek parameternya apa) dan setauku tiap lembaga kementrian anggaranya pada dikurangin untuk memenuhi makan siang gratis ini;10;yup bener banget mending fokus ke daerah yang memang kurang aja ataupun fokus ke orang yang nggak mampu aja tapi realiasi yang ini bakal lebih sulit sih kek parameternya apa dan setauku tiap lembaga kementrian anggaranya pada dikurangin untuk memenuhi makan siang gratis ini;yup bener banget mending fokus daerah fokus realiasi sulit kek parameter tau lembaga tri anggara rangin penuh makan siang gratis;Netral;1;274;20
EEmfTnEhVJ0;Video 1;"Kalo idenya pak ahok aku setuju, berkaca sama KJP yg tiap bulan bisa dibelanjaain daging sapi sama susu telor sama ortunya. Dan bener adeknya yg belum sekolah juga bisa ikut makan.
Tapi balik lagi mekanisme belanjanya kek gimana, harus ada kontrol juga biar duitnya bener2 buat belanja makanan bergizi.";0;kalo idenya pak ahok aku setuju berkaca sama kjp yg tiap bulan bisa dibelanjaain daging sapi sama susu telor sama ortunya dan bener adeknya yg belum sekolah juga bisa ikut makan tapi balik lagi mekanisme belanjanya kek gimana harus ada kontrol juga biar duitnya bener buat belanja makanan bergizi;ide ahok tuju kaca kjp dibelanjaain daging sapi susu telor ortunya bener adeknya sekolah makan mekanisme belanja kek gimana kontrol biar duit bener belanja makan gizi;Positif;2;296;26
a2WXt0aW76g;Video 4;Makan siang gratis jadi ladang kerjaan baru ternyata??;0;makan siang gratis jadi ladang kerjaan baru ternyata;makan siang gratis ladang kerja;Netral;1;52;5
za8EqDmgeiM;Video 3;Bang dedy misal boleh saran mending di pasrah kan sama sekolah yang memiliki kantin maka akan lebih baik??;0;bang dedy misal boleh saran mending di pasrah kan sama sekolah yang memiliki kantin maka akan lebih baik;dedy saran mending pasrah sekolah milik kantin;Netral;1;104;7
a2WXt0aW76g;Video 4;masak di dapurnya UGM dulu dong, soalnya Q dengar ?epala dapurnya lagi Galau tu.??;0;masak di dapurnya ugm dulu dong soalnya q dengar epala dapurnya lagi galau tu;masak dapur ugm dengar epala dapur galau tu;Negatif;0;77;8
rrTT_3KwcSs;Video 2;Lagian dari awal soal anggaran MBG ini aja udah nggak make sense buat direalisasiin dalam waktu yg sangat pendek, estimasi awal anggarannya 71T sekarang rencananya mau ditambah lagi, kalo mau realistis kenapa nggak dicoba bertahap dulu sih seperti di daerah-daerah yg daya beli masyarakatnya rendah, kalo udah jalan beberapa waktu dan bener-bener oke baru dibikin merata programnya di seluruh daerah, sementara programnya masih uji coba di daerah kan sisa dari anggaran yg besar itu bisa dialihin buat subsidi harga sembako dan bahan pangan supaya jd lebih murah dan orangtua di daerah lain bisa provide makanan yg bergizi juga buat keluarganya di rumah.;0;lagian dari awal soal anggaran mbg ini aja udah nggak make sense buat direalisasiin dalam waktu yg sangat pendek estimasi awal anggarannya t sekarang rencananya mau ditambah lagi kalo mau realistis kenapa nggak dicoba bertahap dulu sih seperti di daerah daerah yg daya beli masyarakatnya rendah kalo udah jalan beberapa waktu dan bener bener oke baru dibikin merata programnya di seluruh daerah sementara programnya masih uji coba di daerah kan sisa dari anggaran yg besar itu bisa dialihin buat subsidi harga sembako dan bahan pangan supaya jd lebih murah dan orangtua di daerah lain bisa provide makanan yg bergizi juga buat keluarganya di rumah;anggar mbg make sense direalisasiin waktu pendek estimasi anggar rencana tambah realistis coba tahap daerah daerah daya beli masyarakat rendah jalan waktu bener bener oke bikin rata program daerah program uji coba daerah sisa anggar dialihin subsidi harga sembako bahan pangan murah orangtua daerah provide makan gizi keluarga rumah;Netral;1;647;49
rrTT_3KwcSs;Video 2;bahas satu lagi bng. Kepala BGN yg bilang belalang bisa jadi alternatif protein di program MBG;0;bahas satu lagi bng kepala bgn yg bilang belalang bisa jadi alternatif protein di program mbg;bahas bng kepala bgn belalang alternatif protein program mbg;Netral;1;93;9
EEmfTnEhVJ0;Video 1;KENAPA BUKAN SEKOLAH GRATIS AJA YA;10;kenapa bukan sekolah gratis aja ya;sekolah gratis;Negatif;0;34;2
za8EqDmgeiM;Video 3;Betul sekali di daerah saya juga salah satu yang punya dapur anghota dewan;0;betul sekali di daerah saya juga salah satu yang punya dapur anghota dewan;daerah salah dapur anghota dewan;Netral;1;74;5
v2QNDjfDrL8;Video 5;"Di desaku sdh mau mulai.
Bangunan dapur sdh siap.
Banyak masyarakat sekitar melamar sbg karyawan.";40;di desaku sdh mau mulai bangunan dapur sdh siap banyak masyarakat sekitar melamar sbg karyawan;desa bangun dapur masyarakat lamar sbg karyawan;Positif;2;94;7
za8EqDmgeiM;Video 3;MBG ini program meningkatkan gizi pejabat dan keluarganya;0;mbg ini program meningkatkan gizi pejabat dan keluarganya;mbg program tingkat gizi jabat keluarga;Netral;1;57;6
EEmfTnEhVJ0;Video 1;https://youtu.be/EEmfTnEhVJ0?t=548 setuju sih ini daerah yang lebih sulit dan membutuhkan bisa lebih menerima kekurangan, sembari pemerintah menyempurnakan programnya buat diterapin diseluruh indo;0;setuju sih ini daerah yang lebih sulit dan membutuhkan bisa lebih menerima kekurangan sembari pemerintah menyempurnakan programnya buat diterapin diseluruh indo;tuju daerah sulit butuh terima kurang sembari perintah sempurna program diterapin seluruh indo;Positif;2;160;13
EEmfTnEhVJ0;Video 1;"program ""presiden nraktir makan siang"" mah ga ada negatifnya

tp kan tugas negara utk buat bahan2 makanan semakin murah dan pendapatan meningkat. jgn sampai lupa aja ama tugas pemerintah yg ini";0;program presiden nraktir makan siang mah ga ada negatifnya tp kan tugas negara utk buat bahan makanan semakin murah dan pendapatan meningkat jgn sampai lupa aja ama tugas pemerintah yg ini;program presiden nraktir makan siang negatif tugas negara bahan makan murah dapat tingkat lupa ama tugas perintah;Netral;1;188;17
a2WXt0aW76g;Video 4;Program besar dan penting, seharusnya direncanakan dan dikontrol dengan baik dan ketat....;0;program besar dan penting seharusnya direncanakan dan dikontrol dengan baik dan ketat;program rencana kontrol ketat;Netral;1;85;4
EEmfTnEhVJ0;Video 1;Bung feri tau caranya memasak, pak dedy tau caranya mencari cuan.;0;bung feri tau caranya memasak pak dedy tau caranya mencari cuan;feri tau masak dedy tau cari cuan;Netral;1;63;7
a2WXt0aW76g;Video 4;Proyek MBG ini, sepertinya bentuk ucapan Terima Kasih PRABOWO kepada TIMSES nya.;220;proyek mbg ini sepertinya bentuk ucapan terima kasih prabowo kepada timses nya;proyek mbg bentuk ucap terima kasih prabowo timses;Positif;2;78;8
a2WXt0aW76g;Video 4;MBG itu kampanye prabowo pakai uang negara kita utk 2029. Dgn ad ny program MBG bakal mengikat pemilih agar memilih prabowo 2029, ap kalian paham semua.;10;mbg itu kampanye prabowo pakai uang negara kita utk dgn ad ny program mbg bakal mengikat pemilih agar memilih prabowo ap kalian paham semua;mbg kampanye prabowo pakai uang negara ad ny program mbg ikat pilih pilih prabowo ap paham;Negatif;0;139;16
EEmfTnEhVJ0;Video 1;setuju, terutama dibagian Pro dan Kontra, ini bikin pusing sih. Gw setuju banyak yang kritik program makan siang gratis , biar programnya update, biar makin diperhatiin kebersihan dan kelayakannya, tapi untuk yg overhate, lu kenapa bro? kritik terus aja, gpp itu membangun buat program2 yang berjalan.;0;setuju terutama dibagian pro dan kontra ini bikin pusing sih gw setuju banyak yang kritik program makan siang gratis biar programnya update biar makin diperhatiin kebersihan dan kelayakannya tapi untuk yg overhate lu kenapa bro kritik terus aja gpp itu membangun buat program yang berjalan;tuju bagi pro kontra bikin pusing gw tuju kritik program makan siang gratis biar program update biar diperhatiin bersih layak overhate lu kritik gpp bangun program jalan;Netral;1;289;27
a2WXt0aW76g;Video 4;Proyek MBG ini bagus juga klo kerjasama ma Warteg Bahari.. ??;0;proyek mbg ini bagus juga klo kerjasama ma warteg bahari;proyek mbg bagus kerjasama ma warteg bahari;Positif;2;56;7
a2WXt0aW76g;Video 4;Demgan adanya program bocor,alus di Majalah Tempo sekarang menjadikan Tempp sangat TOP dan sudah mengalahlan Kompas yg tidak begotu diminati dan dioercaya lagi oleh masyarakat umum terutama bagi masyarakat yg tifak terafiloasi,dengan parppl. Tempp bisa mrnyajikan hal yg berkaitan yg sangat dibutihkan masyarakat kecil dan hal sangat membantu masyarakat utk utl mengetahui keadaan sebenarnya oerjalanan .pemerontagan rezim yg lagi berkuasa saat oni teriitMa dlm menrntukan pemiliham pimponan kedepan lRena,fungsi DPRbagi ralyat yg non parpol;0;demgan adanya program bocor alus di majalah tempo sekarang menjadikan tempp sangat top dan sudah mengalahlan kompas yg tidak begotu diminati dan dioercaya lagi oleh masyarakat umum terutama bagi masyarakat yg tifak terafiloasi dengan parppl tempp bisa mrnyajikan hal yg berkaitan yg sangat dibutihkan masyarakat kecil dan hal sangat membantu masyarakat utk utl mengetahui keadaan sebenarnya oerjalanan pemerontagan rezim yg lagi berkuasa saat oni teriitma dlm menrntukan pemiliham pimponan kedepan lrena fungsi dprbagi ralyat yg non parpol;demgan program bocor alus majalah tempo jadi tempp top mengalahlan kompas begotu mati dioercaya masyarakat umum masyarakat tifak terafiloasi parppl tempp mrnyajikan kait dibutihkan masyarakat bantu masyarakat utl oerjalanan pemerontagan rezim kuasa oni teriitma menrntukan pemiliham pimponan depan lrena fungsi dprbagi ralyat non parpol;Negatif;0;539;44
rrTT_3KwcSs;Video 2;"Cara termudah melawan opini jaman sekarang, ""Ya elah, Lu Buzzer"" ??

Makanya gue juga tim setuju MBG asal pengelolaannya baik ?? biar di masa depan gak ada lagi yg kayak gini ??";10;cara termudah melawan opini jaman sekarang ya elah lu buzzer makanya gue juga tim setuju mbg asal pengelolaannya baik biar di masa depan gak ada lagi yg kayak gini;mudah lawan opini jaman elah lu buzzer gue tim tuju mbg kelola biar kayak gin;Negatif;0;163;15
a2WXt0aW76g;Video 4;Lah tempo elu yang rusak negara ini .2014 elu yang usung dan bagus bagusin jokowi ??????. Dapat suntikan dari Pemerintah ????;0;lah tempo elu yang rusak negara ini elu yang usung dan bagus bagusin jokowi dapat suntikan dari pemerintah;tempo elu rusak negara elu usung bagus bagusin jokowi sunti perintah;Netral;1;106;11
za8EqDmgeiM;Video 3;"OM DEED...
STOP MBG LBH BAIK DI ALIHKAN KE KESEHATAN DAN PENDIDIKAN SAJA LBH BETTER MEMJADIKAN MANUSIA SEHAT DAN CERDAS UTK GENERASI PENERUS BANGSA
JGN LUPA PENDIDIKAN MORAL DAN AKHLAK AGAR GENERASI² PENERUS BANGSA SELAIN CERDAS TP MEMILIKI ADAB DAN AKHLAQ YG BAIK DAN BENAR JUGA";0;om deed stop mbg lbh baik di alihkan ke kesehatan dan pendidikan saja lbh better memjadikan manusia sehat dan cerdas utk generasi penerus bangsa jgn lupa pendidikan moral dan akhlak agar generasi penerus bangsa selain cerdas tp memiliki adab dan akhlaq yg baik dan benar juga;deed stop mbg lbh alih sehat didik lbh better memjadikan manusia sehat cerdas generasi terus bangsa lupa didik moral akhlak generasi terus bangsa cerdas milik adab akhlaq;Negatif;0;275;27
EEmfTnEhVJ0;Video 1;Buat masyarakat, netizen, rakyat, sederajat.. bahwa evaluasi diri kalian sebelum kalian mengevaluasi atau dievaluasi;100;buat masyarakat netizen rakyat sederajat bahwa evaluasi diri kalian sebelum kalian mengevaluasi atau dievaluasi;masyarakat netizen rakyat derajat evaluasi evaluasi evaluasi;Netral;1;111;7
rrTT_3KwcSs;Video 2;somehow gw ga percaya yg di fyp twitter itu ada orang netral kemungkinan  besar ya antara pro pemerintah atau anti pemerintah gw ngerasa yang netral pasti eneg liat fyp twitter dan milih sosmed lain;10;somehow gw ga percaya yg di fyp twitter itu ada orang netral kemungkinan besar ya antara pro pemerintah atau anti pemerintah gw ngerasa yang netral pasti eneg liat fyp twitter dan milih sosmed lain;somehow gw percaya fyp twitter netral pro perintah anti perintah gw ngerasa netral eneg liat fyp twitter milih sosmed;Netral;1;197;19
za8EqDmgeiM;Video 3;ini bintang tamu trkeren 2025.. bang ferry semoga sehat selalu dan membri pencerahan untuk rakyat indo;0;ini bintang tamu trkeren bang ferry semoga sehat selalu dan membri pencerahan untuk rakyat indo;bintang tamu trkeren moga sehat membri cerah rakyat indo;Positif;2;95;9
a2WXt0aW76g;Video 4;Maju perut pantat mundur, Maju terus pantang mundur, BRAVO Tempo.... Terus teriakan Kebenaran...!!!!;0;maju perut pantat mundur maju terus pantang mundur bravo tempo terus teriakan kebenaran;maju perut pantat mundur maju pantang mundur bravo tempo ria benar;Positif;2;87;11
EEmfTnEhVJ0;Video 1;Vendor yang bener & penyaluran yang lebih diutamakan ke daerah pelosok adalah solusi paling konkret sih. makasih bang Fer insightnya;0;vendor yang bener penyaluran yang lebih diutamakan ke daerah pelosok adalah solusi paling konkret sih makasih bang fer insightnya;vendor bener salur utama daerah pelosok solusi konkret makasih insightnya;Positif;2;129;10
a2WXt0aW76g;Video 4;W  A L A O.  MENGALAMI.  KENDALA. TRIK.    PELAKSANA. MASAK. SIAP. SAJI. B E L U M.  DIBAYAR.  ADA. APA. DISINI. ?????????;0;w a l a o mengalami kendala trik pelaksana masak siap saji b e l u m dibayar ada apa disini;alami kendala trik laksana masak saji bayar;Negatif;0;91;7
za8EqDmgeiM;Video 3;Semoga Bang Feri sehat selalu dan istiqomah utk mewakili keresahan rakyat utk menerangkan kpd para buzzer pemerintah yg buta ttg kebijakan atas nama rakyat tapi malah menyakiti rakyat.;0;semoga bang feri sehat selalu dan istiqomah utk mewakili keresahan rakyat utk menerangkan kpd para buzzer pemerintah yg buta ttg kebijakan atas nama rakyat tapi malah menyakiti rakyat;moga feri sehat istiqomah wakil resah rakyat terang kpd buzzer perintah buta ttg bijak nama rakyat sakit rakyat;Netral;1;183;18
a2WXt0aW76g;Video 4;We stand with Tempo ?;220;we stand with tempo;we stand with tempo;Negatif;0;19;4
EEmfTnEhVJ0;Video 1;Utk awal harusnya ga masalah sih, menurutku pasti akan di evaluasi karena biaya nya gede gilak;0;utk awal harusnya ga masalah sih menurutku pasti akan di evaluasi karena biaya nya gede gilak;turut evaluasi biaya gede gilak;Netral;1;93;5
a2WXt0aW76g;Video 4;Apa iya pas debad dulu bilang makan gratis itu cuma spontan doang kali ya;0;apa iya pas debad dulu bilang makan gratis itu cuma spontan doang kali ya;iya pas debad makan gratis spontan doang;Netral;1;73;7
za8EqDmgeiM;Video 3;menurut saya lapangan pekerjaan dulu aja di banyakin , tanpa persyaratan yang ribet - ribet , karena kalau orang tuanya berpenghasilan yang cukup pasti anaknya makan bergizi ??;0;menurut saya lapangan pekerjaan dulu aja di banyakin tanpa persyaratan yang ribet ribet karena kalau orang tuanya berpenghasilan yang cukup pasti anaknya makan bergizi;lapang kerja banyakin syarat ribet ribet tua hasil anak makan gizi;Netral;1;167;11
a2WXt0aW76g;Video 4;Untuk tempo saya dukung program yang mengisi otak untuk berpikir sehat.;10;untuk tempo saya dukung program yang mengisi otak untuk berpikir sehat;tempo dukung program isi otak pikir sehat;Positif;2;70;7
za8EqDmgeiM;Video 3;Sebaiknya MBG d serahkan pada sekolah agar d kelola masing² sekolah. Jadi negara menggelontorkan dana k sekolah²,,lebih simpel dan menunya bs d sesuaikan dg daerah masing²;0;sebaiknya mbg d serahkan pada sekolah agar d kelola masing sekolah jadi negara menggelontorkan dana k sekolah lebih simpel dan menunya bs d sesuaikan dg daerah masing;mbg serah sekolah kelola sekolah negara gelontor dana sekolah simpel menu sesuai daerah;Netral;1;166;13
EEmfTnEhVJ0;Video 1;Kan jakarta buat uji coba banyak anak anak papua & ntt yg udh dapet;10;kan jakarta buat uji coba banyak anak anak papua ntt yg udh dapet;jakarta uji coba anak anak papua ntt dapet;Positif;2;65;8
EEmfTnEhVJ0;Video 1;Aku yakin mending ganti sdm nya,;0;aku yakin mending ganti sdm nya;mending ganti sdm;Negatif;0;31;3
za8EqDmgeiM;Video 3;Di tempat saya ad dapur MBG punya anggota dewan dan penguasa daerah... Ini fakta ??;0;di tempat saya ad dapur mbg punya anggota dewan dan penguasa daerah ini fakta;ad dapur mbg anggota dewan kuasa daerah fakta;Netral;1;77;8
rrTT_3KwcSs;Video 2;Sbner nya kalo pun iya ada kritik tentang mbg ini, masalah  yg utama nya kan disini soal kualitas nya, jadi rakyat cuma minta kualitas nya di benerin;0;sbner nya kalo pun iya ada kritik tentang mbg ini masalah yg utama nya kan disini soal kualitas nya jadi rakyat cuma minta kualitas nya di benerin;sbner iya kritik mbg utama kualitas rakyat kualitas benerin;Negatif;0;146;9
a2WXt0aW76g;Video 4;"dulu ada mata najwa sekarang ada bocor alus . .
semoga bocor alus tidak bernasib sama dengan mata najwa";0;dulu ada mata najwa sekarang ada bocor alus semoga bocor alus tidak bernasib sama dengan mata najwa;najwa bocor alus moga bocor alus nasib najwa;Negatif;0;99;8
rrTT_3KwcSs;Video 2;Keracunan , ada beberapa hal yg menyebabkan keracunan itu sendiri , di antara nya ada beberapa bahan makanan yg kalau di biar kan dalam beberapa jam bida ngeluarin racun mikro , di tambahin lagi cara pengolahan nya , namun niat MBG ini menurut saya bagus banget , tapi saya rasa pemerintah harus tau celah celah korupsi dari program ini .;0;keracunan ada beberapa hal yg menyebabkan keracunan itu sendiri di antara nya ada beberapa bahan makanan yg kalau di biar kan dalam beberapa jam bida ngeluarin racun mikro di tambahin lagi cara pengolahan nya namun niat mbg ini menurut saya bagus banget tapi saya rasa pemerintah harus tau celah celah korupsi dari program ini;racun sebab racun bahan makan biar jam bida ngeluarin racun mikro tambahin olah niat mbg bagus banget perintah tau celah celah korupsi program;Netral;1;326;23
a2WXt0aW76g;Video 4;Kok belum ada berita investasi besar asing di DANANTARA ya ????????????????. Jangan2 duitnya sdh habis duluan??????;10;kok belum ada berita investasi besar asing di danantara ya jangan duitnya sdh habis duluan;berita investasi asing danantara duit habis duluan;Negatif;0;90;7
EEmfTnEhVJ0;Video 1;Setuju banget Bang sama pemikirannya. Pertanyaan saya adalah,  apa iya sih yang ngurusin itu nggak ada yang mikir seperti abang, terus speak up, terus dibahas gitu di rapat misalnya, sehingga pelaksanaannya jadi lebih bagus.;0;setuju banget bang sama pemikirannya pertanyaan saya adalah apa iya sih yang ngurusin itu nggak ada yang mikir seperti abang terus speak up terus dibahas gitu di rapat misalnya sehingga pelaksanaannya jadi lebih bagus;tuju banget pikir iya ngurusin mikir abang speak up bahas gitu rapat laksana bagus;Netral;1;217;14
EEmfTnEhVJ0;Video 1;Setuju dengan... Program MBG ini bagus tapi masih ada yang lebih urgent untuk dilaksanakan. Menurut saya perbaikan di segara lini masalah negeri ini lebih penting, the very core problem. Fokusnya si pembuat kebijakan selalu buat program baru, bukan memperbaiki program lama yang bagus yang kurang pengawasan mungkin. Hanya agar dinilai bekerja. Membuat hal baru dan menghancurkan itu lebih mudah daripada memperbaiki. Padahal menurutku, perbaikan itulah yang dibutuhkan negeri ini. Mbuh lah hahaha;0;setuju dengan program mbg ini bagus tapi masih ada yang lebih urgent untuk dilaksanakan menurut saya perbaikan di segara lini masalah negeri ini lebih penting the very core problem fokusnya si pembuat kebijakan selalu buat program baru bukan memperbaiki program lama yang bagus yang kurang pengawasan mungkin hanya agar dinilai bekerja membuat hal baru dan menghancurkan itu lebih mudah daripada memperbaiki padahal menurutku perbaikan itulah yang dibutuhkan negeri ini mbuh lah hahaha;tuju program mbg bagus urgent laksana baik segara lini negeri the very core problem fokus si buat bijak program baik program bagus awas nilai hancur mudah baik turut baik butuh negeri mbuh hahaha;Netral;1;485;33
a2WXt0aW76g;Video 4;"TEMPO Jurnalisme terKEREN..????????????
Ayooo dong TEMPO, ulas ijasah Mulyono, hubungan dg oligarki dll..pasti ??????";0;tempo jurnalisme terkeren ayooo dong tempo ulas ijasah mulyono hubungan dg oligarki dll pasti;tempo jurnalisme keren ayooo tempo ulas ijasah mulyono hubung oligarki dll;Netral;1;93;11
a2WXt0aW76g;Video 4;Siapapun presidennya korupsi tetap budayanya..... juara;0;siapapun presidennya korupsi tetap budayanya juara;presiden korupsi budaya juara;Negatif;0;50;4
EEmfTnEhVJ0;Video 1;"Kalau di konten2 viral banyak komentar kayak komentar abang gini, itu bisa jadi salah 1 tanda/indikator Indonesia punya harapan utk jadi Indonesia maju sih?? 

Ngasih pendapat, ngasih pendapat aja, beda pendapat juga tulis2 di komen aja, tapi ya mau pro mau kontra, mau setuju atau gak seharusnya di kolom komentar tinggal tulis aja, pro kenapa, kontra kenapa, jadi orang2 yg baca akan punya pikiran yg lengkap/holistik menurut saya,

jadi gak perlu berantem kalo kita pro baca komen kontra tinggal ngasih like/dislike aja, kalau kita kontra, baca komen orang yg pro ya tinggal ngasih like/dislike juga, gak usah dilawan / diberantemin, tinggal sebutin aja alasan masing2 kenapa pro & kenapa kontra.. yg lain tinggal baca.. trus tinggal bilang: ""gw setuju bro sama komen ente""

atau ""gw gak setuju bro sama komen ente karena a), b), c) d)"" udah sampe situ aja, gak usah saling balas2 trus saling ngata2in orang yg berbeda pendapat sama kita.. kalo Indonesia bisa punya banyak komen kayak gini, alhamdulillah bisa jadi tanda/indikator, Indonesia bakal bergerak jadi Indonesia Maju sih.. 

kecuali.. 

Kalau ya emang rakyat Indonesia memang mayoritas gak pengen sih negara Indonesia kita ini jadi negara Maju";40;kalau di konten viral banyak komentar kayak komentar abang gini itu bisa jadi salah tanda indikator indonesia punya harapan utk jadi indonesia maju sih ngasih pendapat ngasih pendapat aja beda pendapat juga tulis di komen aja tapi ya mau pro mau kontra mau setuju atau gak seharusnya di kolom komentar tinggal tulis aja pro kenapa kontra kenapa jadi orang yg baca akan punya pikiran yg lengkap holistik menurut saya jadi gak perlu berantem kalo kita pro baca komen kontra tinggal ngasih like dislike aja kalau kita kontra baca komen orang yg pro ya tinggal ngasih like dislike juga gak usah dilawan diberantemin tinggal sebutin aja alasan masing kenapa pro kenapa kontra yg lain tinggal baca trus tinggal bilang gw setuju bro sama komen ente atau gw gak setuju bro sama komen ente karena a b c d udah sampe situ aja gak usah saling balas trus saling ngata in orang yg berbeda pendapat sama kita kalo indonesia bisa punya banyak komen kayak gini alhamdulillah bisa jadi tanda indikator indonesia bakal bergerak jadi indonesia maju sih kecuali kalau ya emang rakyat indonesia memang mayoritas gak pengen sih negara indonesia kita ini jadi negara maju;konten viral komentar kayak komentar abang gin salah tanda indikator indonesia harap indonesia maju ngasih dapat ngasih dapat beda dapat tulis komen pro kontra tuju kolom komentar tinggal tulis pro kontra baca pikir lengkap holistik antem pro baca komen kontra tinggal ngasih like dislike kontra baca komen pro tinggal ngasih like dislike lawan diberantemin tinggal sebutin alas pro kontra tinggal baca trus tinggal gw tuju komen ente gw tuju komen ente sampe situ balas trus ngata in beda dapat indonesia komen kayak gin alhamdulillah tanda indikator indonesia gerak indonesia maju kecuali rakyat indonesia mayoritas ken negara indonesia negara maju;Netral;1;1148;99
v2QNDjfDrL8;Video 5;Menurut saya lebih baik duut ya di bagikan ke ortu siswa biar ibu nya belanja ke warung2 atw ke pasar2 biar ekonomi pedagang2 kecil bisa jalan klu mbg rata2 daging atw sayur buah2 pasti beli nya dari distributor besar..;10;menurut saya lebih baik duut ya di bagikan ke ortu siswa biar ibu nya belanja ke warung atw ke pasar biar ekonomi pedagang kecil bisa jalan klu mbg rata daging atw sayur buah pasti beli nya dari distributor besar;duut bagi ortu siswa biar belanja warung atw pasar biar ekonomi dagang jalan klu mbg rata daging atw sayur buah beli distributor;Negatif;0;212;22
EEmfTnEhVJ0;Video 1;Saya tidak setuju contoh negara lain pada gagal;0;saya tidak setuju contoh negara lain pada gagal;tuju contoh negara gagal;Negatif;0;47;4
a2WXt0aW76g;Video 4;"Ketika kita sebagai seorang muslim beribadah sholat, berdoa kepada Allah SWT memohon pengampunan, perlindungan, rejeki dan petunjuk jalan yang lurus. 
Allah SWT Maha Pengasih dan Maha Penyayang, doa umatnya diijabah dengan caraNya.
 
Misalkan ada peluang proyek pemerintah, kita sebagai vendor atau penyedia jasa diundang ataupun mengajukan diri sebagai rekanan tetapi pada akhirnya kita tidak mendapatkan proyek tsb, kalah dengan vendor lainnya...jangan bersedih karena bisa jadi proyek tsb bukan rejeki kita  . Suatu ketika terjadi hal buruk pada proyek tsb misalkan terlibat praktek korupsi yang merugikan keuangan negara dan pihak terkait.  Seperti itulah cara Allah SWT memberikan perlindungan dan menyelamatkan umat-nya yang telah meminta kepadaNya dari kehilangan rejeki karena telah berada dijalan yang lurus > jalan TUHAN.";0;ketika kita sebagai seorang muslim beribadah sholat berdoa kepada allah swt memohon pengampunan perlindungan rejeki dan petunjuk jalan yang lurus allah swt maha pengasih dan maha penyayang doa umatnya diijabah dengan caranya misalkan ada peluang proyek pemerintah kita sebagai vendor atau penyedia jasa diundang ataupun mengajukan diri sebagai rekanan tetapi pada akhirnya kita tidak mendapatkan proyek tsb kalah dengan vendor lainnya jangan bersedih karena bisa jadi proyek tsb bukan rejeki kita suatu ketika terjadi hal buruk pada proyek tsb misalkan terlibat praktek korupsi yang merugikan keuangan negara dan pihak terkait seperti itulah cara allah swt memberikan perlindungan dan menyelamatkan umat nya yang telah meminta kepadanya dari kehilangan rejeki karena telah berada dijalan yang lurus jalan tuhan;muslim ibadah sholat doa allah swt mohon ampun lindung rejeki tunjuk jalan lurus allah swt maha asih maha sayang doa umat diijabah peluang proyek perintah vendor sedia jasa undang aju rekan proyek tsb kalah vendor sedih proyek tsb rejeki buruk proyek tsb libat praktek korupsi rugi uang negara kait allah swt lindung selamat umat hilang rejeki jalan lurus jalan tuhan;Positif;2;810;60
a2WXt0aW76g;Video 4;"Kan memang benar program makan gizi gratis yg dukung dan pejabatnya konoha juga harus ""makan"" bergizi juga ??";10;kan memang benar program makan gizi gratis yg dukung dan pejabatnya konoha juga harus makan bergizi juga;program makan gizi gratis dukung jabat konoha makan gizi;Netral;1;104;9
a2WXt0aW76g;Video 4;"Bongkar terus tempo!!!
Saat ini saya cuma bisa dukung melalui nonton dan baca berita gratis ??????";840;bongkar terus tempo saat ini saya cuma bisa dukung melalui nonton dan baca berita gratis;bongkar tempo dukung nonton baca berita gratis;Netral;1;88;7
EEmfTnEhVJ0;Video 1;"1 menit pertama, basa-basi, meaningless, it's okay gue kira pembukaan..
makin di play makin ga fokus, video yg harusnya 11 menit bisa disampaikan to the point dalam waktu 4 menit, tpi ya gitulah..";0;menit pertama basa basi meaningless it s okay gue kira pembukaan makin di play makin ga fokus video yg harusnya menit bisa disampaikan to the point dalam waktu menit tpi ya gitulah;menit basa basi meaningless it okay gue buka play fokus video menit to the point waktu menit gitulah;Netral;1;180;18
za8EqDmgeiM;Video 3;Sejatinya duit MBG itu mesti dialirkan langsung ke rakyat bawah bukan dibagi bagi kepada orang orang lingkungan pemerintah atau golongan sendiri. Itu duit dari anggaran pendidikan disalurkan lewat program MBG kerakyat bawah agar sentra sentra produksi rakyat,pasar pasar tradisionil pedagang pasar,petani ,peternak,koperasi desa, UMKM, transportasi dan logistik berjalan. Ekonomi rakyat bawah bergerak. Secara nasional ekonomi bertumbuh. Jadi MBG selain memenuhi makanan bergizi anak adalah untuk menggerakkan roda perekonomian rakyat. Daripada BLT kan lebih bagus MBG ini.;0;sejatinya duit mbg itu mesti dialirkan langsung ke rakyat bawah bukan dibagi bagi kepada orang orang lingkungan pemerintah atau golongan sendiri itu duit dari anggaran pendidikan disalurkan lewat program mbg kerakyat bawah agar sentra sentra produksi rakyat pasar pasar tradisionil pedagang pasar petani peternak koperasi desa umkm transportasi dan logistik berjalan ekonomi rakyat bawah bergerak secara nasional ekonomi bertumbuh jadi mbg selain memenuhi makanan bergizi anak adalah untuk menggerakkan roda perekonomian rakyat daripada blt kan lebih bagus mbg ini;sejati duit mbg mesti alir rakyat bagi lingkung perintah golong duit anggar didik salur program mbg rakyat sentra sentra produksi rakyat pasar pasar tradisionil dagang pasar tani ternak koperasi desa umkm transportasi logistik jalan ekonomi rakyat gerak nasional ekonomi tumbuh mbg penuh makan gizi anak gerak roda ekonomi rakyat blt bagus mbg;Negatif;0;564;52
za8EqDmgeiM;Video 3;"Setuju...kenapa MBG GK di serahkan ke kantin "" sekolah...bukannya tiap sekolah ada beberapa kantin...untuk menunya SDH ditentukan atau mereka (kantin) sepakat untuk menu tiap harinya...
Pasti kantin2,  ditiap2 sekolah mampu...dan jika ada sekolah yg tidak ada kantin, kita buat kantin....";0;setuju kenapa mbg gk di serahkan ke kantin sekolah bukannya tiap sekolah ada beberapa kantin untuk menunya sdh ditentukan atau mereka kantin sepakat untuk menu tiap harinya pasti kantin ditiap sekolah mampu dan jika ada sekolah yg tidak ada kantin kita buat kantin;tuju mbg serah kantin sekolah sekolah kantin menu tentu kantin sepakat menu hari kantin tiap sekolah sekolah kantin kantin;Netral;1;264;19
EEmfTnEhVJ0;Video 1;ini menurut pendapatku kenapa tidak daerah pelosok dahulu? pertama mungkin karena kebutuhan aksesnya lebih mudah dan lebih cepat. kedua supaya kita tahu apa kekurangan dan hambatan di awal program supaya bisa di evaluasi sebelum menuju ke daerah pelosok?. karena dengan begitu kita tau misal sperti yang dibilang bg ferry ada oknum vendor gajelas yang korupsi makanannya sungguh sangat miris mental korupsi harus di hilangkan dahulu untuk kelancaran program makan besar ini. semoga program ini bisa terus berlanjut dan menjangkau sampai daerah pelosok karena apa gunanya jika program dan niat bagus tetapi pemilihan vendor kurang diawasi dan dimanfaatkan untuk korupsi.;0;ini menurut pendapatku kenapa tidak daerah pelosok dahulu pertama mungkin karena kebutuhan aksesnya lebih mudah dan lebih cepat kedua supaya kita tahu apa kekurangan dan hambatan di awal program supaya bisa di evaluasi sebelum menuju ke daerah pelosok karena dengan begitu kita tau misal sperti yang dibilang bg ferry ada oknum vendor gajelas yang korupsi makanannya sungguh sangat miris mental korupsi harus di hilangkan dahulu untuk kelancaran program makan besar ini semoga program ini bisa terus berlanjut dan menjangkau sampai daerah pelosok karena apa gunanya jika program dan niat bagus tetapi pemilihan vendor kurang diawasi dan dimanfaatkan untuk korupsi;dapat daerah pelosok butuh akses mudah cepat kurang hambat program evaluasi daerah pelosok tau sperti bilang oknum vendor gajelas korupsi makan sungguh miris mental korupsi hilang lancar program makan moga program lanjut jangkau daerah pelosok guna program niat bagus pilih vendor awas manfaat korupsi;Negatif;0;663;44
v2QNDjfDrL8;Video 5;Mbg di daerah lain harus mencontoh ini bagus;40;mbg di daerah lain harus mencontoh ini bagus;mbg daerah contoh bagus;Positif;2;44;4
v2QNDjfDrL8;Video 5;SD sendangadi memintak MBG susu, melon, ayam, sayur lodeh;10;sd sendangadi memintak mbg susu melon ayam sayur lodeh;sd sendangadi mintak mbg susu melon ayam sayur lodeh;Positif;2;54;9
a2WXt0aW76g;Video 4;2 anakku sekolah SD ditempat sekolah berbeda, sampai detik ini belum mendapat MBG,,mataram NTB;0;anakku sekolah sd ditempat sekolah berbeda sampai detik ini belum mendapat mbg mataram ntb;anak sekolah sd tempat sekolah beda detik mbg mataram ntb;Netral;1;90;10
za8EqDmgeiM;Video 3;Rata-rata yang dapat izin dapur MBG itu para anggota dewan, Staf khusus, pejabat atau pengusaha yang kemarin menjadi Timses krn relasi kekuasaan & modal awal membangun dapur tidak sedikit. satu anggota dewan saja bisa punya 2-4 dapur dengan nama yayasan sendiri atau pinjam dari yayasan lain...;0;rata rata yang dapat izin dapur mbg itu para anggota dewan staf khusus pejabat atau pengusaha yang kemarin menjadi timses krn relasi kekuasaan modal awal membangun dapur tidak sedikit satu anggota dewan saja bisa punya dapur dengan nama yayasan sendiri atau pinjam dari yayasan lain;rata rata izin dapur mbg anggota dewan staf jabat usaha kemarin timses relasi kuasa modal bangun dapur anggota dewan dapur nama yayasan pinjam yayasan;Netral;1;282;24
EEmfTnEhVJ0;Video 1;Biaya gimana, 10rb bakal bengkak kan, kalo kantin belanja di pasar dengan menu 10rb susah, contoh warung yg ada di sekitar, bnyak kan yg 10rb tidak memenuhi gizi. Y bagusnya di coba dulu, dan kantin tiap sekolahan tidak cuma satu, nnt lbih repot lagi tiap kantin menu beda. Y kalo di bilang bisa y pasti bisa kalo di usahakan. Tapi Setiap kebijakan pasti ada plus dan minus, gak mungkin bisa semua senang.ketika pindah ke kantin nnt pasti ada yg minus jg. Kalo pengen lbih mudah mungkin bisa sebagian makanan dr kantin, yg masuk di harga aja.;0;biaya gimana rb bakal bengkak kan kalo kantin belanja di pasar dengan menu rb susah contoh warung yg ada di sekitar bnyak kan yg rb tidak memenuhi gizi y bagusnya di coba dulu dan kantin tiap sekolahan tidak cuma satu nnt lbih repot lagi tiap kantin menu beda y kalo di bilang bisa y pasti bisa kalo di usahakan tapi setiap kebijakan pasti ada plus dan minus gak mungkin bisa semua senang ketika pindah ke kantin nnt pasti ada yg minus jg kalo pengen lbih mudah mungkin bisa sebagian makanan dr kantin yg masuk di harga aja;biaya gimana rb bengkak kantin belanja pasar menu rb susah contoh warung bnyak rb penuh gizi bagus coba kantin sekolah nnt lbih repot kantin menu beda usaha bijak plus minus senang pindah kantin nnt minus ken lbih mudah makan kantin harga;Netral;1;523;41
a2WXt0aW76g;Video 4;Budget 71T itu baru sebagian kcl skl kyknya yg dpt proyek mkn gratis ?? apalagi klo sdh semua ya.. tp hrs kah ada evaluasi dan penelitian ttg adanya peningkatan kualitas pnddkn indonesia atau kualitas SDM nantinya dr PMG ini?;0;budget t itu baru sebagian kcl skl kyknya yg dpt proyek mkn gratis apalagi klo sdh semua ya tp hrs kah ada evaluasi dan penelitian ttg adanya peningkatan kualitas pnddkn indonesia atau kualitas sdm nantinya dr pmg ini;budget kcl skl kyknya dpt proyek mkn gratis kah evaluasi teliti ttg tingkat kualitas pnddkn indonesia kualitas sdm pmg;Netral;1;217;19
a2WXt0aW76g;Video 4;Dulu jaman ORBA, ada Proyek PMT-AS ( Pemberian Makanan Tambahan Anak Sekolah). Per anak dpt snack seharga Rp 400,- ( setara beras 1 liter,, krn 1 kg seharga Rp 500,-). Namun, smp ke anak, palingan dpt Rp 100,- atau Rp 150,- ya, nagasari 1 bungkus atau 2 bungkus atau telur 1 butir. Dana PMT-AS digulirkan dr Pusat ke Kasi PMD Kecamatan yg mjd lokasi proyek, yaitu daerah IDT ( Inpres Desa Tertinggal, kl skrg ya, Daerah 3T, yg otomatis, harusnya, DK Jakarta,  nggak dapat);10;dulu jaman orba ada proyek pmt as pemberian makanan tambahan anak sekolah per anak dpt snack seharga rp setara beras liter krn kg seharga rp namun smp ke anak palingan dpt rp atau rp ya nagasari bungkus atau bungkus atau telur butir dana pmt as digulirkan dr pusat ke kasi pmd kecamatan yg mjd lokasi proyek yaitu daerah idt inpres desa tertinggal kl skrg ya daerah t yg otomatis harusnya dk jakarta nggak dapat;jaman orba proyek pmt as beri makan tambah anak sekolah anak dpt snack harga rp tara beras liter kg harga rp smp anak paling dpt rp rp nagasari bungkus bungkus telur butir dana pmt as gulir pusat kasi pmd camat mjd lokasi proyek daerah idt inpres desa tinggal skrg daerah otomatis dk jakarta;Negatif;0;411;53
a2WXt0aW76g;Video 4;Proyek banyak yg diolah dan banyak yg dioleh (didapat) para pejabat ....;0;proyek banyak yg diolah dan banyak yg dioleh didapat para pejabat;proyek olah oleh jabat;Negatif;0;65;4
a2WXt0aW76g;Video 4;Korupsi teruss pantang mundurrr;0;korupsi teruss pantang mundurrr;korupsi teruss pantang mundurrr;Negatif;0;31;4
a2WXt0aW76g;Video 4;Ahok benar , jika serius program utk stanting, cukup atur keuangannya dgn memberikan uangnya KPD ortu   KPD anak yg mestinya mendapatkan MBG ini, jadi TDK akan ada penyimpangan thd duit negara. Tinggal mendata anak yg mestinya berhak mendapatkannya. ??;0;ahok benar jika serius program utk stanting cukup atur keuangannya dgn memberikan uangnya kpd ortu kpd anak yg mestinya mendapatkan mbg ini jadi tdk akan ada penyimpangan thd duit negara tinggal mendata anak yg mestinya berhak mendapatkannya;ahok serius program stanting atur uang uang kpd ortu kpd anak mesti mbg simpang thd duit negara tinggal data anak mesti hak dapat;Positif;2;241;23
a2WXt0aW76g;Video 4;Semoga TEMPO - BOCOR ALUS tetap menyiarkan TEMUAN nya walaupun selalu mendapatkan TANTANGAN dan TEKANAN...MAJU terus dan jangan BERHENTI.;0;semoga tempo bocor alus tetap menyiarkan temuan nya walaupun selalu mendapatkan tantangan dan tekanan maju terus dan jangan berhenti;moga tempo bocor alus siar temu tantang tekan maju henti;Positif;2;132;10
EEmfTnEhVJ0;Video 1;BANG KENAPA MAKAN SIANG DAN MAKAN MALAM?? KENAPA ENGGAK MAKAN PAGI WKW;0;bang kenapa makan siang dan makan malam kenapa enggak makan pagi wkw;makan siang makan malam makan pagi wkw;Netral;1;68;7
za8EqDmgeiM;Video 3;Sebenernya gua dukung prajurit tni di pembantui di program mbg dan ketahanan pangan, Indonesia negara tidak punya musuh, kita tidak berperang, ngapain prajurit dan polisi di nganggur kan. Cuma kali ini mrk kurang kompeten;10;sebenernya gua dukung prajurit tni di pembantui di program mbg dan ketahanan pangan indonesia negara tidak punya musuh kita tidak berperang ngapain prajurit dan polisi di nganggur kan cuma kali ini mrk kurang kompeten;sebenernya gua dukung prajurit tni bantu program mbg tahan pangan indonesia negara musuh perang ngapain prajurit polisi nganggur mrk kompeten;Netral;1;217;20
EEmfTnEhVJ0;Video 1;Imo harusnya sih hire juga orang yang paham di bidang makanan di tiap kota. Yang tau standarisasi kebersihan. Mungkin kedepannya juga ada kerjasama dengan kementrian kesehatan mungkin untuk mengkontrol HACCP di tiap dapur yang memproduksi makanan untuk menghindari keracunan dan masalah lain sejenisnya. Its just my 2 cents.;0;imo harusnya sih hire juga orang yang paham di bidang makanan di tiap kota yang tau standarisasi kebersihan mungkin kedepannya juga ada kerjasama dengan kementrian kesehatan mungkin untuk mengkontrol haccp di tiap dapur yang memproduksi makanan untuk menghindari keracunan dan masalah lain sejenisnya its just my cents;imo hire paham bidang makan kota tau standar bersih depan kerjasama tri sehat kontrol haccp dapur produksi makan hindar racun jenis its just my cents;Positif;2;318;25
za8EqDmgeiM;Video 3;"Bang Ferry benar2 mengkritik untuk membangun bangsa dan negar??
Bukan mengkritik untuk memecah belah";0;bang ferry benar mengkritik untuk membangun bangsa dan negar bukan mengkritik untuk memecah belah;kritik bangun bangsa negar kritik pecah belah;Netral;1;97;7
za8EqDmgeiM;Video 3;Saya memahami dan salut dengan Niat Mulia pak Prabowo terkait BGN ini. Tapi kita harus akui juga apa yang disampaikan Bung Feri Amsari sangat benar. Semoga bisa didengar dan dipertimbangkan pak Prabowo.;0;saya memahami dan salut dengan niat mulia pak prabowo terkait bgn ini tapi kita harus akui juga apa yang disampaikan bung feri amsari sangat benar semoga bisa didengar dan dipertimbangkan pak prabowo;paham salut niat mulia prabowo kait bgn aku feri amsari moga dengar timbang prabowo;Positif;2;199;14
rrTT_3KwcSs;Video 2;Cahyadi emang kocak, pentilnya jelek banget;0;cahyadi emang kocak pentilnya jelek banget;cahyadi kocak pentil jelek banget;Netral;1;42;5
za8EqDmgeiM;Video 3;Ternyata smart people, tidak se-smart itu..;0;ternyata smart people tidak se smart itu;smart people smart;Negatif;0;40;3
EEmfTnEhVJ0;Video 1;Dan sedikit info, saya tinggal di kota besar terkenal. Dan sekolah adek saya sampai sekarang sekolahnya belom melakukan itu dalam arti adek saya belum menrima makan gratis.;0;dan sedikit info saya tinggal di kota besar terkenal dan sekolah adek saya sampai sekarang sekolahnya belom melakukan itu dalam arti adek saya belum menrima makan gratis;info tinggal kota kenal sekolah adek sekolah bom adek menrima makan gratis;Negatif;0;169;12
EEmfTnEhVJ0;Video 1;? @user lebih sempit pemikiran mu yg memprioritaskan MBG tetapi tidak berkaca pada ekonomi Indonesia,gimana kalo memperbaiki kualitas hidup contohnya gaji dan lapangan pekerjaan,juga tingkat produktivitas masyarakat akan lebih menurunkan tingkat kemiskinan dan balik lagi stunting karena keuangan sudah memadai,maka dari itu barulah bisa mulai program ini, Indonesia itu negara berkembang bukan seperti jepang dan korea yg taraf hidupnya udh tinggi jadi kualitas makanan gratisnya pun tidak asal.semuanya perlu tangga untuk naik perlahan,bukan mencoba melangkahi tangga yang tinggi;40;lebih sempit pemikiran mu yg memprioritaskan mbg tetapi tidak berkaca pada ekonomi indonesia gimana kalo memperbaiki kualitas hidup contohnya gaji dan lapangan pekerjaan juga tingkat produktivitas masyarakat akan lebih menurunkan tingkat kemiskinan dan balik lagi stunting karena keuangan sudah memadai maka dari itu barulah bisa mulai program ini indonesia itu negara berkembang bukan seperti jepang dan korea yg taraf hidupnya udh tinggi jadi kualitas makanan gratisnya pun tidak asal semuanya perlu tangga untuk naik perlahan bukan mencoba melangkahi tangga yang tinggi;sempit pikir mu prioritas mbg kaca ekonomi indonesia gimana baik kualitas hidup contoh gaji lapang kerja tingkat produktivitas masyarakat turun tingkat miskin stunting uang pada baru program indonesia negara kembang jepang korea taraf hidup tinggi kualitas makan gratis tangga perlahan coba langkah tangga tinggi;Negatif;0;572;44
a2WXt0aW76g;Video 4;Lebih smart KDM buat MBG lebih tepat sasaran;0;lebih smart kdm buat mbg lebih tepat sasaran;smart kdm mbg sasar;Positif;2;44;4
a2WXt0aW76g;Video 4;"Jangan terlalu underestimate dengan pemerintah perbanyak literasi (biarpun males ??)
Tetap positif thinking terhadap MBG";0;jangan terlalu underestimate dengan pemerintah perbanyak literasi biarpun males tetap positif thinking terhadap mbg;underestimate perintah banyak literasi biarpun males positif thinking mbg;Positif;2;115;9
EEmfTnEhVJ0;Video 1;itulah yg gw gasuka dari twitter isinya anti pemerintah dan pro pemerintah ga ada yg diantaranya sangat sulit nemuin yg netral. sebenernya kalo program ini dijalanin bener oke kok gw ngeliat juga banyak yg oke menunya tapi ada  juga yg ampe keracunan berarti ada yg salah dari birokrasi;0;itulah yg gw gasuka dari twitter isinya anti pemerintah dan pro pemerintah ga ada yg diantaranya sangat sulit nemuin yg netral sebenernya kalo program ini dijalanin bener oke kok gw ngeliat juga banyak yg oke menunya tapi ada juga yg ampe keracunan berarti ada yg salah dari birokrasi;gw gasuka twitter isi anti perintah pro perintah sulit nemuin netral sebenernya program dijalanin bener oke gw ngeliat oke menu ampe racun salah birokrasi;Negatif;0;284;24
za8EqDmgeiM;Video 3;"Apa sih yg ga diproyekin.
Klo mw beres, semua harus di sentralisasi uangnya. Agar bs di awasi.";0;apa sih yg ga diproyekin klo mw beres semua harus di sentralisasi uangnya agar bs di awasi;diproyekin mw beres sentralisasi uang awas;Negatif;0;90;6
a2WXt0aW76g;Video 4;Lha iya laah... aji mumpung bagi kroni nya pak prabowo????;0;lha iya laah aji mumpung bagi kroni nya pak prabowo;lha iya laah aji mumpung kroni prabowo;Negatif;0;51;7
EEmfTnEhVJ0;Video 1;Ya program ini memang cuma buat garong uang rakyat kok wkwk;70;ya program ini memang cuma buat garong uang rakyat kok wkwk;program garong uang rakyat;Negatif;0;59;4
rrTT_3KwcSs;Video 2;"Programnya emang bagus utk MBG, NAMUUUNNNN orang disekitar pak Prabs yang wadididaw. Mempertimbangkan serangga masuk ke menu MBG itu sih. Dikatakan salah juga tidak benar.
Oh btw, selain stunting, ada masalah lain soal tumbuh kembang anak salah satunya GR. Solusi dari GR adalah PMT. Pemberian makan tambahan. Ini juga bagus namun ada beberapa catatan.
Hal yang jarang dibahas tapi menarik untuk diangkat karena, ngga keliatan tapi akan berdampak kedepan.";0;programnya emang bagus utk mbg namuuunnnn orang disekitar pak prabs yang wadididaw mempertimbangkan serangga masuk ke menu mbg itu sih dikatakan salah juga tidak benar oh btw selain stunting ada masalah lain soal tumbuh kembang anak salah satunya gr solusi dari gr adalah pmt pemberian makan tambahan ini juga bagus namun ada beberapa catatan hal yang jarang dibahas tapi menarik untuk diangkat karena ngga keliatan tapi akan berdampak kedepan;program bagus mbg namuuunnnn sekitar prabs wadididaw timbang serangga menu mbg salah oh btw stunting tumbuh kembang anak salah satu gr solusi gr pmt beri makan tambah bagus catat jarang bahas tarik angkat liat dampak depan;Netral;1;443;36
za8EqDmgeiM;Video 3;Kembali ke SMART PEOPLE;0;kembali ke smart people;smart people;Netral;1;23;2
a2WXt0aW76g;Video 4;"Pemerintah berani kah 
Transparansi biaya MBG secara detail ke masyaRAKYAT...
Karena itu semua juga uang dri RAKYAT";0;pemerintah berani kah transparansi biaya mbg secara detail ke masyarakyat karena itu semua juga uang dri rakyat;perintah berani kah transparansi biaya mbg detail masyarakyat uang dri rakyat;Netral;1;111;11
za8EqDmgeiM;Video 3;Kirain bang feri bner2 paham program MBG, ternyata cuma kritis, paham tata negara, hukum  politik;0;kirain bang feri bner paham program mbg ternyata cuma kritis paham tata negara hukum politik;kirain feri bner paham program mbg kritis paham tata negara hukum politik;Netral;1;92;12
a2WXt0aW76g;Video 4;Ternyata bukan sekadar rumor, ? A L E X I S 1 7 ? emang beneran bagus.;0;ternyata bukan sekadar rumor a l e x i s emang beneran bagus;rumor beneran bagus;Netral;1;60;3
a2WXt0aW76g;Video 4;Hanya Allah yg tahu baik buruknya manusia berbuat  sesuatu dan Akherat menanti pertanggungjawabanmu dihadapan Allah. Mari kita berbuat baik tuk bangsa dan negara.;0;hanya allah yg tahu baik buruknya manusia berbuat sesuatu dan akherat menanti pertanggungjawabanmu dihadapan allah mari kita berbuat baik tuk bangsa dan negara;allah buruk manusia buat akherat pertanggungjawabanmu hadap allah mari buat tuk bangsa negara;Positif;2;159;13
EEmfTnEhVJ0;Video 1;Kalo gitu ga merata bang, sekarang aja banyak yg pro kontra soal ketidak merataan progam ini (padahal baru berjalan progam ini). Tapi kalo lebih di fokuskan ke daerah pelosok bagus juga asal nantinya daerah lainnya juga di  kena progam ini.;30;kalo gitu ga merata bang sekarang aja banyak yg pro kontra soal ketidak merataan progam ini padahal baru berjalan progam ini tapi kalo lebih di fokuskan ke daerah pelosok bagus juga asal nantinya daerah lainnya juga di kena progam ini;gitu rata pro kontra tidak rata progam jalan progam fokus daerah pelosok bagus daerah progam;Netral;1;234;15
v2QNDjfDrL8;Video 5;Betul yg dpet tender smua timses2 mereka;0;betul yg dpet tender smua timses mereka;dpet tender smua timses;Negatif;0;39;4
za8EqDmgeiM;Video 3;Ferry Amsari emang cerdas;0;ferry amsari emang cerdas;amsari cerdas;Netral;1;25;2
EEmfTnEhVJ0;Video 1;"menurut saya progam makan siang gratis ngga tepat & tidak akan terlalu berpengaruh terhadap perkembangan siswa-siswi, berkaca dari program yg sudah jalan.
lebih baik buat program sekolah gratis, fasilitas sekolah ditambah sesuai kondisi sekolah.";0;menurut saya progam makan siang gratis ngga tepat tidak akan terlalu berpengaruh terhadap perkembangan siswa siswi berkaca dari program yg sudah jalan lebih baik buat program sekolah gratis fasilitas sekolah ditambah sesuai kondisi sekolah;progam makan siang gratis pengaruh kembang siswa siswi kaca program jalan program sekolah gratis fasilitas sekolah tambah sesuai kondisi sekolah;Netral;1;239;20
a2WXt0aW76g;Video 4;Setuju buat Tempo....Masak Terus......wwkwkw;0;setuju buat tempo masak terus wwkwkw;tuju tempo masak wwkwkw;Netral;1;36;4
EEmfTnEhVJ0;Video 1;Saya suka sekali dengan pendapat mas Ferry, objektif. Bosan dengan banyaknya pendapat yang hanya subjektif. Saya termasuk fans mas Deddy, tetapi memang menurut pandangan saya, mas Deddy sekarang terlalu subjektif membela Bapak Prabowo. Orang se smart dia seharusnya tidak langsung menghakimi anak yang mengeluh itu salah dia, seperti penjelasan mas Ferry. Ada banyak kondisi, yang suka program bisa jadi memang puas karena dia bisa bersyukur, bisa karena memang makanannya berkualitas, bisa karena buzzer. Dan begitu pula sebaliknya, yang tidak puas bisa jadi tidak bersyukur, bisa jadi memang makanannya tidak berkualitas, bisa jadi buzzer.;0;saya suka sekali dengan pendapat mas ferry objektif bosan dengan banyaknya pendapat yang hanya subjektif saya termasuk fans mas deddy tetapi memang menurut pandangan saya mas deddy sekarang terlalu subjektif membela bapak prabowo orang se smart dia seharusnya tidak langsung menghakimi anak yang mengeluh itu salah dia seperti penjelasan mas ferry ada banyak kondisi yang suka program bisa jadi memang puas karena dia bisa bersyukur bisa karena memang makanannya berkualitas bisa karena buzzer dan begitu pula sebaliknya yang tidak puas bisa jadi tidak bersyukur bisa jadi memang makanannya tidak berkualitas bisa jadi buzzer;suka dapat objektif bosan banyak dapat subjektif fans pandang subjektif bela prabowo smart hakim anak keluh salah jelas kondisi suka program puas syukur makan kualitas buzzer puas syukur makan kualitas buzzer;Netral;1;625;31
rrTT_3KwcSs;Video 2;menurut Ku ini mslh logistik berhubung ini cuman percobaan nanti lama2 kemungkinan Akan menyebar ke daerah2 plosok;0;menurut ku ini mslh logistik berhubung ini cuman percobaan nanti lama kemungkinan akan menyebar ke daerah plosok;ku mslh logistik hubung cuman coba sebar daerah plosok;Negatif;0;112;9
EEmfTnEhVJ0;Video 1;"Sebenarnya mau mengkritik atau membantah deddy, tapi caranya lebih halus
Kalau yang paham mah jelas, pointnya bang ferry gak setuju dengan tindakan abuse deddy sulap terhadap kejujuran anak kecil";0;sebenarnya mau mengkritik atau membantah deddy tapi caranya lebih halus kalau yang paham mah jelas pointnya bang ferry gak setuju dengan tindakan abuse deddy sulap terhadap kejujuran anak kecil;kritik ban halus paham point tuju tindak abuse sulap jujur anak;Netral;1;193;11
EEmfTnEhVJ0;Video 1;Gimana kalo diberikan bahan makanan bergizi saja, pengolahannya bisa langsung dari si ibu sendiri;0;gimana kalo diberikan bahan makanan bergizi saja pengolahannya bisa langsung dari si ibu sendiri;gimana bahan makan gizi olah si;Netral;1;96;6
za8EqDmgeiM;Video 3;Pak Feri Amsari bicara menggunakan akal sehat & hati nurani ??, itu yg saat ini tdk dimiliki oleh penyelenggara negara saat ini.;0;pak feri amsari bicara menggunakan akal sehat hati nurani itu yg saat ini tdk dimiliki oleh penyelenggara negara saat ini;feri amsari bicara akal sehat hati nurani milik selenggara negara;Netral;1;121;10
za8EqDmgeiM;Video 3;Prioritaskan hanya untuk siswa yang kurang / tidak mampu jangan dipukul rata semua siswa harus dapet mbh. Logikanya kalo siswa itu sudah mampu pasti makanannya juga bisa jadi lebih bergizi dari pada mbg itu sendiri.;0;prioritaskan hanya untuk siswa yang kurang tidak mampu jangan dipukul rata semua siswa harus dapet mbh logikanya kalo siswa itu sudah mampu pasti makanannya juga bisa jadi lebih bergizi dari pada mbg itu sendiri;prioritas siswa pukul rata siswa dapet mbh logika siswa makan gizi mbg;Netral;1;211;12
a2WXt0aW76g;Video 4;Didaerah saya mbg yg megang tentara serta bagian kepala dapur dan staff staff lainnya diisi purnawirawan tentara wkwk;0;didaerah saya mbg yg megang tentara serta bagian kepala dapur dan staff staff lainnya diisi purnawirawan tentara wkwk;daerah mbg megang tentara kepala dapur staff staff isi purnawirawan tentara;Netral;1;117;11
a2WXt0aW76g;Video 4;Sampai detik ini hanya Tempo yang masih konsisten dgn visi misinya.;10;sampai detik ini hanya tempo yang masih konsisten dgn visi misinya;detik tempo konsisten visi misi;Netral;1;66;5
za8EqDmgeiM;Video 3;Tumben podcast ini DC banyak blunder.. Kelihatan pro pemerintah;0;tumben podcast ini dc banyak blunder kelihatan pro pemerintah;tumben podcast dc blunder pro perintah;Netral;1;61;6
za8EqDmgeiM;Video 3;Lihat podcast'nya cing abdel sama deddy deh...disitu dia jelasin posisi dan tugas dia dideket prabowo tuh apa...kl udah tau tugas dia kayak apa, wajar kl dia dianggap belain atasannya...jadi kl denger deddy ngomong soal pemerintah, gak usah dengerin, krn itu udah tugas dia....wkwkwk;0;lihat podcast nya cing abdel sama deddy deh disitu dia jelasin posisi dan tugas dia dideket prabowo tuh apa kl udah tau tugas dia kayak apa wajar kl dia dianggap belain atasannya jadi kl denger deddy ngomong soal pemerintah gak usah dengerin krn itu udah tugas dia wkwkwk;podcast cing abdel situ jelasin posisi tugas dideket prabowo tau tugas kayak wajar anggap bain atas denger ngomong perintah dengerin tugas;Netral;1;271;21
a2WXt0aW76g;Video 4;Siswa cuma dapat makanan yang nilainya 5 ribuan bro ,yg selebihnya dinikmati oleh orang kaya bro.;0;siswa cuma dapat makanan yang nilainya ribuan bro yg selebihnya dinikmati oleh orang kaya bro;siswa makan nilai ribu lebih nikmat kaya;Negatif;0;93;7
a2WXt0aW76g;Video 4;71T gak cukup jika dibuat sitem menggunakan pihak ke-2 ke-3 dll sebagai vendor. Paling efektif tf aja langsung ke anak, bikin kartu khusus biar tidak sebarang dicairkan selaian untuk MBG. Secara substansi atau niat, MBG ini tujuannya baik, namun untuk sebesar dan seluas Indonesia ini perlu persiapan dan perencanaan yg matang. Supaya ringan menyediakan kartu, libatkan Pemda, Pemda di minta bikin Kartunya, Pusat tinggal tf, dan UMKM menyediakan menu di sekolah masing2.;0;t gak cukup jika dibuat sitem menggunakan pihak ke ke dll sebagai vendor paling efektif tf aja langsung ke anak bikin kartu khusus biar tidak sebarang dicairkan selaian untuk mbg secara substansi atau niat mbg ini tujuannya baik namun untuk sebesar dan seluas indonesia ini perlu persiapan dan perencanaan yg matang supaya ringan menyediakan kartu libatkan pemda pemda di minta bikin kartunya pusat tinggal tf dan umkm menyediakan menu di sekolah masing;sitem dll vendor efektif tf anak bikin kartu biar sebarang cair selai mbg substansi niat mbg tuju luas indonesia siap rencana matang ringan sedia kartu libat pemda pemda bikin kartu pusat tinggal tf umkm sedia menu sekolah;Netral;1;453;37
a2WXt0aW76g;Video 4;"Betul juga ya .....
Sebenarnya, siapa ya yang menikmati, benar benar menikmati, program MBG ini? Karena seperti sangat sangat sangat dipaksakan.
Kalau para penerima, ya iya makan siangnya gratis. Tapi sebenarnya sebenarnya dan sebenarnya, siapa yang banyak menikmati berjalannya program ini.
Maksa maksa dan maksa banget gitu lho ...";0;betul juga ya sebenarnya siapa ya yang menikmati benar benar menikmati program mbg ini karena seperti sangat sangat sangat dipaksakan kalau para penerima ya iya makan siangnya gratis tapi sebenarnya sebenarnya dan sebenarnya siapa yang banyak menikmati berjalannya program ini maksa maksa dan maksa banget gitu lho;nikmat nikmat program mbg paksa terima iya makan siang gratis nikmat jalan program maksa maksa maksa banget gitu lho;Negatif;0;314;19
a2WXt0aW76g;Video 4;Ada peluang korupsi;430;ada peluang korupsi;peluang korupsi;Negatif;0;19;2
rrTT_3KwcSs;Video 2;makan gratis nya gpp, tapi KORUPSI NYA BAPAAKK,;0;makan gratis nya gpp tapi korupsi nya bapaakk;makan gratis gpp korupsi bapaakk;Netral;0;45;5
rrTT_3KwcSs;Video 2;"Serangga jadi menu MBG
Kecoa krispi ???";0;serangga jadi menu mbg kecoa krispi;serangga menu mbg kecoa krispi;Negatif;0;35;5
EEmfTnEhVJ0;Video 1;"Kadang asumsi liar gua gini bang ,   pihak yang kontra dengan MBG ini..ingin membuat program ini Rusak di awal penerapan nya , dengan ada keracunan pas awal² diterapkan...
Kalo memang program ini bagus bagi yang pro dengan program ini , harus nya higienis dan steril itu jadi poin utama pas pertama penerapan nya bang,,,
jdi ada pihak yang emng gamau kalo program ini berlanjut.
Hanya asumsi liar , koreksi jika saya keliru??";0;kadang asumsi liar gua gini bang pihak yang kontra dengan mbg ini ingin membuat program ini rusak di awal penerapan nya dengan ada keracunan pas awal diterapkan kalo memang program ini bagus bagi yang pro dengan program ini harus nya higienis dan steril itu jadi poin utama pas pertama penerapan nya bang jdi ada pihak yang emng gamau kalo program ini berlanjut hanya asumsi liar koreksi jika saya keliru;kadang asumsi liar gua gin kontra mbg program rusak terap racun pas terap program bagus pro program higienis steril poin utama pas terap jdi emng gamau program lanjut asumsi liar koreksi keliru;Negatif;0;404;32
a2WXt0aW76g;Video 4;HAI ! Adik2, Anak2 Ku, Makanlah kamu sekenyang2nya sebelum kamu memberi makan anak sekolah.;0;hai adik anak ku makanlah kamu sekenyang nya sebelum kamu memberi makan anak sekolah;adik anak ku makan kenyang makan anak sekolah;Positif;2;84;8
EEmfTnEhVJ0;Video 1;Ada logo close de door ??. Ap berani bang feri mengkritik??;0;ada logo close de door ap berani bang feri mengkritik;logo close de door ap berani feri kritik;Netral;1;53;8
za8EqDmgeiM;Video 3;Intinya program MBG ini ada dana yang besar, dimana ada dana besar disitu ada proyek, dimana ada proyek disitu ada celah buat meraih keuntungan.;0;intinya program mbg ini ada dana yang besar dimana ada dana besar disitu ada proyek dimana ada proyek disitu ada celah buat meraih keuntungan;inti program mbg dana mana dana situ proyek mana proyek situ celah raih untung;Negatif;0;141;14
a2WXt0aW76g;Video 4;"Di bali ada program ini ya???
Kok di sekolah anak saya ngak ada ??";0;di bali ada program ini ya kok di sekolah anak saya ngak ada;bal program sekolah anak ngak;Netral;1;60;5
za8EqDmgeiM;Video 3;"Pantesan menurut gw orang yang kecerdasan nya sebanding sama rocky gerung ya uda feri amsari ini??di acara rakyat bersuara gw mulai suka ini orang sama rocky gerung. Soalnya dua orang ini yg menurut gw pintar dan lawan debatnya orang"" Dungu yang sok tau padahal ga ngerti apa"" Cuma bisa menjilat buat kepentingan pribadi";200;pantesan menurut gw orang yang kecerdasan nya sebanding sama rocky gerung ya uda feri amsari inidi acara rakyat bersuara gw mulai suka ini orang sama rocky gerung soalnya dua orang ini yg menurut gw pintar dan lawan debatnya orang dungu yang sok tau padahal ga ngerti apa cuma bisa menjilat buat kepentingan pribadi;pantesan gw cerdas banding rocky gerung uda feri amsari inidi acara rakyat suara gw suka rocky gerung gw pintar lawan debat dungu sok tau ngerti jilat penting pribadi;Netral;1;315;28
EEmfTnEhVJ0;Video 1;"? @user Nah iya Mak, aku juga setuju. Harusnya emang gitu, dikhususkan untuk daerah yang membutuhkan. Tapi ya gitu Mak, ntar yang ga dapat bakalan pada protes ??

Jatuhnya kaya subsidi BBM nih MBG, ga peduli kondisi orangnya, semua bisa dapat ????";30;nah iya mak aku juga setuju harusnya emang gitu dikhususkan untuk daerah yang membutuhkan tapi ya gitu mak ntar yang ga dapat bakalan pada protes jatuhnya kaya subsidi bbm nih mbg ga peduli kondisi orangnya semua bisa dapat;iya mak tuju gitu khusus daerah butuh gitu mak ntar protes jatuh kaya subsidi bbm mbg peduli kondisi orang;Netral;1;223;19
za8EqDmgeiM;Video 3;Pengkritik Presiden sebelumnya bungkam terhadap kebijakan Presiden baru, beda dgn Bang Feri ??;0;pengkritik presiden sebelumnya bungkam terhadap kebijakan presiden baru beda dgn bang feri;kritik presiden bungkam bijak presiden beda feri;Negatif;0;90;7
za8EqDmgeiM;Video 3;Menurut saya bang Dedy tolong usulkan kepada bapak presiden MBG khusus untuk anak TK dan SD saja dulu SMP dan SMA jangan dulu;10;menurut saya bang dedy tolong usulkan kepada bapak presiden mbg khusus untuk anak tk dan sd saja dulu smp dan sma jangan dulu;dedy tolong usul presiden mbg anak tk sd smp sma;Netral;1;125;10
za8EqDmgeiM;Video 3;Ternyata jaman gua sekolah makan warteg paket goceng ga seburuk sekarang ??;0;ternyata jaman gua sekolah makan warteg paket goceng ga seburuk sekarang;jaman gua sekolah makan warteg paket goceng buruk;Netral;1;72;8
a2WXt0aW76g;Video 4;Klo ada piala dunia korupsi kayanya juara deh kita, minimal finalis lah  ??;0;klo ada piala dunia korupsi kayanya juara deh kita minimal finalis lah;piala dunia korupsi kaya juara minimal final;Negatif;0;70;7
EEmfTnEhVJ0;Video 1;Ferry dari kemarin masak mulu.;0;ferry dari kemarin masak mulu;kemarin masak mulu;Netral;1;29;3
EEmfTnEhVJ0;Video 1;Sepakat, jika program ini dirasa memang penting dan akan memberikan dampak signifikan, silahkan dilanjutkan dengan syarat melakukan perbaikan, peningkatan dalam pelaksanaannya, seperti saran yang disampaikan dalam video ini. Namun jika dalam beberapa waktu kedepan tidak berdampak positif, atau malah memberikan kemudharatan yang lebih besar, saya rasa program ini harus dihentikan segera, karena untuk apa menghamburkan begitu banyak APBN tapi tujuan untuk memberantas gizi buruk/stunting tidak tercapai juga.;0;sepakat jika program ini dirasa memang penting dan akan memberikan dampak signifikan silahkan dilanjutkan dengan syarat melakukan perbaikan peningkatan dalam pelaksanaannya seperti saran yang disampaikan dalam video ini namun jika dalam beberapa waktu kedepan tidak berdampak positif atau malah memberikan kemudharatan yang lebih besar saya rasa program ini harus dihentikan segera karena untuk apa menghamburkan begitu banyak apbn tapi tujuan untuk memberantas gizi buruk stunting tidak tercapai juga;sepakat program rasa dampak signifikan silah lanjut syarat baik tingkat laksana saran video waktu depan dampak positif kemudharatan program henti hambur apbn tuju berantas gizi buruk stunting capai;Netral;1;501;28
a2WXt0aW76g;Video 4;Pak Prabowo, kamu sudah tua, plis gak usah mikirin bisnis. Fokus aja sama negara.;0;pak prabowo kamu sudah tua plis gak usah mikirin bisnis fokus aja sama negara;prabowo tua plis mikirin bisnis fokus negara;Negatif;0;77;7
a2WXt0aW76g;Video 4;ohh ini channel dari media yang didanai george soros;0;ohh ini channel dari media yang didanai george soros;ohh channel media dana george soros;Netral;1;52;6
a2WXt0aW76g;Video 4;Semua proyek pemerintah yg dikelola oleh mitra tidak ada yang gratis bung.Semua mitra pasti sdh berkorban miliaran rupiah dlm proses2 politik pemilu/pilkada.Jadi pemenang kontes politik harus balas budi.;10;semua proyek pemerintah yg dikelola oleh mitra tidak ada yang gratis bung semua mitra pasti sdh berkorban miliaran rupiah dlm proses politik pemilu pilkada jadi pemenang kontes politik harus balas budi;proyek perintah kelola mitra gratis mitra korban miliar rupiah proses politik milu pilkada menang kontes politik balas budi;Negatif;0;201;18
EEmfTnEhVJ0;Video 1;"jadi netral itu bagus mengkritik kubu a, b, c.. salah ya salah,benar ya benar!
jangan terlalu membenci gua jiji..jangan terlalu berlebihan akan sesuatu hal ????
mau itu wowo, wiwi,nisnis, jarjar gua masa bodo selama mereka baik gua suport ??";10;jadi netral itu bagus mengkritik kubu a b c salah ya salah benar ya benar jangan terlalu membenci gua jiji jangan terlalu berlebihan akan sesuatu hal mau itu wowo wiwi nisnis jarjar gua masa bodo selama mereka baik gua suport;netral bagus kritik kubu salah salah benci gua jiji wowo wiwi nisnis jarjar gua bodo gua suport;Netral;1;225;17
za8EqDmgeiM;Video 3;sebaiknya yg masak itu yg biasa dagang dikantin  misal yg dagang dikantin itu ada 5 orang misal murid satu sekolah ada 500 orang berarti satu kantin menyediakan menu buat 100 orang yg harus sesuai dgn standar gizi yg di tetap kan ntar udah waktu makan siang anak2 tinggal makan kekantin ,dgn menggunakan piring nggak perlu pakai tempat makan kan negara bisa lebih hemat.;0;sebaiknya yg masak itu yg biasa dagang dikantin misal yg dagang dikantin itu ada orang misal murid satu sekolah ada orang berarti satu kantin menyediakan menu buat orang yg harus sesuai dgn standar gizi yg di tetap kan ntar udah waktu makan siang anak tinggal makan kekantin dgn menggunakan piring nggak perlu pakai tempat makan kan negara bisa lebih hemat;masak dagang kantin dagang kantin murid sekolah kantin sedia menu sesuai standar gizi ntar waktu makan siang anak tinggal makan kantin piring pakai makan negara hemat;Netral;1;356;26
EEmfTnEhVJ0;Video 1;"Gw setuju bang, tapi ada yg g setuju jg. Bisa aja kok di standarisasi, dan disini celah nya pemerintah, judulnya ""Makan Bergizi Gratis"", tapi dari menu yang udah udah selalu ada yang kurang dari standar. Bagi yang tanya, standar gizi Indonesia memang ada? Ada dong, namanya AKG, alias Angka Kecukupan Gizi. Dari yang udah udah, ada yang ga di kasih susu kotak, ada yg ga di kasih ini, ga di kasih itu.

Pelaksanaannya gw setuju sama lu bang, terserah kebijakkan daerah masing masing, yang penting wajib memenuhi AKG. Mungkin segitu banyaknya vitamin B, mustahil lah ya, tapi minimal kan bisa di gilir, di ganti2 perhari nya, jadi main goal nya, yaitu Makan Bergizi Gratis, itu terpenuhi semua. Terserah daerah, contoh Indonesia bagian Timur mengganti nasi dengan papeda, bisa? Ya bisa aja, yang penting dalam jumlah dan takaran yang memenuhi AKG, klo kelebihan siswa didik bisa ngantuk, klo kekurangan juga lemas. Gitu aja sih bang.";0;gw setuju bang tapi ada yg g setuju jg bisa aja kok di standarisasi dan disini celah nya pemerintah judulnya makan bergizi gratis tapi dari menu yang udah udah selalu ada yang kurang dari standar bagi yang tanya standar gizi indonesia memang ada ada dong namanya akg alias angka kecukupan gizi dari yang udah udah ada yang ga di kasih susu kotak ada yg ga di kasih ini ga di kasih itu pelaksanaannya gw setuju sama lu bang terserah kebijakkan daerah masing masing yang penting wajib memenuhi akg mungkin segitu banyaknya vitamin b mustahil lah ya tapi minimal kan bisa di gilir di ganti perhari nya jadi main goal nya yaitu makan bergizi gratis itu terpenuhi semua terserah daerah contoh indonesia bagian timur mengganti nasi dengan papeda bisa ya bisa aja yang penting dalam jumlah dan takaran yang memenuhi akg klo kelebihan siswa didik bisa ngantuk klo kekurangan juga lemas gitu aja sih bang;gw tuju tuju standar celah perintah judul makan gizi gratis menu standar standar gizi indonesia nama akg alias angka cukup gizi kasih susu kotak kasih kasih laksana gw tuju lu serah bijak daerah wajib penuh akg segitu banyak vitamin mustahil minimal gilir ganti hari main goal makan gizi gratis penuh serah daerah contoh indonesia timur ganti nasi papeda takar penuh akg lebih siswa didik ngantuk kurang lemas gitu;Negatif;0;895;68
za8EqDmgeiM;Video 3;"ORANG DI SEKITAR PAK PRABOWO BILANG NYA AMAN TERUS. ??

Saya butuh dana MBG di alokasikan untuk 3T ??";0;orang di sekitar pak prabowo bilang nya aman terus saya butuh dana mbg di alokasikan untuk t;prabowo aman butuh dana mbg alokasi;Negatif;0;92;6
EEmfTnEhVJ0;Video 1;namanya mkn gratis pasti baik...tpi klo ga ada uang ga usah maksain....urusin utang aja biar tidak ggl byr;0;namanya mkn gratis pasti baik tpi klo ga ada uang ga usah maksain urusin utang aja biar tidak ggl byr;nama mkn gratis uang maksain urusin utang biar ggl byr;Netral;1;101;10
za8EqDmgeiM;Video 3;Benar,kira2 tau dong siapa yg mau jatuhkan prabowo??????;0;benar kira tau dong siapa yg mau jatuhkan prabowo;tau jatuh prabowo;Netral;1;49;3
v2QNDjfDrL8;Video 5;Sampai sekarang di sekolah di tempat q belum dapat MBG;0;sampai sekarang di sekolah di tempat q belum dapat mbg;sekolah mbg;Netral;1;54;2
a2WXt0aW76g;Video 4;Vendor vendornya ga jauh dari kroni kroninya, supaya proyeknya dan duitnya ga kemana mana dan mudah di bagi bagi.;0;vendor vendornya ga jauh dari kroni kroninya supaya proyeknya dan duitnya ga kemana mana dan mudah di bagi bagi;vendor vendor kroni kroni proyek duit mana mudah;Negatif;0;111;8
EEmfTnEhVJ0;Video 1;Presiden kita aja punya kasus pelangaran HAM, mungkin bang fery pasti tau karena dia simpatisan aksi kamisan ??;0;presiden kita aja punya kasus pelangaran ham mungkin bang fery pasti tau karena dia simpatisan aksi kamisan;presiden pelangaran ham fery tau simpatisan aksi kamis;Negatif;0;107;8
za8EqDmgeiM;Video 3;"Saat Anda berbicara dengan Pengikut Paulus~ ...

T: Siapakah Tuhan?
J: Yesus
T: Apakah yesus putra Maria?
J: Ya,
T: Siapakah Tuhan?
J: Yesus
*Tuhan Yesus lahir dari ibu yang diciptakannya (Maria)

T: Apakah Yesus lahir sebagai anak laki-laki?
J: Ya,
T: Siapa ayahnya?
Tuhan
T: Siapakah Tuhan?
J: Yesus
*Tuhan Yesus adalah ayah dari Tuhan Yesus dan pencipta ibu dia lahir darinya putra istrinya

T: Apakah Yesus adalah hamba Tuhan?
J: Ya,
T: Apakah Yesus mati di kayu salib?
J: Ya,
T: Dan untuk siapa dia naik?
J: Untuk Tuhan
*Tuhan Yesus disalibkan & naik ke Tuhan Yesus

T: Apakah Yesus seorang Utusan?
J: Ya,
T: Siapa yang mengirimnya?
Tuhan
T: Siapakah Tuhan?
J: Yesus
*Tuhan Yesus adalah utusan Tuhan Yesus. Tuhan mengirimkan dirinya sebagai Utusan dirinya sendiri

T: Apakah Yesus berdoa ketika dia masih hidup?
J: ya,
T: Siapa yang dia doakan?
J: Untuk Tuhan
T: Siapakah Tuhan?
J: Yesus
*Tuhan Yesus menyembah Tuhan Yesus sendiri

T: Apakah Tuhan memiliki permulaan?
J: Tidak
Q: Jadi siapa yang lahir pada tanggal 25 Desember?
J: Yesus
T: Siapakah Tuhan?
J: Yesus
*Tuhan Yesus abadi sebelum segalanya tetapi dia lahir pada tanggal 25 Desember

T: Dimana Tuhan?
J: Di surga
T: Berapa banyak Tuhan yang ada di surga?
J: Tuhan hanya satu.
T: Di mana Yesus duduk?
J: Dia duduk di sebelah kanan Tuhan.

T: Apakah Yesus adalah Tuhan?
J: Ya
T: Jadi ada berapa banyak Tuhan di surga?
J: Hanya satu Tuhan
T: Dimana Yesus?
J: Dia duduk di sebelah kanan Tuhan.
T: Jadi ada berapa dewa di surga?
J: Hanya satu tuhan. Tetap

T: Apakah Yesus adalah Tuhan?
J: Ya
T: Jadi siapakah Tuhan-Tuhan yang duduk di sana?
J: Hanya satu Tuhan?
T: Dimana Yesus?
J: Dia duduk di sebelah Tuhan.
T: Berapa banyak Tuhan di surga?
J: Hanya satu.

T: Apakah mereka duduk di kursi yang sama?
J: Kata-kata ini hanya dipahami oleh orang yang memiliki Hantu Kudus.

*jadi.. Tuhan mengorbankan Tuhan kepada Tuhan untuk menyelamatkan ciptaan Tuhan dari Tuhan. Tuhan berdoa kepada Tuhan untuk meminta bantuan tetapi Tuhan tidak membantu Tuhan, dan Tuhan membunuh Tuhan dengan bantuan manusia. Dan bahwa Tuhan adalah ayah dari dirinya sendiri dan ibu dari dirinya sendiri dan anak dari ibu yang diciptakannya pada waktu yang sama. Dia juga abadi tapi tanggal ulang tahun'nya adalah...? ??

= kalau tulisan ini bisa sedikit membantu anda untuk ber'pikir, jangan sungkan untuk membagikan'nya (copy lalu paste, gratis kok??) ke circle"" anda sebelum para keturunan kalian ikut ter'doktrin juga.. Cheers ??";0;saat anda berbicara dengan pengikut paulus t siapakah tuhan j yesus t apakah yesus putra maria j ya t siapakah tuhan j yesus tuhan yesus lahir dari ibu yang diciptakannya maria t apakah yesus lahir sebagai anak laki laki j ya t siapa ayahnya tuhan t siapakah tuhan j yesus tuhan yesus adalah ayah dari tuhan yesus dan pencipta ibu dia lahir darinya putra istrinya t apakah yesus adalah hamba tuhan j ya t apakah yesus mati di kayu salib j ya t dan untuk siapa dia naik j untuk tuhan tuhan yesus disalibkan naik ke tuhan yesus t apakah yesus seorang utusan j ya t siapa yang mengirimnya tuhan t siapakah tuhan j yesus tuhan yesus adalah utusan tuhan yesus tuhan mengirimkan dirinya sebagai utusan dirinya sendiri t apakah yesus berdoa ketika dia masih hidup j ya t siapa yang dia doakan j untuk tuhan t siapakah tuhan j yesus tuhan yesus menyembah tuhan yesus sendiri t apakah tuhan memiliki permulaan j tidak q jadi siapa yang lahir pada tanggal desember j yesus t siapakah tuhan j yesus tuhan yesus abadi sebelum segalanya tetapi dia lahir pada tanggal desember t dimana tuhan j di surga t berapa banyak tuhan yang ada di surga j tuhan hanya satu t di mana yesus duduk j dia duduk di sebelah kanan tuhan t apakah yesus adalah tuhan j ya t jadi ada berapa banyak tuhan di surga j hanya satu tuhan t dimana yesus j dia duduk di sebelah kanan tuhan t jadi ada berapa dewa di surga j hanya satu tuhan tetap t apakah yesus adalah tuhan j ya t jadi siapakah tuhan tuhan yang duduk di sana j hanya satu tuhan t dimana yesus j dia duduk di sebelah tuhan t berapa banyak tuhan di surga j hanya satu t apakah mereka duduk di kursi yang sama j kata kata ini hanya dipahami oleh orang yang memiliki hantu kudus jadi tuhan mengorbankan tuhan kepada tuhan untuk menyelamatkan ciptaan tuhan dari tuhan tuhan berdoa kepada tuhan untuk meminta bantuan tetapi tuhan tidak membantu tuhan dan tuhan membunuh tuhan dengan bantuan manusia dan bahwa tuhan adalah ayah dari dirinya sendiri dan ibu dari dirinya sendiri dan anak dari ibu yang diciptakannya pada waktu yang sama dia juga abadi tapi tanggal ulang tahun nya adalah kalau tulisan ini bisa sedikit membantu anda untuk ber pikir jangan sungkan untuk membagikan nya copy lalu paste gratis kok ke circle anda sebelum para keturunan kalian ikut ter doktrin juga cheers;bicara ikut paulus tuhan yesus yesus putra maria tuhan yesus tuhan yesus lahir cipta maria yesus lahir anak laki laki ayah tuhan tuhan yesus tuhan yesus ayah tuhan yesus cipta lahir dari putra istri yesus hamba tuhan yesus mati kayu salib tuhan tuhan yesus salib tuhan yesus yesus utus kirim tuhan tuhan yesus tuhan yesus utus tuhan yesus tuhan kirim utus yesus doa hidup doa tuhan tuhan yesus tuhan yesus sembah tuhan yesus tuhan milik mula lahir tanggal desember yesus tuhan yesus tuhan yesus abadi lahir tanggal desember mana tuhan surga tuhan surga tuhan yesus duduk duduk belah kanan tuhan yesus tuhan tuhan surga tuhan mana yesus duduk belah kanan tuhan dewa surga tuhan yesus tuhan tuhan tuhan duduk tuhan mana yesus duduk belah tuhan tuhan surga duduk kursi paham milik hantu kudus tuhan korban tuhan tuhan selamat cipta tuhan tuhan tuhan doa tuhan bantu tuhan bantu tuhan tuhan bunuh tuhan bantu manusia tuhan ayah anak cipta waktu abadi tanggal ulang tahun tulis bantu ber pikir sungkan bagi copy paste gratis circle turun ter doktrin cheers;Negatif;0;2302;176
a2WXt0aW76g;Video 4;"Entah mengapa kalo soal fakta negara, gw lebi percaya ""T""empo daripada media ""T"" sebelah yang doyan klikbait, maju terus Tempo!";630;entah mengapa kalo soal fakta negara gw lebi percaya t empo daripada media t sebelah yang doyan klikbait maju terus tempo;fakta negara gw lebi percaya empo media belah doyan klikbait maju tempo;Negatif;0;121;12
za8EqDmgeiM;Video 3;Saat dipangkuan kekuasaan, maka dengarlah lebih banyak orang2 yg berada diluar pemerintah, pendapat mereka (orang2 diluar pemerintahan) lebih genuine, apalagi trhadap mereka yg sejak awal mendeclare akan terus berada diluar rezim. Semoga budaya seperti ini dmn semua pihak baik yg di dalam maupun diluar pemerintahan membuka ruang2 diskusi yg sehat, guna menemukan gagasan dan ide yg lebih baik bagi kemajuan bangsa. Jangan sesekali mengaharamkan diri untuk mendengar sebuah kritik.;0;saat dipangkuan kekuasaan maka dengarlah lebih banyak orang yg berada diluar pemerintah pendapat mereka orang diluar pemerintahan lebih genuine apalagi trhadap mereka yg sejak awal mendeclare akan terus berada diluar rezim semoga budaya seperti ini dmn semua pihak baik yg di dalam maupun diluar pemerintahan membuka ruang diskusi yg sehat guna menemukan gagasan dan ide yg lebih baik bagi kemajuan bangsa jangan sesekali mengaharamkan diri untuk mendengar sebuah kritik;pangku kuasa dengar luar perintah dapat luar perintah genuine trhadap mendeclare luar rezim moga budaya dmn luar perintah buka ruang diskusi sehat temu gagas ide maju bangsa mengaharamkan dengar kritik;Netral;1;470;30
EEmfTnEhVJ0;Video 1;Menurut gua MBG itu program nyeletuk dari prabowo sama gibran, mereka spontan ngasih ide itu tanpa liat kesiapan APBN indonesia;0;menurut gua mbg itu program nyeletuk dari prabowo sama gibran mereka spontan ngasih ide itu tanpa liat kesiapan apbn indonesia;gua mbg program nyeletuk prabowo gibran spontan ngasih ide liat kesiap apbn indonesia;Netral;1;126;13
a2WXt0aW76g;Video 4;Korupsi itu dari rakyat sampai pejabat ??????????;0;korupsi itu dari rakyat sampai pejabat;korupsi rakyat jabat;Negatif;0;38;3
a2WXt0aW76g;Video 4;Betul mbg tdk diperlukan, yg urgent diperlukan adalah lapangan kerja, bila ortu punya pekerjaan pastinya bisa memberi makan bergizi utk keluarganya n disukai oleh anak2nya jadi tdk mubazir terbuang;0;betul mbg tdk diperlukan yg urgent diperlukan adalah lapangan kerja bila ortu punya pekerjaan pastinya bisa memberi makan bergizi utk keluarganya n disukai oleh anak nya jadi tdk mubazir terbuang;mbg urgent lapang ortu kerja pasti makan gizi keluarga suka anak mubazir buang;Negatif;0;195;13
za8EqDmgeiM;Video 3;Di daerah banyak yang mengelola MBG istrinya anggota parlemen... ??;10;di daerah banyak yang mengelola mbg istrinya anggota parlemen;daerah kelola mbg istri anggota parlemen;Negatif;0;61;6
za8EqDmgeiM;Video 3;Pak Deddy, aku yakin sampean punya link ke pak Prabowo. Tolonglah jelasin ke pak Prabowo tentang MBG ini. Please.. ??;0;pak deddy aku yakin sampean punya link ke pak prabowo tolonglah jelasin ke pak prabowo tentang mbg ini please;sampean link prabowo tolong jelasin prabowo mbg please;Netral;1;109;8
a2WXt0aW76g;Video 4;Gak ada yang lewat tender. Audit;0;gak ada yang lewat tender audit;tender audit;Netral;1;31;2
a2WXt0aW76g;Video 4;Tak cukup food estate, PSN, kini MBG;0;tak cukup food estate psn kini mbg;food estate psn mbg;Netral;1;34;4
a2WXt0aW76g;Video 4;KAMI BERSAMA TEMPO;280;kami bersama tempo;tempo;Netral;1;18;1
a2WXt0aW76g;Video 4;"saya setuju sekali MBG harus dievalusi dan dikawal

TAPI

33:00 tempo sebagai jurnalis tidak ada hak untuk menyatakan sebuah proyek itu perlu atau tidak perlu, karena itu prerogatif presiden yg dalam hal ini cukup rasional mengingat indikasi yang ada. tidak ada indikasi pun sebuah proyek bisa saja dijalankan atas dasar visi pemimpin. apalagi ketika indikasi nya sudah ada jelas (stunting) maka jelas pemerintah harus intervensi, 

hanya saja namanya intervensi pemerintah pasti bentuknya ya proyek. ""proyek"" itu sendiri tidak salah. yg salah itu pelaksanaannya tidak boleh ada unsur KKN. yg akhirnya akan menentukan proyek ini positif atau negatif adalah evaluasi mengenai berapa pengorbanan/biaya yg sudah turun dibandingkan dengan hasil yg didapat

ingat, jurnalis itu melaporkan saja, menyimpulkan sekedarnya, bukan menggiring opini dengan ""menyatakan""";0;saya setuju sekali mbg harus dievalusi dan dikawal tapi tempo sebagai jurnalis tidak ada hak untuk menyatakan sebuah proyek itu perlu atau tidak perlu karena itu prerogatif presiden yg dalam hal ini cukup rasional mengingat indikasi yang ada tidak ada indikasi pun sebuah proyek bisa saja dijalankan atas dasar visi pemimpin apalagi ketika indikasi nya sudah ada jelas stunting maka jelas pemerintah harus intervensi hanya saja namanya intervensi pemerintah pasti bentuknya ya proyek proyek itu sendiri tidak salah yg salah itu pelaksanaannya tidak boleh ada unsur kkn yg akhirnya akan menentukan proyek ini positif atau negatif adalah evaluasi mengenai berapa pengorbanan biaya yg sudah turun dibandingkan dengan hasil yg didapat ingat jurnalis itu melaporkan saja menyimpulkan sekedarnya bukan menggiring opini dengan menyatakan;tuju mbg dievalusi kawal tempo jurnalis hak proyek prerogatif presiden rasional indikasi indikasi proyek jalan dasar visi pimpin indikasi stunting perintah intervensi nama intervensi perintah bentuk proyek proyek salah salah laksana unsur kkn tentu proyek positif negatif evaluasi korban biaya turun banding hasil jurnalis lapor simpul dar giring opini;Netral;1;830;49
za8EqDmgeiM;Video 3;Dulu saya belajar membaca dan menulis dengan kalimat dimulai dari nama BUDI...BUDI..dan BUDI;0;dulu saya belajar membaca dan menulis dengan kalimat dimulai dari nama budi budi dan budi;ajar baca tulis kalimat nama budi budi budi;Netral;1;89;8
za8EqDmgeiM;Video 3;Di malaysia jika terdapat keracunan makanan, siasatan terus akan dilakukan dan premis perniagaan akan didenda dan ditutup..terutama kantin sekolah.;30;di malaysia jika terdapat keracunan makanan siasatan terus akan dilakukan dan premis perniagaan akan didenda dan ditutup terutama kantin sekolah;malaysia racun makan siasat premis niaga denda tutup kantin sekolah;Netral;1;144;10
a2WXt0aW76g;Video 4;Semoga tempo tidak pernah berubah sepanjang masa..??;0;semoga tempo tidak pernah berubah sepanjang masa;moga tempo ubah;Netral;1;48;3
rrTT_3KwcSs;Video 2;Betul banget BPJS sangat membantu tante gua yg kena kanker di tahun 2016 sampai benar2 sembuh meski pun akhirnya meninggl di tahun 2021 karna sel kankernya kambuh lagi dan telat penanganan karna rumah sakit menbludak akibat covid. Banyak kasus serupa, seperti tetangga gua yg ibunya terkena kanker tapi larinya malah ke alternatif karna blm mencoba tapi udah meng-underestimate program BPJS terlebih dahulu, dan akhirnya meninggal lebih dulu karna telat penanganan terhadap sel kankernya.;110;betul banget bpjs sangat membantu tante gua yg kena kanker di tahun sampai benar sembuh meski pun akhirnya meninggl di tahun karna sel kankernya kambuh lagi dan telat penanganan karna rumah sakit menbludak akibat covid banyak kasus serupa seperti tetangga gua yg ibunya terkena kanker tapi larinya malah ke alternatif karna blm mencoba tapi udah meng underestimate program bpjs terlebih dahulu dan akhirnya meninggal lebih dulu karna telat penanganan terhadap sel kankernya;banget bpjs bantu tante gua kanker tahun sembuh meninggl tahun sel kanker kambuh telat tangan rumah sakit menbludak akibat covid tetangga gua ibu kena kanker lari alternatif coba meng underestimate program bpjs tinggal telat tangan sel kanker;Netral;1;473;37
a2WXt0aW76g;Video 4;Kalo diluar negeri, program makan bergizi bertujuan untuk meningkatkan gizi muridnya.. kalo disini tujuannya untuk meningkatkan gizi kroni-kroninya;320;kalo diluar negeri program makan bergizi bertujuan untuk meningkatkan gizi muridnya kalo disini tujuannya untuk meningkatkan gizi kroni kroninya;luar negeri program makan gizi tuju tingkat gizi murid tuju tingkat gizi kroni kroni;Negatif;0;144;14
a2WXt0aW76g;Video 4;Mertua gua dpt tawaran dari kk ipar buat proyek makan siang gratis ini, dan harus punya modal awal 400jtan;0;mertua gua dpt tawaran dari kk ipar buat proyek makan siang gratis ini dan harus punya modal awal jtan;mertua gua dpt tawar kk ipar proyek makan siang gratis modal jtan;Netral;1;102;12
rrTT_3KwcSs;Video 2;"Mengingat msh butuh rupiah wlupun 1/2 harga, maka perlu bijaksana...?????????????. 

Justru krn ""polical will"" harusnya NO Failed... ""gagal merencanakan = merencanakan gagal""... dah gitu aja... ????????";20;mengingat msh butuh rupiah wlupun harga maka perlu bijaksana justru krn polical will harusnya no failed gagal merencanakan merencanakan gagal dah gitu aja;msh butuh rupiah wlupun harga bijaksana polical will no failed gagal rencana rencana gagal dah gitu;Negatif;0;154;16
za8EqDmgeiM;Video 3;bisa tidak secara hukum tata negara dan konstitusi sebuah kebijakan yang menggunakan anggaran APBN yang sangat besar dan berimplikasi besar dampaknya kepada masyarakat TANPA peraturan perundangan yang menjadi dasar hukumnya, seperti Undang-Undang, Perpres, Kepres dll TAPI sudah dilakasanakan ? seperti disampaikan oleh Pak Frei Amsari, Program MBG belum ada dasar hukumnya secara perundangan.;0;bisa tidak secara hukum tata negara dan konstitusi sebuah kebijakan yang menggunakan anggaran apbn yang sangat besar dan berimplikasi besar dampaknya kepada masyarakat tanpa peraturan perundangan yang menjadi dasar hukumnya seperti undang undang perpres kepres dll tapi sudah dilakasanakan seperti disampaikan oleh pak frei amsari program mbg belum ada dasar hukumnya secara perundangan;hukum tata negara konstitusi bijak anggar apbn implikasi dampak masyarakat atur undang dasar hukum undang undang pres pres dll dilakasanakan frei amsari program mbg dasar hukum undang;Netral;1;386;27
rrTT_3KwcSs;Video 2;Setuju.. pilpres nya udah lewat, mau lu dukung ganjar anis prabowo, kl program nya berguna ya di kawal aja, jangan di caci maki ?? saya apresiasi juga bang pandji sebutin ada massa prabowo massa ganjar dan anis, karena sekarang influencer itu apa2 sebut buzzer buzzer, orang kaya ga boleh punya beda pendapat aja, kl beda ma dia di sebut buzzer. ??????;0;setuju pilpres nya udah lewat mau lu dukung ganjar anis prabowo kl program nya berguna ya di kawal aja jangan di caci maki saya apresiasi juga bang pandji sebutin ada massa prabowo massa ganjar dan anis karena sekarang influencer itu apa sebut buzzer buzzer orang kaya ga boleh punya beda pendapat aja kl beda ma dia di sebut buzzer;tuju pilpres lu dukung ganjar anis prabowo program guna kawal caci maki apresiasi sebutin massa prabowo massa ganjar anis influencer buzzer buzzer kaya beda dapat beda ma buzzer;Positif;2;332;28
rrTT_3KwcSs;Video 2;Makan gratis kayaknya bukan yg terpenting. Menurut saya wajib belajar sampai kelas 9 pendidikan gratis lebih penting. Dan perbanyak lapangan pekerjaan, karena banyak orang bekerja bisa menaikkan pemasukan pajak;0;makan gratis kayaknya bukan yg terpenting menurut saya wajib belajar sampai kelas pendidikan gratis lebih penting dan perbanyak lapangan pekerjaan karena banyak orang bekerja bisa menaikkan pemasukan pajak;makan gratis kayak penting wajib ajar kelas didik gratis banyak lapang kerja naik pasu pajak;Negatif;0;205;15
a2WXt0aW76g;Video 4;klo saya di indo mah,pgn bget langganan majalah tempo;0;klo saya di indo mah pgn bget langganan majalah tempo;indo pgn banget langgan majalah tempo;Netral;1;53;6
EEmfTnEhVJ0;Video 1;Menurut gua sistem yg paling sehat itu pemerintah fokus ke lapangan pekerjaan sama pendidikan gratis. Ayahnya bisa bekerja dan ngasih makan keluarga, anaknya bisa sekolah dengan tenang. Kalo indonesia bisa berantas korupsi, 2 sistem tadi masuk akal untuk dijalanin.;0;menurut gua sistem yg paling sehat itu pemerintah fokus ke lapangan pekerjaan sama pendidikan gratis ayahnya bisa bekerja dan ngasih makan keluarga anaknya bisa sekolah dengan tenang kalo indonesia bisa berantas korupsi sistem tadi masuk akal untuk dijalanin;gua sistem sehat perintah fokus lapang kerja didik gratis ayah ngasih makan keluarga anak sekolah tenang indonesia berantas korupsi sistem akal dijalanin;Positif;2;258;22
a2WXt0aW76g;Video 4;Mau bergizi 10000 wk wk wk;0;mau bergizi wk wk wk;gizi wk wk wk;Negatif;0;20;4
za8EqDmgeiM;Video 3;Bang Ferry bijaksana, berilmu tdk jumawah, menguasai masalah, jd enak denger penjelasannya. Satun;210;bang ferry bijaksana berilmu tdk jumawah menguasai masalah jd enak denger penjelasannya satun;bijaksana beril jumawah kuasa denger jelas satun;Positif;2;93;7
a2WXt0aW76g;Video 4;Dulu berpikirnya kantin2 sekolah bakal sejahtera karena bisa jadi penyedia makanan, tapi ternyata  sekompleks itu syarat & ketentuannya;0;dulu berpikirnya kantin sekolah bakal sejahtera karena bisa jadi penyedia makanan tapi ternyata sekompleks itu syarat ketentuannya;pikir kantin sekolah sejahtera sedia makan kompleks syarat tentu;Negatif;0;130;9
za8EqDmgeiM;Video 3;Bang Ferry kalo bicara ideal pasti lambat, kebijakan harus segera dimulai dan biar diperbaiki sambil jalan.. rakyat butuh segera, lapar dan stunting itu horor bang.. silahkan di evaluasi tapi jangan dihentikan, buat kalian yg kenyang mungkin ga peduli tapi buat mereka yg lapar MBG itu sangat membantu;0;bang ferry kalo bicara ideal pasti lambat kebijakan harus segera dimulai dan biar diperbaiki sambil jalan rakyat butuh segera lapar dan stunting itu horor bang silahkan di evaluasi tapi jangan dihentikan buat kalian yg kenyang mungkin ga peduli tapi buat mereka yg lapar mbg itu sangat membantu;bicara ideal lambat bijak biar baik jalan rakyat butuh lapar stunting horor silah evaluasi henti kenyang peduli lapar mbg bantu;Positif;2;294;20
a2WXt0aW76g;Video 4;Kalau Ade Armando mana percaya bocor halus????padahal apa yang di berita kan Tempo sangat independen dan ada narasumber nya walaupun sebagian identitas nya di lindungi;10;kalau ade armando mana percaya bocor haluspadahal apa yang di berita kan tempo sangat independen dan ada narasumber nya walaupun sebagian identitas nya di lindungi;ade armando percaya bocor haluspadahal berita tempo independen narasumber identitas lindung;Netral;1;163;11
za8EqDmgeiM;Video 3;Saya setuju kalau dikelola sekolah. Kantin sekolah..;0;saya setuju kalau dikelola sekolah kantin sekolah;tuju kelola sekolah kantin sekolah;Netral;1;49;5
EEmfTnEhVJ0;Video 1;Yang penting bukan menu Belalang ataupun Serangga lainnya ??????;10;yang penting bukan menu belalang ataupun serangga lainnya;menu belalang serangga;Netral;1;57;3
za8EqDmgeiM;Video 3;Di kpg ku aceh Selatan,dapur MBG nya yg punya anggota Dewan;30;di kpg ku aceh selatan dapur mbg nya yg punya anggota dewan;kpg ku aceh selatan dapur mbg anggota dewan;Netral;1;59;8
rrTT_3KwcSs;Video 2;Cara paling ampuh negur kesalahan cahyadi adalah kritikan panji pragiwaksono ????????;700;cara paling ampuh negur kesalahan cahyadi adalah kritikan panji pragiwaksono;ampuh negur salah cahyadi kritik pragiwaksono;Netral;1;76;6
za8EqDmgeiM;Video 3;Hem ok mulai nangkep om kalau ide saya bagaimana om saya ada ide anggap di setiap provinsi indo ada petani peternak bagaimana beli dari situ selain murah juga membantu petani dan peternak kemudian dilihat berpa banyak pondok sekolah di wilayah kecamatan provinsi dihitung jugakemudian kalausudah ok cocok deal cari aja join resto dan ibu2 PKK di provinsi indo jadi kasih modal awasi sekarang era teknologi tinggal minta dilihat aja proses nya pengiriman pembuatan masakan juga dibikin video di sebar ke Instagram YouTube dan tiktok biar masyarakat juga ikut mengawasi om insyaallah masyarakat mau bantu juga kalau alurnya bener tidak ada udan dibalik batu????loh cuma ide aja ya walaupun setiap wilayah ada beberapa makanan beda lokal kenapa tidak diteliti juga tinggal di-mix juga intinya transparan jujur adil dan sama2 untung sih om tinggal yang atas mau gak berubah;0;hem ok mulai nangkep om kalau ide saya bagaimana om saya ada ide anggap di setiap provinsi indo ada petani peternak bagaimana beli dari situ selain murah juga membantu petani dan peternak kemudian dilihat berpa banyak pondok sekolah di wilayah kecamatan provinsi dihitung jugakemudian kalausudah ok cocok deal cari aja join resto dan ibu pkk di provinsi indo jadi kasih modal awasi sekarang era teknologi tinggal minta dilihat aja proses nya pengiriman pembuatan masakan juga dibikin video di sebar ke instagram youtube dan tiktok biar masyarakat juga ikut mengawasi om insyaallah masyarakat mau bantu juga kalau alurnya bener tidak ada udan dibalik batuloh cuma ide aja ya walaupun setiap wilayah ada beberapa makanan beda lokal kenapa tidak diteliti juga tinggal di mix juga intinya transparan jujur adil dan sama untung sih om tinggal yang atas mau gak berubah;hem ok nangkep ide ide anggap provinsi indo tani ternak beli situ murah bantu tani ternak berpa pondok sekolah wilayah camat provinsi hitung jugakemudian kalausudah ok cocok deal cari join resto pkk provinsi indo kasih modal awas era teknologi tinggal proses kirim buat masakan bikin video sebar instagram youtube tiktok biar masyarakat awas insyaallah masyarakat bantu alur bener udan balik batuloh ide wilayah makan beda lokal teliti tinggal mix inti transparan jujur adil untung tinggal ubah;Netral;1;863;76
rrTT_3KwcSs;Video 2;aku sebagai orang yang 6 bersodara paham sendiri gimana susahnya orang tua kasih makan anak2nya, tapi untungnya tinggal di desa masih kebantu untuk setidaknya makan 'rumput2' an di halaman rumah;0;aku sebagai orang yang bersodara paham sendiri gimana susahnya orang tua kasih makan anak nya tapi untungnya tinggal di desa masih kebantu untuk setidaknya makan rumput an di halaman rumah;bersodara paham gimana susah tua kasih makan anak untung tinggal desa bantu makan rumput an halaman rumah;Positif;2;188;17
a2WXt0aW76g;Video 4;"makan gratis=ngasih makan gratis jd jangan minta bayaran(siap"" di kemplang)????????????????????";0;makan gratis ngasih makan gratis jd jangan minta bayaran siap di kemplang;makan gratis ngasih makan gratis bayar kemplang;Negatif;0;73;7
a2WXt0aW76g;Video 4;Saat kampanye programnya disebut Makan Siang Gratis (MSG) Kemudian berganti MBG. Sejak awal saya menduga proyek tersebut jd lahan korupsi;0;saat kampanye programnya disebut makan siang gratis msg kemudian berganti mbg sejak awal saya menduga proyek tersebut jd lahan korupsi;kampanye program makan siang gratis msg ganti mbg duga proyek lahan korupsi;Negatif;0;134;12
za8EqDmgeiM;Video 3;DR SINI KITA TAU KE SMARTAN DEDY SMP DMN??;0;dr sini kita tau ke smartan dedy smp dmn;tau smartan dedy smp dmn;Netral;1;40;5
za8EqDmgeiM;Video 3;Bukan cuma mbg yang kurang persiapan, coba cek cek yang lain, om. Terutama dibawah kementrian lain om. Serba cepat-cepat tp tdk ada persiapan dan mengecewakan masyarakat yang berharap dan berpastisipasi untuk mendukung program tersebut. ??;0;bukan cuma mbg yang kurang persiapan coba cek cek yang lain om terutama dibawah kementrian lain om serba cepat cepat tp tdk ada persiapan dan mengecewakan masyarakat yang berharap dan berpastisipasi untuk mendukung program tersebut;mbg siap coba cek cek bawah tri serba cepat cepat siap kecewa masyarakat harap berpastisipasi dukung program;Negatif;0;231;17
za8EqDmgeiM;Video 3;Orang di dekat presiden org orgnya hrus berintegritas;0;orang di dekat presiden org orgnya hrus berintegritas;presiden orgnya hrus integritas;Netral;1;53;4
za8EqDmgeiM;Video 3;"Niat Pak Presiden: mempersiapkan generasi penerus bangsa sebagai generasi yg pintar dan sehat. Dengan memperhatikan gizinya. ????

Niat Pejabat pelaksana : gimana cara agar dapat komisi gede dari proyek MBG. ????

Niat pemborong: gimana cara agar dapat untung besar. ????

????????";0;niat pak presiden mempersiapkan generasi penerus bangsa sebagai generasi yg pintar dan sehat dengan memperhatikan gizinya niat pejabat pelaksana gimana cara agar dapat komisi gede dari proyek mbg niat pemborong gimana cara agar dapat untung besar;niat presiden generasi terus bangsa generasi pintar sehat perhati gizi niat jabat laksana gimana komisi gede proyek mbg niat borong gimana untung;Negatif;0;246;22
a2WXt0aW76g;Video 4;EL WOWO....PIMPINAN KARTEL MBG....;0;el wowo pimpinan kartel mbg;el wowo pimpin kartel mbg;Negatif;0;27;5
v2QNDjfDrL8;Video 5;Gmn gak nolak jd mitra seluruh Indonesia. Lumayan 2000 per porsi di kali banyak ??. Bagi2 ke UMKM yg mau daftar jg pak;20;gmn gak nolak jd mitra seluruh indonesia lumayan per porsi di kali banyak bagi ke umkm yg mau daftar jg pak;gmn nolak mitra indonesia lumayan porsi umkm daftar;Netral;1;107;8
a2WXt0aW76g;Video 4;proyek bergizi gratis 02;0;proyek bergizi gratis;proyek gizi gratis;Negatif;0;21;3
rrTT_3KwcSs;Video 2; @user  program anti korupsi gak perlu banyak uang, yang diperlukan itu keseriusan dan ketegasan. Sampai kapanpun mereka gak bisa perbaiki itu karna mereka saling terikat. Jika mereka bikin aturan tegas mereka sendiri yang kena. Senjata makan tuan.;10;program anti korupsi gak perlu banyak uang yang diperlukan itu keseriusan dan ketegasan sampai kapanpun mereka gak bisa perbaiki itu karna mereka saling terikat jika mereka bikin aturan tegas mereka sendiri yang kena senjata makan tuan;program anti korupsi uang serius tegas baik ikat bikin atur senjata makan tuan;Negatif;0;235;13
a2WXt0aW76g;Video 4;Investasi siapa WAKIL PRESIDEN ATAU RAJA JAWA ??????;0;investasi siapa wakil presiden atau raja jawa;investasi wakil presiden raja jawa;Netral;1;45;5
EEmfTnEhVJ0;Video 1;Sy dukung makan siang gratisnya. Tapi menu yg diberikan jg harus layak untuk dimakan. Jngn cm pake sayur 4 potong. Dan yg pasti, kalo ada yg videoin trs jd viral.karena ga layak, jngn yg videoin yg disalahkan trs disuru minta maaf. Tapi pihak katering atau penyelenggaranya yg harusnya minta maaf dan berbenah diri;0;sy dukung makan siang gratisnya tapi menu yg diberikan jg harus layak untuk dimakan jngn cm pake sayur potong dan yg pasti kalo ada yg videoin trs jd viral karena ga layak jngn yg videoin yg disalahkan trs disuru minta maaf tapi pihak katering atau penyelenggaranya yg harusnya minta maaf dan berbenah diri;sy dukung makan siang gratis menu layak makan jngn cm pake sayur potong videoin trs viral layak jngn videoin salah trs disuru maaf katering selenggara maaf benah;Negatif;0;306;27
za8EqDmgeiM;Video 3;Kalo sudah tau orang nya baru bisa tau dana nya??;0;kalo sudah tau orang nya baru bisa tau dana nya;tau tau dana;Netral;1;47;3
EEmfTnEhVJ0;Video 1;Anak sd 5 taun lagi milih siapa tot;0;anak sd taun lagi milih siapa tot;anak sd taun milih tot;Netral;1;33;5
za8EqDmgeiM;Video 3;kalau komen youtube bisa lampirin Gambar, saya pengen lampirin foto menu MBG dari keponakan saya, mau bertanya, apa memang kayak gitu ya menunya ? justru isinya nugget, kentang goreng instant. sayurnya hanya selada dan tomat raw ? ????;0;kalau komen youtube bisa lampirin gambar saya pengen lampirin foto menu mbg dari keponakan saya mau bertanya apa memang kayak gitu ya menunya justru isinya nugget kentang goreng instant sayurnya hanya selada dan tomat raw;komen youtube lampirin gambar ken lampirin foto menu mbg keponakan kayak gitu menu isi nugget kentang goreng instant sayur selada tomat raw;Negatif;0;221;22
EEmfTnEhVJ0;Video 1;"Hiks, anakku sdh dpt MBG ini hampir 3 minggu, ini diluar dr konteks 'tidak bersyukur' ya, tp anakku mkn hanya sdkt, ada momen misal menunya tahu rebus, telur rebus, semangka, sayur buncis wortel (anyep bgt), ada jg telur dadar tebel yg dipotong2 kecil, tempe rebus bumbu, salak dan  sayur, ya ga dimakan jg. Utk ukuran anak kls 1 rasanya pilihan  menunya 'kurang'


Mdh2an ga dikatain PEA neh ??";30;hiks anakku sdh dpt mbg ini hampir minggu ini diluar dr konteks tidak bersyukur ya tp anakku mkn hanya sdkt ada momen misal menunya tahu rebus telur rebus semangka sayur buncis wortel anyep bgt ada jg telur dadar tebel yg dipotong kecil tempe rebus bumbu salak dan sayur ya ga dimakan jg utk ukuran anak kls rasanya pilihan menunya kurang mdh an ga dikatain pea neh;hiks anak dpt mbg minggu luar konteks syukur anak mkn sdkt momen menu rebus telur rebus semangka sayur buncis wortel anyep banget telur dadar tebel potong tempe rebus bumbu salak sayur makan ukur anak kls pilih menu mdh an dikatain pea neh;Positif;2;365;42
a2WXt0aW76g;Video 4;"Buka teroosss tempo...
Anda....adalah kami";20;buka teroosss tempo anda adalah kami;buka teroosss tempo;Netral;1;36;3
EEmfTnEhVJ0;Video 1;Saran yang cukup tepat ya mending dipasrahin ke pihak kantin, dibikin seperti prasmanan gitu, win win solution. Pihak kantin dapat ga merugi, anak sekolah juga biasanya lebih sering makan masakkan ibu ibu kantin.;0;saran yang cukup tepat ya mending dipasrahin ke pihak kantin dibikin seperti prasmanan gitu win win solution pihak kantin dapat ga merugi anak sekolah juga biasanya lebih sering makan masakkan ibu ibu kantin;saran mending dipasrahin kantin bikin prasmanan gitu win win solution kantin rugi anak sekolah makan masak kantin;Netral;1;207;17
za8EqDmgeiM;Video 3;"Ya namanya orang pemerintah masa harus ""kasar"" cara penyampaiannya";0;ya namanya orang pemerintah masa harus kasar cara penyampaiannya;nama perintah kasar sampai;Netral;1;64;4
za8EqDmgeiM;Video 3;feri amsari...produk gagal reformasi....;0;feri amsari produk gagal reformasi;feri amsari produk gagal reformasi;Netral;1;34;5
EEmfTnEhVJ0;Video 1;"? @user Tergantung orangnya juga punya keahlian memasak yang bagus atau tidak nya

Soalnya percuma juga kalau skillnya buruk";10;r dtergantung orangnya juga punya keahlian memasak yang bagus atau tidak nya soalnya percuma juga kalau skillnya buruk;dtergantung orang ahli masak bagus skillnya buruk;Netral;1;118;7
EEmfTnEhVJ0;Video 1;"Seharusnya mungkin ada yang memiliki usulan memberdayakan kantin-kantin sekolah, karena ya apa iya sekelas orang-orang pemerintah ngga kepikiran soal pemberdayaan dari unsur internal sekolah itu sendiri dan juga memudahkan implementasi. Menyewa vendor-vendor itu bisa jadi memang hanya alat untuk bagaimana penyelenggara bisa ""memanfaatkan"" program MBG ini, banyak faktor yang bisa dikulik sebenarnya dari program tersebut, semakin besar skala program maka semakin abu-abu maksud dari program itu sendiri karena pastinya mereka harus menyertakan berbagai unsur";0;seharusnya mungkin ada yang memiliki usulan memberdayakan kantin kantin sekolah karena ya apa iya sekelas orang orang pemerintah ngga kepikiran soal pemberdayaan dari unsur internal sekolah itu sendiri dan juga memudahkan implementasi menyewa vendor vendor itu bisa jadi memang hanya alat untuk bagaimana penyelenggara bisa memanfaatkan program mbg ini banyak faktor yang bisa dikulik sebenarnya dari program tersebut semakin besar skala program maka semakin abu abu maksud dari program itu sendiri karena pastinya mereka harus menyertakan berbagai unsur;milik usul daya kantin kantin sekolah iya kelas perintah pikir daya unsur internal sekolah mudah implementasi sewa vendor vendor alat selenggara manfaat program mbg faktor lik program skala program abu abu program pasti serta unsur;Negatif;0;554;35
v2QNDjfDrL8;Video 5;Senin Depan Dapat Mbg!;10;senin depan dapat mbg;senin mbg;Netral;1;21;2
a2WXt0aW76g;Video 4;" @user  nih sumber kompas, anies menjabat gubernur 2017-2022, dan program balap2an yg anda sebut itu namanya formula E. Nah formula E ini cukup visioner karna ini balapan mobil listrik, ramah lingkungan dan tanpa asap. Dan faktanya, di 2022 melalui hasil audit publik, formula E untung 5 milyar.
Dan tahu ga, sumber inJourney, balapan motoGP di mandalika itu rugi 50 milyar. Mandalika dananya lebih fantastis lagi.
Ini mungkin fakta pahit buat anda pembenci Anies, mohon maaf ya";200;nih sumber kompas anies menjabat gubernur dan program balap an yg anda sebut itu namanya formula e nah formula e ini cukup visioner karna ini balapan mobil listrik ramah lingkungan dan tanpa asap dan faktanya di melalui hasil audit publik formula e untung milyar dan tahu ga sumber injourney balapan motogp di mandalika itu rugi milyar mandalika dananya lebih fantastis lagi ini mungkin fakta pahit buat anda pembenci anies mohon maaf ya;sumber kompas anies jabat gubernur program balap an nama formula formula visioner balap mobil listrik ramah lingkung asap fakta hasil audit publik formula untung milyar sumber injourney balap motogp mandalika rugi milyar mandalika dana fantastis fakta pahit benci anies maaf;Netral;1;437;40
EEmfTnEhVJ0;Video 1;Selamat Berjuang bang klo ada masalah bikin Viralin aja;10;selamat berjuang bang klo ada masalah bikin viralin aja;selamat juang bikin viralin;Positif;2;55;4
rrTT_3KwcSs;Video 2;pertanyaan kritis... makan bergizi habis itu bisa bikin sejahtera... atau bikin sejahtera dulu dan masyarakat akan memenuhi gizi nya sendiri dengan baik?;0;pertanyaan kritis makan bergizi habis itu bisa bikin sejahtera atau bikin sejahtera dulu dan masyarakat akan memenuhi gizi nya sendiri dengan baik;kritis makan gizi habis bikin sejahtera bikin sejahtera masyarakat penuh gizi;Netral;1;146;11
a2WXt0aW76g;Video 4;Semuanya gratis hingga dapur pun gratis ??;0;semuanya gratis hingga dapur pun gratis;gratis dapur gratis;Netral;1;39;3
EEmfTnEhVJ0;Video 1;Kapan lalu ada rekan ikut meeting buat vendor makan bergizi gratis, budget dari pemerintah 25k per-porsi, and you know what.... budget yg diterima vendor jadi 12,5k per-porsi. Vendor susah untung, siswa pun dapat makanan ala kadarnya. Sebagai orang yg berwirausaha dalam bidang F&B, sebenarnya budget 25k itu sudah bagus baik untuk vendor & siswa, tapi budget akhir yg diterima jadi 12,5k itu yg gak masuk akal, dengan dalih setelah dipotong ini dan itu. Jadi lebih baik kami tidak mengambil kesempatan untuk jadi vendor.;0;kapan lalu ada rekan ikut meeting buat vendor makan bergizi gratis budget dari pemerintah k per porsi and you know what budget yg diterima vendor jadi k per porsi vendor susah untung siswa pun dapat makanan ala kadarnya sebagai orang yg berwirausaha dalam bidang f b sebenarnya budget k itu sudah bagus baik untuk vendor siswa tapi budget akhir yg diterima jadi k itu yg gak masuk akal dengan dalih setelah dipotong ini dan itu jadi lebih baik kami tidak mengambil kesempatan untuk jadi vendor;rekan meeting vendor makan gizi gratis budget perintah porsi and you know what budget terima vendor porsi vendor susah untung siswa makan ala kadar berwirausaha bidang budget bagus vendor siswa budget terima akal dalih potong ambil sempat vendor;Negatif;0;493;38
a2WXt0aW76g;Video 4;usul yg bagus pak..tapi gak akan dilaksanakan..karena kepentingannya bukan itu..yg penting adalah sambil menyelam minum air..jadi sambil ceritanya peduli ama anak2, semua kroni dapet jatah ..;0;usul yg bagus pak tapi gak akan dilaksanakan karena kepentingannya bukan itu yg penting adalah sambil menyelam minum air jadi sambil ceritanya peduli ama anak semua kroni dapet jatah;usul bagus laksana penting selam minum air cerita peduli ama anak kroni dapet jatah;Negatif;0;182;14
a2WXt0aW76g;Video 4;Salut buat bocor halus, tetap maju walaupun ada gangguan dimana mana, tdk heranlah dinegara konoha tidak ada proyek yang tdk dikorupsi jika Proyek Makan Gratis Bergizi ini benar2 ada korupsinya sangat2 disayangkan.;0;salut buat bocor halus tetap maju walaupun ada gangguan dimana mana tdk heranlah dinegara konoha tidak ada proyek yang tdk dikorupsi jika proyek makan gratis bergizi ini benar ada korupsinya sangat disayangkan;salut bocor halus maju ganggu mana heran negara konoha proyek korupsi proyek makan gratis gizi korupsi sayang;Negatif;0;209;17
EEmfTnEhVJ0;Video 1;Ga bisa pendapat Anda hanya angan karena konsep kapitalisme sudah pasti kesenjangan sosial pasti ada. MSG itu solusi tepat perbaiki gizi tapi memang biayanya cukup besar.;30;ga bisa pendapat anda hanya angan karena konsep kapitalisme sudah pasti kesenjangan sosial pasti ada msg itu solusi tepat perbaiki gizi tapi memang biayanya cukup besar;dapat angan konsep kapitalisme senjang sosial msg solusi baik gizi biaya;Positif;2;168;11
a2WXt0aW76g;Video 4;Klu org yg masih pya kbenaran pasti mendukung...tpi klu SDH tak bener pasti mmbencinya;0;klu org yg masih pya kbenaran pasti mendukung tpi klu sdh tak bener pasti mmbencinya;klu pya kbenaran dukung klu bener mmbencinya;Positif;2;84;7
a2WXt0aW76g;Video 4;Makan siang gratis sebaiknya diberikan oleh sekolah agar lebih sehat,mudah dan llancar. Sebab jika makan siang gratis dianggap proyek bisa timbul masalah ini itu.;0;makan siang gratis sebaiknya diberikan oleh sekolah agar lebih sehat mudah dan llancar sebab jika makan siang gratis dianggap proyek bisa timbul masalah ini itu;makan siang gratis sekolah sehat mudah llancar makan siang gratis anggap proyek timbul;Netral;1;160;13
za8EqDmgeiM;Video 3;"Dana nya kita semua udah tau.. yg kita mau tau, bener niat ga sih aparat & DPR memperbaiki sistem rusak ini?
Gitu kan ya akarnya";0;dana nya kita semua udah tau yg kita mau tau bener niat ga sih aparat dpr memperbaiki sistem rusak ini gitu kan ya akarnya;dana tau tau bener niat aparat dpr baik sistem rusak gitu akar;Netral;1;122;12
a2WXt0aW76g;Video 4;Selalu berdoa semoga Indonesia baik-baik saja;0;selalu berdoa semoga indonesia baik baik saja;doa moga indonesia;Positif;2;45;3
a2WXt0aW76g;Video 4;"Jika mau Efisien....hitung tambahan gizi untuk anak SD, SMP,SMA berapa per porsi/ persiwa dlm.rupiah,
Kirim/ transfer ke ibu ibu anak tersebut, agar dimasak ibunya sendiri dan hanya warga yg tidak mampu saja yg diberi.
Hal.ini agar Uang negara tidak boros di satu program, tetap diawasi ahli gizi.";0;jika mau efisien hitung tambahan gizi untuk anak sd smp sma berapa per porsi persiwa dlm rupiah kirim transfer ke ibu ibu anak tersebut agar dimasak ibunya sendiri dan hanya warga yg tidak mampu saja yg diberi hal ini agar uang negara tidak boros di satu program tetap diawasi ahli gizi;efisien hitung tambah gizi anak sd smp sma porsi persiwa rupiah kirim transfer anak masak ibu warga uang negara boros program awas ahli gizi;Positif;2;286;24
za8EqDmgeiM;Video 3;Feri : Anggara MBG jangan dipotong dari anggaran pendidikan tapi dari gaji petinggi negara seperti DPR, menteri, Komisaris BUMN, CSR Konglomerat.;30;feri anggara mbg jangan dipotong dari anggaran pendidikan tapi dari gaji petinggi negara seperti dpr menteri komisaris bumn csr konglomerat;feri anggara mbg potong anggar didik gaji petinggi negara dpr menteri komisaris bumn csr konglomerat;Positif;2;139;15
a2WXt0aW76g;Video 4;Program MBG ini seharusnya berdampak ekonomi dan edukasi bagi warung-warung sekitar sekolah. Tapi nyatanya program ini terkesan eksklusif;0;program mbg ini seharusnya berdampak ekonomi dan edukasi bagi warung warung sekitar sekolah tapi nyatanya program ini terkesan eksklusif;program mbg dampak ekonomi edukasi warung warung sekolah program kes eksklusif;Netral;1;136;11
a2WXt0aW76g;Video 4;Siapa partai yg berkuasa disitulah kesempatan menikmati wanginya korupsi;0;siapa partai yg berkuasa disitulah kesempatan menikmati wanginya korupsi;partai kuasa situ sempat nikmat wangi korupsi;Negatif;0;72;7
a2WXt0aW76g;Video 4;Program MBG jangan sampai jadi proyek pemerataan korupsi.;0;program mbg jangan sampai jadi proyek pemerataan korupsi;program mbg proyek perata korupsi;Negatif;0;56;5
a2WXt0aW76g;Video 4;Majalah tempo tiada lawan the best tempo ??????;0;majalah tempo tiada lawan the best tempo;majalah tempo tiada lawan the best tempo;Netral;1;40;7
a2WXt0aW76g;Video 4;Kan 6 bulan belum dpt mobil dinas ya gantinya MBG;0;kan bulan belum dpt mobil dinas ya gantinya mbg;dpt mobil dinas ganti mbg;Negatif;0;47;5
za8EqDmgeiM;Video 3;seharusnya  MBG itu diserahkan ke kantin di sekolah jadi bisa diawasi  langsung  oleh pihak sekolah penyalurannya daripada yg terjadi saat ini dikelola oleh pihak yg hanya kejar untung dari proyek saja;0;seharusnya mbg itu diserahkan ke kantin di sekolah jadi bisa diawasi langsung oleh pihak sekolah penyalurannya daripada yg terjadi saat ini dikelola oleh pihak yg hanya kejar untung dari proyek saja;mbg serah kantin sekolah awas sekolah salur kelola kejar untung proyek;Negatif;0;198;11
EEmfTnEhVJ0;Video 1;era cebong kampret udah usai, sekarang era oke gass vs anak abah;0;era cebong kampret udah usai sekarang era oke gass vs anak abah;era cebong kampret era oke gass vs anak abah;Negatif;0;63;9
EEmfTnEhVJ0;Video 1;g juga kok, anak2 yg mkn byr pajak juga lewat mereka jajan, beli ciki, naek angkutan umum, dll, jdi sewajarnya klo  mereka kritis mo bilang enak, g enak, suka g suka;0;g juga kok anak yg mkn byr pajak juga lewat mereka jajan beli ciki naek angkutan umum dll jdi sewajarnya klo mereka kritis mo bilang enak g enak suka g suka;anak mkn byr pajak jajan beli cik naek angkut umum dll jdi wajar kritis mo suka suka;Netral;1;156;17
za8EqDmgeiM;Video 3;lahhhhhh dia mau jadi presioden sepaket dengan kompleksitasnya dong. gaada yang bislang jadi presiden gapusing. Makanya penting untuk nguranging pusingnya dengan ngundang orang2 yang punya kapabilitas. bukan serampangan kayak sekarang,;0;lahhhhhh dia mau jadi presioden sepaket dengan kompleksitasnya dong gaada yang bislang jadi presiden gapusing makanya penting untuk nguranging pusingnya dengan ngundang orang yang punya kapabilitas bukan serampangan kayak sekarang;lahhhhhh presioden paket kompleksitas gaada bislang presiden gapusing nguranging pusing ngundang kapabilitas serampang kayak;Negatif;0;230;14
rrTT_3KwcSs;Video 2;"Bang panji, saya pengusaha catering yang bekerjasama dengan pemerintah -+12 tahun, dan tergabung dalam organisasi APJI (Asosiasi Pengusaha Jasaboga Indonesia), yang sekarang berganti nama PPJI (Perkumpulan Penyelenggara Jasaboga Indonesia).

Saya pribadi sudah mengerjakan berbagai project pemerintah, diantaranya Pon Papua, dan makanan untuk karyawan dan pasien RSUD (Di jakarta dan Sukabumi)

Ijin menyampaikan informasi genting terkait makan bergizi.

Terkait penyelenggaraan makan bergizi mas ini adalah project yang baik. Dan saya sepakat Indonesia butuh ini.

Tapi mas dalam pelaksanaannya ini cacat mas, pemerintah dalam hal ini BGN, tidak pernah berkomunikasi langsung atau membahas mengenai hal hal teknis dilapangan dengan kami sebagai tenaga ahli, sehingga yang terjadi salah penanganan dilapangan, pelayanan tidak efektif dan tidak benar (Beresiko keracunan masal), sudah terjadi di Jawa Tengah. 

Pemerintah tidak melibatkan kami, seperti contoh kasus di Sukabumi, makan gratis di handle oleh restoran.

tanpa mengecilkan pengusaha restoran, mas makan gratis ini per titik dikasih tugas masak 3.000 Porsi, dan restoran gak terbiasa handle masakan sebanyak ini dalam waktu bersamaan, teknisnya berbeda dengan masak 1 per 1.

Contoh kasus, saat ini saya melayani makan pasien di RSUD terbesar di kota yang sama, dengan jumlah porsi 1.000 porsi per hari, tidak dilibatkan sama sekali mas.

Yang lebih parah mas, pemerintah tidak menyiapkan dari hulu ke hilir, tidak memikirkan dampak luas nya, cenderung tergesa gesa, yang terjadi dilapangan harga bahan baku naik drastis, demand nya naik, supply nya tidak di dukung (bahan baku masak). Contoh mas, per hari ini harga wortel 12.000/Kg dari yang sebelumnya 6.000/Kg, kenaikan 100% ini baru dari 1 jenis bahan. 

Yang terakhir yang saya kira mas panji sudah paham bagaimana cara aparatur negara bekerja, 

Harga makanan per porsi 10.000, 
Apakah bisa menyediakan makan bergizi ? Bisa, saya jawab bisa, sangat bisa dan bisa saya rinci HPP nya, 

Tapi menjadi tidak bisa, karena banyak yg malak mas, 
Kodim minta jatah, Polisi minta jatah, Ormas minta jatah, saya punya bukti WA langsung dari pejabat daerah yang minta jatah 2.000 per porsi, gak cmn sampai situ mas, 

Mas lihat data nama nama perusahaan yang menghandle project ini, 80% perusahaan Abal Abal, yang dimiliki oleh sejumlah pejabat aparatur negara, yang tidak memiliki kredibilitas dibidang pangan.

Ada perusahaan kelapa sawit, ada perusahaan tekstil, ada yayasan, ada CV. otomotif, Monggo mas, di cek, datanya tersebar luas di jejaring sosial. 

Saya sudah sampaikan ini kemana mana, dan tidak di gubris.";20;bang panji saya pengusaha catering yang bekerjasama dengan pemerintah tahun dan tergabung dalam organisasi apji asosiasi pengusaha jasaboga indonesia yang sekarang berganti nama ppji perkumpulan penyelenggara jasaboga indonesia saya pribadi sudah mengerjakan berbagai project pemerintah diantaranya pon papua dan makanan untuk karyawan dan pasien rsud di jakarta dan sukabumi ijin menyampaikan informasi genting terkait makan bergizi terkait penyelenggaraan makan bergizi mas ini adalah project yang baik dan saya sepakat indonesia butuh ini tapi mas dalam pelaksanaannya ini cacat mas pemerintah dalam hal ini bgn tidak pernah berkomunikasi langsung atau membahas mengenai hal hal teknis dilapangan dengan kami sebagai tenaga ahli sehingga yang terjadi salah penanganan dilapangan pelayanan tidak efektif dan tidak benar beresiko keracunan masal sudah terjadi di jawa tengah pemerintah tidak melibatkan kami seperti contoh kasus di sukabumi makan gratis di handle oleh restoran tanpa mengecilkan pengusaha restoran mas makan gratis ini per titik dikasih tugas masak porsi dan restoran gak terbiasa handle masakan sebanyak ini dalam waktu bersamaan teknisnya berbeda dengan masak per contoh kasus saat ini saya melayani makan pasien di rsud terbesar di kota yang sama dengan jumlah porsi porsi per hari tidak dilibatkan sama sekali mas yang lebih parah mas pemerintah tidak menyiapkan dari hulu ke hilir tidak memikirkan dampak luas nya cenderung tergesa gesa yang terjadi dilapangan harga bahan baku naik drastis demand nya naik supply nya tidak di dukung bahan baku masak contoh mas per hari ini harga wortel kg dari yang sebelumnya kg kenaikan ini baru dari jenis bahan yang terakhir yang saya kira mas panji sudah paham bagaimana cara aparatur negara bekerja harga makanan per porsi apakah bisa menyediakan makan bergizi bisa saya jawab bisa sangat bisa dan bisa saya rinci hpp nya tapi menjadi tidak bisa karena banyak yg malak mas kodim minta jatah polisi minta jatah ormas minta jatah saya punya bukti wa langsung dari pejabat daerah yang minta jatah per porsi gak cmn sampai situ mas mas lihat data nama nama perusahaan yang menghandle project ini perusahaan abal abal yang dimiliki oleh sejumlah pejabat aparatur negara yang tidak memiliki kredibilitas dibidang pangan ada perusahaan kelapa sawit ada perusahaan tekstil ada yayasan ada cv otomotif monggo mas di cek datanya tersebar luas di jejaring sosial saya sudah sampaikan ini kemana mana dan tidak di gubris;usaha catering bekerjasama perintah tahun gabung organisasi apji asosiasi usaha jasaboga indonesia ganti nama ppji kumpul selenggara jasaboga indonesia pribadi project perintah pon papua makan karyawan pasien rsud jakarta sukabumi ijin informasi genting kait makan gizi kait selenggara makan gizi project sepakat indonesia butuh laksana cacat perintah bgn komunikasi bahas teknis lapang tenaga ahli salah tangan lapang layan efektif resiko racun masal jawa tengah perintah libat contoh sukabumi makan gratis handle restoran kecil usaha restoran makan gratis titik kasih tugas masak porsi restoran biasa handle masakan waktu sama teknis beda masak contoh layan makan pasien rsud besar kota porsi porsi libat parah perintah hulu hilir pikir dampak luas cenderung gesa gesa lapang harga bahan baku drastis demand supply dukung bahan baku masak contoh harga wortel kg kg naik jenis bahan paham aparatur negara harga makan porsi sedia makan gizi rinci hpp malak kodim jatah polisi jatah ormas jatah bukti wa jabat daerah jatah porsi cmn situ data nama nama usaha menghandle project usaha abal abal milik jabat aparatur negara milik kredibilitas bidang pangan usaha kelapa sawit usaha tekstil yayasan cv otomotif monggo cek data sebar luas jejaring sosial mana gubris;Negatif;0;2472;190
v2QNDjfDrL8;Video 5;Seperti mbg kalibata;0;seperti mbg kalibata;mbg kalibata;Negatif;0;20;2
za8EqDmgeiM;Video 3;"Makanan yg dikirim dari dapur ke sekolah harus pakai segel. 
Jangan diterima jika segel rusak.";0;makanan yg dikirim dari dapur ke sekolah harus pakai segel jangan diterima jika segel rusak;makan kirim dapur sekolah pakai segel terima segel rusak;Positif;0;91;9
za8EqDmgeiM;Video 3;"Enak = baik di rasa/lidah

Bergizi = baik untuk tumbuh kembang, support kebutuhan tubuh utk dapat beroperasi optimal

Aman= bebas dari organisme & zat yang dapat menyebabkan penyakit/kematian";60;enak baik di rasa lidah bergizi baik untuk tumbuh kembang support kebutuhan tubuh utk dapat beroperasi optimal aman bebas dari organisme zat yang dapat menyebabkan penyakit kematian;lidah gizi tumbuh kembang support butuh tubuh operasi optimal aman bebas organisme zat sebab sakit mati;Positif;2;181;16
rrTT_3KwcSs;Video 2;Knp ya orang yang Deket sama pemerintah dan sekitar pemerintah, statement nya kocak kocak;0;knp ya orang yang deket sama pemerintah dan sekitar pemerintah statement nya kocak kocak;knp deket perintah perintah statement kocak kocak;Negatif;0;88;7
EEmfTnEhVJ0;Video 1;Konten edukasi yg bagus seduai dg maksud saya juga program dilaksaken dg uji coba dan di lihat faerah mana yg diutamakan dahulu bertahap, dan audit bagian katering layak tidaknya;0;konten edukasi yg bagus seduai dg maksud saya juga program dilaksaken dg uji coba dan di lihat faerah mana yg diutamakan dahulu bertahap dan audit bagian katering layak tidaknya;konten edukasi bagus dua program dilaksaken uji coba faerah utama tahap audit katering layak tidak;Netral;1;177;15
EEmfTnEhVJ0;Video 1;Kombinasi itu kuncinya;0;kombinasi itu kuncinya;kombinasi kunci;Positif;2;22;2
za8EqDmgeiM;Video 3;mnrt saya ya ,, bagusnya dana mbg itu buat tunjangan mak2/orgtua dlm 1bln untuk menyediakan masakan  buat anaknya yg sklh , kemudian absensinya menggunakan bekal tersebut . dan ada ahli gizi yang menyarankan menunya..jd pengawasannya dari absensinya dan bekalnya...;0;mnrt saya ya bagusnya dana mbg itu buat tunjangan mak orgtua dlm bln untuk menyediakan masakan buat anaknya yg sklh kemudian absensinya menggunakan bekal tersebut dan ada ahli gizi yang menyarankan menunya jd pengawasannya dari absensinya dan bekalnya;mnrt bagus dana mbg tunjang mak orgtua bln sedia masakan anak sklh absensi bekal ahli gizi saran menu awas absensi bekal;Netral;1;251;21
za8EqDmgeiM;Video 3;UU TNI d sah kan tujuan nya agar bs bagi² jabatan, bagi² proyek;0;uu tni d sah kan tujuan nya agar bs bagi jabatan bagi proyek;uu tni sah tuju jabat proyek;Negatif;0;60;6
rrTT_3KwcSs;Video 2;Program MBG di AS berbeda2 penerapannya, tergantung kebijaksanaan pemerintahan daerah krn sistem public school di AS adl berdasarkan zonasi, yg pasti di tiap sekolah pasti ada. Utk wilayah2 yg mayoritas penduduknya kalangan menengah ke atas, MBG diberikan hanya kpd siswa2 dr keluarga kurang mampu. Selain makan siang, mereka jg dpt sarapan. Siswa lain dr keluarga mampu bisa membeli jk mau makan yg sama, tp memang harganya terjangkau. Jd anggaran MBG utk tiap sekolah lain2.;10;program mbg di as berbeda penerapannya tergantung kebijaksanaan pemerintahan daerah krn sistem public school di as adl berdasarkan zonasi yg pasti di tiap sekolah pasti ada utk wilayah yg mayoritas penduduknya kalangan menengah ke atas mbg diberikan hanya kpd siswa dr keluarga kurang mampu selain makan siang mereka jg dpt sarapan siswa lain dr keluarga mampu bisa membeli jk mau makan yg sama tp memang harganya terjangkau jd anggaran mbg utk tiap sekolah lain;program mbg as beda terap gantung bijaksana perintah daerah sistem public school as adl dasar zonasi sekolah wilayah mayoritas duduk kalang tengah mbg kpd siswa keluarga makan siang dpt sarap siswa keluarga beli jk makan harga jangkau anggar mbg sekolah;Netral;1;462;40
a2WXt0aW76g;Video 4;Saya tinggal di salah satu kecamatan di kabupaten lebak, banten, dekat dari ibu kota tidak ada proyek MBG.;0;saya tinggal di salah satu kecamatan di kabupaten lebak banten dekat dari ibu kota tidak ada proyek mbg;tinggal salah camat kabupaten lebak banten kota proyek mbg;Netral;1;103;9
a2WXt0aW76g;Video 4;Untuk komentator komentar jadilah komentar yng mendidik lakukan. Kritikan yng bisa di terima okke pemerintah karna apa masalah MBG ini tujuannya jelas pemerintah ingin mambantu masyarakat SE Indonesia,, jadi tolong lah untuk warga negara Indonesia untuk membuka hati dan membantu pragam MBG tersebut , jangan lah membuar komentar dan isu isu yng. Menyesat kan pak Prabowo bilang pilpres udah selesai mari kita semua mbangun negara dan bangsanya;0;untuk komentator komentar jadilah komentar yng mendidik lakukan kritikan yng bisa di terima okke pemerintah karna apa masalah mbg ini tujuannya jelas pemerintah ingin mambantu masyarakat se indonesia jadi tolong lah untuk warga negara indonesia untuk membuka hati dan membantu pragam mbg tersebut jangan lah membuar komentar dan isu isu yng menyesat kan pak prabowo bilang pilpres udah selesai mari kita semua mbangun negara dan bangsanya;komentator komentar komentar yng didik laku kritik yng terima okke perintah mbg tuju perintah mambantu masyarakat indonesia tolong warga negara indonesia buka hati bantu pragam mbg buar komentar isu isu yng sesat prabowo pilpres selesai mari mbangun negara bangsa;Positif;2;438;39
a2WXt0aW76g;Video 4;Mertua sy jg digandeng project MBG ini.. tp bukan dr prabowo karena kmrn mertua sy caleg dpr ri dr partai ummat..;0;mertua sy jg digandeng project mbg ini tp bukan dr prabowo karena kmrn mertua sy caleg dpr ri dr partai ummat;mertua sy gandeng project mbg prabowo kmrn mertua sy caleg dpr ri partai ummat;Netral;1;109;14
a2WXt0aW76g;Video 4;Ayo Kita Dukung Tempo ???;40;ayo kita dukung tempo;ayo dukung tempo;Positif;2;21;3
EEmfTnEhVJ0;Video 1;Mau lurusin dikit, di wawancaranya pak ahok udah bikin counter biar uangnya ga di pake semena mena dengan cara guru tiap sekolah ngecek bekal anaknya sesuai sehat 5 sempurna atau engga, nah kalau engga uangnya ditarik buat keluarga dan anak tersebut;0;mau lurusin dikit di wawancaranya pak ahok udah bikin counter biar uangnya ga di pake semena mena dengan cara guru tiap sekolah ngecek bekal anaknya sesuai sehat sempurna atau engga nah kalau engga uangnya ditarik buat keluarga dan anak tersebut;lurusin dikit wawancara ahok bikin counter biar uang pake semena mena guru sekolah ngecek bekal anak sesuai sehat sempurna engga engga uang tarik keluarga anak;Positif;2;245;25
za8EqDmgeiM;Video 3;1 sekolah bikin kantin sehat 1;0;sekolah bikin kantin sehat;sekolah bikin kantin sehat;Positif;2;26;4
a2WXt0aW76g;Video 4;Korupsi kolusi nepotisme;0;korupsi kolusi nepotisme;korupsi kolusi nepotisme;Negatif;0;24;3
a2WXt0aW76g;Video 4;Wkwkwkw....makan to makan gratis ????;0;wkwkwkw makan to makan gratis;wkwkwkw makan to makan gratis;Negatif;0;29;5
a2WXt0aW76g;Video 4;Menurut keyakinan saya....Coba dilihat dari sisi anak yg ke sekolah, yg org tuanya belum bisa memberikan jajan untuk bekalnya di sekolah,, karena faktor ekonomi,, dan anak itu hanya bisa melihat anak lain menikmati jajan yg enak... Kalian semua pikirannya nyampai gak kesitu? Jgn hanya memikirkan dengan keadaan dan kemampuan kalian masing-masing..;0;menurut keyakinan saya coba dilihat dari sisi anak yg ke sekolah yg org tuanya belum bisa memberikan jajan untuk bekalnya di sekolah karena faktor ekonomi dan anak itu hanya bisa melihat anak lain menikmati jajan yg enak kalian semua pikirannya nyampai gak kesitu jgn hanya memikirkan dengan keadaan dan kemampuan kalian masing masing;yakin coba sisi anak sekolah tua jajan bekal sekolah faktor ekonomi anak anak nikmat jajan pikir nyampai kesitu pikir mampu;Positif;2;334;20
a2WXt0aW76g;Video 4;Menjaga kewarasan berpolitik dgn cara nonton bocor alus - tempo ??;0;menjaga kewarasan berpolitik dgn cara nonton bocor alus tempo;jaga waras politik nonton bocor alus tempo;Netral;1;61;7
za8EqDmgeiM;Video 3;? @user trus selama ini mbg apaan?;0;ramadhantrus selama ini mbg apaan;ramadhantrus mbg;Negatif;0;33;2
EEmfTnEhVJ0;Video 1;intinya anak abah gaboleh dikasi makan gratis ??;0;intinya anak abah gaboleh dikasi makan gratis;inti anak abah gaboleh kasi makan gratis;Netral;1;45;7
za8EqDmgeiM;Video 3;Andai pak Prabowo lihat ini podcast. Pak kami mohon jangan lagi tutup mata, tolong evaluasi dulu Pak. Ini program dananya tidak sedikit dan pastinya berdampak pada rakyat ??????;0;andai pak prabowo lihat ini podcast pak kami mohon jangan lagi tutup mata tolong evaluasi dulu pak ini program dananya tidak sedikit dan pastinya berdampak pada rakyat;andai prabowo podcast tutup tolong evaluasi program dana pasti dampak rakyat;Positif;2;167;11
EEmfTnEhVJ0;Video 1;pliss bang plisss, tolong review makan gratis bersama mamank kuliner dong bang Ferry;0;pliss bang plisss tolong review makan gratis bersama mamank kuliner dong bang ferry;pliss plisss tolong review makan gratis mamank kuliner;Netral;1;83;8
za8EqDmgeiM;Video 3;?? bg Fery benar pemikiran nya....MBG sdh positif proyek...;0;bg fery benar pemikiran nya mbg sdh positif proyek;fery pikir mbg positif proyek;Negatif;0;50;5
za8EqDmgeiM;Video 3;? @user  karna OmDed kan dipihak pemerintah dan dia pewawancara di podcast, jadi dia harus berlagak polos;40;karna omded kan dipihak pemerintah dan dia pewawancara di podcast jadi dia harus berlagak polos;omded pihak perintah wawancara podcast lagak polos;Netral;1;95;7
a2WXt0aW76g;Video 4;Hingga saat ini siswa di sekolah daerah kami masih makan sendiri di rumah. di sekolah belum ada MBG.;0;hingga saat ini siswa di sekolah daerah kami masih makan sendiri di rumah di sekolah belum ada mbg;siswa sekolah daerah makan rumah sekolah mbg;Netral;1;98;7
EEmfTnEhVJ0;Video 1;"Setuju, bang... Setuju banget.
Termasuk juga sama pendapat abang terkait masalah penggantian dalam bentuk uang tunai.

Awal tahun 2025 ini, kami di daerah juga udah diwajibkan untuk fokus APBD-nya ke program makan siang gratis ini. Meskipun demikian, saya kok ngerasa agak sedikit terburu-buru ya.
Alasannya gini, biasanya perencanaan anggaran untuk tahun berikutnya, dimulai sejak Pebruari. Yg biasanya dimulai dengan Musrenbang di tingkat desa. Lha ini, pelaksanaan Januari. Pelantikan presiden, Oktober tahun lalu.
Kebayang kan, mepetnya waktu buat perencanaan... Jadi ya, wajar lah, kalau pelaksanaannya kalang kabut seperti yg kita lihat sekarang ini.";0;setuju bang setuju banget termasuk juga sama pendapat abang terkait masalah penggantian dalam bentuk uang tunai awal tahun ini kami di daerah juga udah diwajibkan untuk fokus apbd nya ke program makan siang gratis ini meskipun demikian saya kok ngerasa agak sedikit terburu buru ya alasannya gini biasanya perencanaan anggaran untuk tahun berikutnya dimulai sejak pebruari yg biasanya dimulai dengan musrenbang di tingkat desa lha ini pelaksanaan januari pelantikan presiden oktober tahun lalu kebayang kan mepetnya waktu buat perencanaan jadi ya wajar lah kalau pelaksanaannya kalang kabut seperti yg kita lihat sekarang ini;tuju tuju banget dapat abang kait ganti bentuk uang tunai tahun daerah wajib fokus apbd program makan siang gratis ngerasa buru buru alas gin rencana anggar tahun pebruari musrenbang tingkat desa lha laksana januari lantik presiden oktober tahun bayang mepet waktu rencana wajar laksana kalang kabut;Netral;1;625;46
a2WXt0aW76g;Video 4;Koperasi kami di Maluku telah mengajukan dokumen persyaratan utk menjadi Mitra BGN melalui website BGN utk di verifikasi pd tgl 24 Desember 2024,, status dokumen dalam proses verifikasi namun hasil verifikasi dokumen oleh tim verifikator  pd tgl 10 Februari 2025 adalah Ditolak disarankan harus mendaftar melalui dgn nama Yayasan  bukan koperasi. Apa bedanya yayasan dgn koperasi kan sama2 punya dokumen legal seperti Akta pendirian dan AHU,,NIB, NPWP dll. Kalau dgn yayasan berarti kami harus buat dokumen baru lagi Akta dll.;20;koperasi kami di maluku telah mengajukan dokumen persyaratan utk menjadi mitra bgn melalui website bgn utk di verifikasi pd tgl desember status dokumen dalam proses verifikasi namun hasil verifikasi dokumen oleh tim verifikator pd tgl februari adalah ditolak disarankan harus mendaftar melalui dgn nama yayasan bukan koperasi apa bedanya yayasan dgn koperasi kan sama punya dokumen legal seperti akta pendirian dan ahu nib npwp dll kalau dgn yayasan berarti kami harus buat dokumen baru lagi akta dll;koperasi malu aju dokumen syarat mitra bgn website bgn verifikasi tgl desember status dokumen proses verifikasi hasil verifikasi dokumen tim verifikator tgl februari tolak saran daftar nama yayasan koperasi beda yayasan koperasi dokumen legal akta diri ahu nib npwp dll yayasan dokumen akta dll;Negatif;0;500;44
a2WXt0aW76g;Video 4;"seperti rumah makan ya disajikan buat kerabat kerabat terdekat 
buat menu baru bagi yg belum kebagian menu lama ......semua akan ada Ahir dan buahnya kelak";0;seperti rumah makan ya disajikan buat kerabat kerabat terdekat buat menu baru bagi yg belum kebagian menu lama semua akan ada ahir dan buahnya kelak;rumah makan saji kerabat kerabat dekat menu bagi menu ahir buah kelak;Netral;1;148;12
EEmfTnEhVJ0;Video 1;Di tempatku jateng blm ada makan gratis,di jatim jg masih banyak yg blm dapet, ini gimana sih, apa yg dapet cuma yg di kota2, apa karena tempatku di desa jd gk kebagian;0;di tempatku jateng blm ada makan gratis di jatim jg masih banyak yg blm dapet ini gimana sih apa yg dapet cuma yg di kota apa karena tempatku di desa jd gk kebagian;tempat jateng makan gratis jatim dapet gimana dapet kota tempat desa bagi;Negatif;0;164;12
za8EqDmgeiM;Video 3;Setau saya bukan cuma mbg, yg semua anggarannya di pangkas karna sistem berjenjang, anggaran pemilu juga. Saya ikut pelantikan dan nanya anggaran utk snack 1 hari ternyata cuma 8 ribu??;0;setau saya bukan cuma mbg yg semua anggarannya di pangkas karna sistem berjenjang anggaran pemilu juga saya ikut pelantikan dan nanya anggaran utk snack hari ternyata cuma ribu;tau mbg anggar pangkas sistem jenjang anggar milu lantik nanya anggar snack ribu;Netral;1;176;13
za8EqDmgeiM;Video 3;DISINI LAH MEMBUKTI KAN KETIKA ANDA BERADA DI DALAM PEMERINTAHAN ANDA AKAN BERUSAHA MEMBENARKAN ATAU MELUMRAHKAN DAN MEMBELA PEMERINTAHAN YANG BURUK ATAU KEBIJAKAN YG SALAH ( AKAN SELALU BERUSAHA MEMBELA. ).;0;disini lah membukti kan ketika anda berada di dalam pemerintahan anda akan berusaha membenarkan atau melumrahkan dan membela pemerintahan yang buruk atau kebijakan yg salah akan selalu berusaha membela;bukti perintah usaha benar lumrah bela perintah buruk bijak salah usaha bela;Negatif;0;201;12
EEmfTnEhVJ0;Video 1;Makan siang gratis itu baik. sama kayak Nggak Safty Belt  kena tilang :);0;makan siang gratis itu baik sama kayak nggak safty belt kena tilang;makan siang gratis kayak safty belt tilang;Negatif;0;67;7
za8EqDmgeiM;Video 3;Jadi intinya kalo president tidak bergerak dan anti kritik , berati dia sedang membawa indonesia ke ......;0;jadi intinya kalo president tidak bergerak dan anti kritik berati dia sedang membawa indonesia ke;inti president gerak anti kritik berat bawa indonesia;Netral;1;97;8
EEmfTnEhVJ0;Video 1;Saya adalah orang yang setuju dengan program makan gratis tapi  saya sarankan pemerintah membuat peraturan atau kebijakan yang tegas jika ada yang korupsi di program ini di kasi hukuman yang berat??;10;saya adalah orang yang setuju dengan program makan gratis tapi saya sarankan pemerintah membuat peraturan atau kebijakan yang tegas jika ada yang korupsi di program ini di kasi hukuman yang berat;tuju program makan gratis saran perintah atur bijak korupsi program kasi hukum berat;Netral;1;195;13
a2WXt0aW76g;Video 4;"Akhirnya ramalan Gus Dur menjadi kenyataan. 

SOE PING WEI alias Prabowo Subianto Djojohadikusumo menjadi orang Tionghoa pertama yang menjadi presiden RI. 

Nama Ayah: Soo Ming Tauw berganti nama menjadi Sumitro Djojohadikusumo(gembong PRRI. Pemberontak yang dibiayai  belanda untuk merongrong indonesia)

Nama Kakek: Soo Qian Hao berganti nama menjadi Margono Djojohadikusumo

Nama kakek buyut: Benyamin Thomas Sigar(panglima tentara minahasa yang menjadi antek belanda yang membasmi pengikut diponegoro)";0;akhirnya ramalan gus dur menjadi kenyataan soe ping wei alias prabowo subianto djojohadikusumo menjadi orang tionghoa pertama yang menjadi presiden ri nama ayah soo ming tauw berganti nama menjadi sumitro djojohadikusumo gembong prri pemberontak yang dibiayai belanda untuk merongrong indonesia nama kakek soo qian hao berganti nama menjadi margono djojohadikusumo nama kakek buyut benyamin thomas sigar panglima tentara minahasa yang menjadi antek belanda yang membasmi pengikut diponegoro;ramal gus dur nyata soe ping wei alias prabowo subianto djojohadikusumo tionghoa presiden ri nama ayah soo ming tauw ganti nama sumitro djojohadikusumo gembong prri berontak biaya belanda rongrong indonesia nama kakek soo qian hao ganti nama margono djojohadikusumo nama kakek buyut benyamin thomas sigar panglima tentara minahasa antek belanda basmi ikut diponegoro;Netral;1;490;53
a2WXt0aW76g;Video 4;Semua akan proyek pada waktunya. Bullshit dgn maksud memajukan bangsa ???;0;semua akan proyek pada waktunya bullshit dgn maksud memajukan bangsa;proyek bullshit maju bangsa;Negatif;0;68;4
rrTT_3KwcSs;Video 2;Bro berpikir rakyat kecil bakal diajak masuk circle;10;bro berpikir rakyat kecil bakal diajak masuk circle;pikir rakyat ajak circle;Negatif;0;51;4
a2WXt0aW76g;Video 4;"Saya mahasiswa di korsel, bahagia sekali dg program sarapan subsidi (seharga 1000KRW setara 12k IDR) bagi mahasiswa. 

Sistem pendanaannya 1000 won dari mahasiswa, 2000 won subsidi oleh pemerintah, sisanya oleh kampus. Dibentuk badan khusus (Ombudsman Sarapan 1000 won) yang berlaku sebagai pengawas utama program ini. Jadi ada lembaga masyarakat khusus yang mengawas alih2 sistem sentralis seperti BGN di Indonesia.

Sebenarnya program ini muncul untuk meningkatkan konsumsi beras di korea yang mulai menurun di kalangan muda karena perubahan budaya kuliner agar ada pasar tetap bagi pertanian gabah korea. Tapi fokusnya mulai berubah menjadi penyediaan makanan murah bagi mahasiswa dg budget biaya hidup yang keciilmakanya yang dahulu harga 2000won dipotong lagi menjadi 1000 won mulai 2023 yang selisih itu dibiayai oleh pemerintah kota/daerah. 

Di kampus saya ditunjuk tender untuk program ini sekaligus sebagai kantin umum. Sistemnya pukul 8-9.30 pagi sarapan 1000 won, dan seterusnya untuk kantin biasa dengan harga 7000 won yang tentunya memiliki menu yang berbeda. Menunya setiap hari berbeda, umumnya 2 jenis nasi (nasi hitam&putih), 1 menu protein (babi/ayam/daging proses), cabbage kimchi, 1 menu sayur segar, salad lettuce, dan sup hangat dengan sistem makan all you can eat

dapur sangat higenis (standar dapur korea memang tinggi) dan dapur harus lolos HACCP dengan sertifikat yang selalu diperbarui";0;saya mahasiswa di korsel bahagia sekali dg program sarapan subsidi seharga krw setara k idr bagi mahasiswa sistem pendanaannya won dari mahasiswa won subsidi oleh pemerintah sisanya oleh kampus dibentuk badan khusus ombudsman sarapan won yang berlaku sebagai pengawas utama program ini jadi ada lembaga masyarakat khusus yang mengawas alih sistem sentralis seperti bgn di indonesia sebenarnya program ini muncul untuk meningkatkan konsumsi beras di korea yang mulai menurun di kalangan muda karena perubahan budaya kuliner agar ada pasar tetap bagi pertanian gabah korea tapi fokusnya mulai berubah menjadi penyediaan makanan murah bagi mahasiswa dg budget biaya hidup yang keciilmakanya yang dahulu harga won dipotong lagi menjadi won mulai yang selisih itu dibiayai oleh pemerintah kota daerah di kampus saya ditunjuk tender untuk program ini sekaligus sebagai kantin umum sistemnya pukul pagi sarapan won dan seterusnya untuk kantin biasa dengan harga won yang tentunya memiliki menu yang berbeda menunya setiap hari berbeda umumnya jenis nasi nasi hitam putih menu protein babi ayam daging proses cabbage kimchi menu sayur segar salad lettuce dan sup hangat dengan sistem makan all you can eat dapur sangat higenis standar dapur korea memang tinggi dan dapur harus lolos haccp dengan sertifikat yang selalu diperbarui;mahasiswa korsel bahagia program sarap subsidi harga krw tara idr mahasiswa sistem dana won mahasiswa won subsidi perintah sisa kampus bentuk badan ombudsman sarap won laku awas utama program lembaga masyarakat awas alih sistem sentral bgn indonesia program muncul tingkat konsumsi beras korea turun kalang muda ubah budaya kuliner pasar tani gabah korea fokus ubah sedia makan murah mahasiswa budget biaya hidup keciilmakanya harga won potong won selisih biaya perintah kota daerah kampus tender program kantin umum sistem pagi sarap won kantin harga won milik menu beda menu beda jenis nasi nasi hitam putih menu protein babi ayam daging proses cabbage kimchi menu sayur segar salad lettuce sup hangat sistem makan all you can eat dapur higenis standar dapur korea tinggi dapur lolos haccp sertifikat baru;Positif;2;1321;126
EEmfTnEhVJ0;Video 1;perbaiki sistem upah di Indonesia, otomatis gizi dan kebutuhan anak akan tercukupi tanpa perlu memikirkan makan siang gratis.;0;perbaiki sistem upah di indonesia otomatis gizi dan kebutuhan anak akan tercukupi tanpa perlu memikirkan makan siang gratis;baik sistem upah indonesia otomatis gizi butuh anak cukup pikir makan siang gratis;Negatif;0;123;13
rrTT_3KwcSs;Video 2;"Sejujurnya ni program definisi dan planningnya bagus, tapi eksekusinya kurang, sebaiknya ngaca dengan keadaan atau liat keadaan, kira kira bisa gak makan siang gratis membuat anak anak gak stunting selama 5 tahun kedepan, respon masyarakatnya, kualitas distribusinya, dana nya, dsb, tapi menurut gw daripada makan siang gratis, lebih baik perbaiki sistem pemerintahan agar investor global bisa invest ke Indonesia, karena kalau investor masuk, lapangan pekerjaanya meningkat, jadi masyarakat juga punya taraf hidup yg lebih baik

Jadi menurut gw MBG kesannya cuma memperbaiki masalah stunting, bukan akar masalahnya";0;sejujurnya ni program definisi dan planningnya bagus tapi eksekusinya kurang sebaiknya ngaca dengan keadaan atau liat keadaan kira kira bisa gak makan siang gratis membuat anak anak gak stunting selama tahun kedepan respon masyarakatnya kualitas distribusinya dana nya dsb tapi menurut gw daripada makan siang gratis lebih baik perbaiki sistem pemerintahan agar investor global bisa invest ke indonesia karena kalau investor masuk lapangan pekerjaanya meningkat jadi masyarakat juga punya taraf hidup yg lebih baik jadi menurut gw mbg kesannya cuma memperbaiki masalah stunting bukan akar masalahnya;jujur ni program definisi planningnya bagus eksekusi ngaca liat makan siang gratis anak anak stunting tahun depan respon masyarakat kualitas distribusi dana dsb gw makan siang gratis baik sistem perintah investor global invest indonesia investor lapang pekerjaanya tingkat masyarakat taraf hidup gw mbg kesan baik stunting akar;Netral;1;599;47
a2WXt0aW76g;Video 4;Ada MILITER dibalik MBG;0;ada militer dibalik mbg;militer balik mbg;Negatif;0;23;3
EEmfTnEhVJ0;Video 1;"Di tmpt gw anak STM ngga ngeluh soal lauk, yg penting kenyang.
Cuman minta panitia tambahin surya 2 batang aja";20;di tmpt gw anak stm ngga ngeluh soal lauk yg penting kenyang cuman minta panitia tambahin surya batang aja;tmpt gw anak stm ngeluh lauk kenyang cuman panitia tambahin surya batang;Netral;1;106;12
a2WXt0aW76g;Video 4;Memang sdh prediksi krn belum ada perencanaan  yg matang , data awal spt apa sehingga bisa evaluasi, untuk menilai keberhasilan, hrs uji coba bbrp  daerah  dg target usia yg jelas bgmn persiapan  dan pelaksanaanya dan evaluasi bbrp tahun, bukan uji coba cuma 1 -  2 bulan di daerah tertentu dan dikunjungi pejabat,hslnys baik 2 secara kuantitatif  tapi kualitas sulit dievakuasi. Proyek ini hanya sekedar memenuhi janji kampanye yg ujug2 . Bgmn pelaksanaan di bawah, apalagi sampai ada koprasi merah putih, = hilirisasi  korupsi tepatnya KKN seluruh Indonesia ??????;0;memang sdh prediksi krn belum ada perencanaan yg matang data awal spt apa sehingga bisa evaluasi untuk menilai keberhasilan hrs uji coba bbrp daerah dg target usia yg jelas bgmn persiapan dan pelaksanaanya dan evaluasi bbrp tahun bukan uji coba cuma bulan di daerah tertentu dan dikunjungi pejabat hslnys baik secara kuantitatif tapi kualitas sulit dievakuasi proyek ini hanya sekedar memenuhi janji kampanye yg ujug bgmn pelaksanaan di bawah apalagi sampai ada koprasi merah putih hilirisasi korupsi tepatnya kkn seluruh indonesia;prediksi rencana matang data spt evaluasi nilai hasil uji coba bbrp daerah target usia bgmn siap pelaksanaanya evaluasi bbrp tahun uji coba daerah kunjung jabat hslnys kuantitatif kualitas sulit evakuasi proyek dar penuh janji kampanye ujug bgmn laksana koprasi merah putih hilir korupsi tepat kkn indonesia;Negatif;0;531;46
a2WXt0aW76g;Video 4;mereka kan spesialis buat wadah cucian;10;mereka kan spesialis buat wadah cucian;spesialis wadah cuci;Netral;1;38;3
a2WXt0aW76g;Video 4;Roti isi (daging/ayam/coklat/kacang ijo/piscok/dll)+Susu, gwe  rasa cukup gizi dan budget paling murah,daripada jenis masakan;0;roti isi daging ayam coklat kacang ijo piscok dll susu gwe rasa cukup gizi dan budget paling murah daripada jenis masakan;roti isi daging ayam coklat kacang ijo piscok dll susu gwe gizi budget murah jenis masakan;Netral;1;121;16
a2WXt0aW76g;Video 4;Musti potong 2 generasi, dng catatan ada kesadaran generasi ke 2 ada kesadaran saya generasi ke 3 benar2 jadi manusia jujur !!!!;400;musti potong generasi dng catatan ada kesadaran generasi ke ada kesadaran saya generasi ke benar jadi manusia jujur;musti potong generasi dng catat sadar generasi sadar generasi manusia jujur;Positif;2;115;11
a2WXt0aW76g;Video 4;MBG belum berjalan disini, dapurnya pun di mapolris;0;mbg belum berjalan disini dapurnya pun di mapolris;mbg jalan dapur mapolris;Negatif;0;50;4
EEmfTnEhVJ0;Video 1;@user  makanya itu pake pihak ke tiga untuk mengawasi nya lebih ribet karena pasti daerah 1 sama yang lain nya beda vendor, paling tidak kalo ke pihak sekolah, langsung dari Kemendikbud yang mengawasi sama kalo ada apa apa bisa langsung menyalakan pihak sekolah, sama transparansi antara makan siang sama Dana BOS/PIP beda, soal nya BOS/PIP gak semua murid dapat jadi ada alasan untuk bohong, kalo makan siang gratis kan semua murid dapat;0;makanya itu pake pihak ke tiga untuk mengawasi nya lebih ribet karena pasti daerah sama yang lain nya beda vendor paling tidak kalo ke pihak sekolah langsung dari kemendikbud yang mengawasi sama kalo ada apa apa bisa langsung menyalakan pihak sekolah sama transparansi antara makan siang sama dana bos pip beda soal nya bos pip gak semua murid dapat jadi ada alasan untuk bohong kalo makan siang gratis kan semua murid dapat;pake awas ribet daerah beda vendor sekolah kemendikbud awas nyala sekolah transparansi makan siang dana bos pip beda bos pip murid alas bohong makan siang gratis murid;Negatif;0;424;27
za8EqDmgeiM;Video 3;Tahun lalu teman saya kerja di sebuah cafe/resto di Mojokerto, cerita bagaimana sudah terbiasa ada pemeriksaan dari dinas terkait soal kebersihan dapur hingga penanganan limbahnya, termasuk pula urusan sertifikasi HALAL. Artinya urusan sertifikasi kelayakan dan pengecekan usaha pelayanan makanan-minuman itu sudah normal kok, bahkan untuk sebuah Kabupaten Kecil di Jawa Timur. Terus ini Ketua BGN menyebut akan memastikan sertifikasi penyedia MBG segera diselesaikan. Artinya penyedia MBG banyak yang gak bersertifikasi dong? Hal yang menjadi SOP bagaimana bisa tidak dilaksanakan?;20;tahun lalu teman saya kerja di sebuah cafe resto di mojokerto cerita bagaimana sudah terbiasa ada pemeriksaan dari dinas terkait soal kebersihan dapur hingga penanganan limbahnya termasuk pula urusan sertifikasi halal artinya urusan sertifikasi kelayakan dan pengecekan usaha pelayanan makanan minuman itu sudah normal kok bahkan untuk sebuah kabupaten kecil di jawa timur terus ini ketua bgn menyebut akan memastikan sertifikasi penyedia mbg segera diselesaikan artinya penyedia mbg banyak yang gak bersertifikasi dong hal yang menjadi sop bagaimana bisa tidak dilaksanakan;tahun teman cafe resto mojokerto cerita biasa periksa dinas kait bersih dapur tangan limbah urus sertifikasi halal urus sertifikasi layak kece usaha layan makan minum normal kabupaten jawa timur ketua bgn sebut sertifikasi sedia mbg selesai sedia mbg sertifikasi sop laksana;Positif;2;574;41
a2WXt0aW76g;Video 4;Proyek Makan Bergizi Geratis (PMBG) ??????;0;proyek makan bergizi geratis pmbg;proyek makan gizi gerat pmbg;Netral;1;33;5
za8EqDmgeiM;Video 3;Om sebenernya lu tu paham. Ayolah jujur untuk negara ini;0;om sebenernya lu tu paham ayolah jujur untuk negara ini;sebenernya lu tu paham ayo jujur negara;Netral;1;55;7
za8EqDmgeiM;Video 3;Makanan itu tidak ada yg gratis walaupun beracun;30;makanan itu tidak ada yg gratis walaupun beracun;makan gratis racun;Negatif;0;48;3
EEmfTnEhVJ0;Video 1;Setuju banget sama opininya. Saya harap setelah 3 bulan jalan program ini, maunya mulai di benahi lagi, apa yg kurang baik dan yg sudah baik ditingkatkan lagi. Seharusnya pemerintah bisa kumpulkan kritis dan saran dari semua anak2, lalu kalau memang vendormya tidak baik ya bisa di cut aja ganti sama yg lain, kalau minus dikit ya bisa diperbaiki dan awasi selama beberapa bulan kedepan, serta yg sudah bagus boleh dilanjutkan dan sistemnya mungkin bisa di adopsi oleh vendor lainnya. Kalau dilihat2 yg menjadi vendor, itu banyak dari vendor dadakan, sehingga mereka tidak punya sistem yg jelas, rasa yg kurang ok buat anak2, dan ada juga yg g siap sampai bisa bikin keracunan makanan satu sekolah.;0;setuju banget sama opininya saya harap setelah bulan jalan program ini maunya mulai di benahi lagi apa yg kurang baik dan yg sudah baik ditingkatkan lagi seharusnya pemerintah bisa kumpulkan kritis dan saran dari semua anak lalu kalau memang vendormya tidak baik ya bisa di cut aja ganti sama yg lain kalau minus dikit ya bisa diperbaiki dan awasi selama beberapa bulan kedepan serta yg sudah bagus boleh dilanjutkan dan sistemnya mungkin bisa di adopsi oleh vendor lainnya kalau dilihat yg menjadi vendor itu banyak dari vendor dadakan sehingga mereka tidak punya sistem yg jelas rasa yg kurang ok buat anak dan ada juga yg g siap sampai bisa bikin keracunan makanan satu sekolah;tuju banget opini harap jalan program mau benah tingkat perintah kumpul kritis saran anak vendormya cut ganti minus dikit baik awas depan bagus lanjut sistem adopsi vendor vendor vendor dada sistem ok anak bikin racun makan sekolah;Positif;2;680;37
a2WXt0aW76g;Video 4;Yes, underlined proyek makan bergizi ????;0;yes underlined proyek makan bergizi;yes underlined proyek makan gizi;Negatif;0;35;5
za8EqDmgeiM;Video 3;Jujur gua bisa di bilang keluarga miskin, tapigua kurang setuju ada program mbg,bahkan ada pkh, blt dan bantuan apapun, saya cuman mau kerjaan pemerintah bener ajh bikin rakyat sejahtera dan kalopun ada bantuan utamakan pendidikan ajh sekolah gratis sampe kuliah, tanpa di pungut biaya sepeserpun dan itu di wajibkan  untuk anak indonesia, jangan pilih2 dah itu doang.;0;jujur gua bisa di bilang keluarga miskin tapigua kurang setuju ada program mbg bahkan ada pkh blt dan bantuan apapun saya cuman mau kerjaan pemerintah bener ajh bikin rakyat sejahtera dan kalopun ada bantuan utamakan pendidikan ajh sekolah gratis sampe kuliah tanpa di pungut biaya sepeserpun dan itu di wajibkan untuk anak indonesia jangan pilih dah itu doang;jujur gua keluarga miskin tapigua tuju program mbg pkh blt bantu apa cuman kerja perintah bener ajh bikin rakyat sejahtera kalo bantu utama didik ajh sekolah gratis sampe kuliah pungut biaya peser wajib anak indonesia pilih dah doang;Positif;2;360;38
EEmfTnEhVJ0;Video 1;Trus definisi GRATIS itu yg kayak gmn? Makanan langsung turun dari langit gitu?;0;trus definisi gratis itu yg kayak gmn makanan langsung turun dari langit gitu;trus definisi gratis kayak gmn makan turun langit gitu;Netral;1;77;9
za8EqDmgeiM;Video 3;Saya juga merasakan hal yang sama dengan mas Ferry, ketika berurusan dengan negara khususnya MBG, suara mas Deddy beda dan terlihat sangat jelas membela presiden karena ada kepentingan pribadi... bahasa tubuh dan narasi yang disampaikan mas Deddy jelas terlihat, tidak terlihat lugas dan kelihatan balelo;10;saya juga merasakan hal yang sama dengan mas ferry ketika berurusan dengan negara khususnya mbg suara mas deddy beda dan terlihat sangat jelas membela presiden karena ada kepentingan pribadi bahasa tubuh dan narasi yang disampaikan mas deddy jelas terlihat tidak terlihat lugas dan kelihatan balelo;rasa urus negara mbg suara beda bela presiden penting pribadi bahasa tubuh narasi lugas balelo;Negatif;0;298;15
za8EqDmgeiM;Video 3;Masak ngomong ke lembaga aja disensor mas ded;0;masak ngomong ke lembaga aja disensor mas ded;masak ngomong lembaga sensor;Negatif;0;45;4
a2WXt0aW76g;Video 4;Semangat terus jurnalis tempo utk meliput ketidakbecusan pengelola negara,,,;30;semangat terus jurnalis tempo utk meliput ketidakbecusan pengelola negara;semangat jurnalis tempo liput ketidakbecusan kelola negara;Negatif;0;73;7
EEmfTnEhVJ0;Video 1;sampe.skrg sekolah anak saya saja blom dapat.....;0;sampe skrg sekolah anak saya saja blom dapat;sampe skrg sekolah anak;Negatif;0;44;4
a2WXt0aW76g;Video 4;Makan berGizi GRATIS harus jalan terus bang,, Kan iTU proyek baru STRATGiS jangka panjang..yang tidak terpengaruh dengan gejolak dollar yang terus meroket..?;0;makan bergizi gratis harus jalan terus bang kan itu proyek baru stratgis jangka panjang yang tidak terpengaruh dengan gejolak dollar yang terus meroket;makan gizi gratis jalan proyek stratgis jangka pengaruh gejolak dollar roket;Positif;2;151;11
EEmfTnEhVJ0;Video 1;SEBETULNYA BAIK PROGAM KAYA GITU, TAPI KOK GAK MENGUTAMAKAN POLA PENDIDIKAN NYA DULU DIBENERIN BIAR SDM DI INDO GAK ANJLOK.;0;sebetulnya baik progam kaya gitu tapi kok gak mengutamakan pola pendidikan nya dulu dibenerin biar sdm di indo gak anjlok;progam kaya gitu utama pola didik dibenerin biar sdm indo anjlok;Negatif;0;121;11
za8EqDmgeiM;Video 3;Fakta?? Banyak MBG yg dimiliki anggota parlemen&pensiunan aparat.;0;fakta banyak mbg yg dimiliki anggota parlemen pensiunan aparat;fakta mbg milik anggota parlemen pensiun aparat;Netral;1;62;7
za8EqDmgeiM;Video 3;Mau siapapun presidenya mau apapun program nya selama itu di negri konoha tercinta ini gabakal beres apalagi akuratt dan sesuai????;0;mau siapapun presidenya mau apapun program nya selama itu di negri konoha tercinta ini gabakal beres apalagi akuratt dan sesuai;presidenya apa program negri konoha cinta gabakal beres akuratt sesuai;Negatif;0;127;10
a2WXt0aW76g;Video 4;" @user  gini lho saya jelasin..
Buka kepala dlu ya, misal semua nya sama aja entah jokowi prabowo anies ganjar dll.
Sekarang kita tahu, masalah di indo itu banyak, makanya perlu prioritas. Kita liat negara lain, apa sih yg bikin mereka maju. Kaya singapura, korea, jepang itu maju karna pendidikan, sdm nya maju. Dan pendidikan ini yg mampu merubah nasib miskin jd lebih baik.
Yg kedua, priorotasnya adalah membenahi hukum, karna korupsi dah dmn2.
Nah, baru dari sini siapa peminpin yg visi dia fokus di pendidikan sama perbaikan hukum. Coba lah situ riset sendiri, dengerin semua dialog tokoh2.
Jokowi fokus ke infrastruktur, prabowo fokus ke swasembada pangan, dan yg fokus pendidikan baru ada anies. Anies jg beberapa kali pengen perbaikan hukum jg.
Ini lahh kenapa ada anak abah yg loyal dgn anies, karna kita paham indonesia butuh prioritas apa saat ini. Kita jelas blm tahu hasilnya, tp kesempatan aja blm ada, gmn tahu hasilnya?? Dan jkw prabowo jg udah beda fokus, apalagi prabowo ini mbg banyak masalah, kebijakan tiba2 ada ruu tni, makin ga jelas begini";0;gini lho saya jelasin buka kepala dlu ya misal semua nya sama aja entah jokowi prabowo anies ganjar dll sekarang kita tahu masalah di indo itu banyak makanya perlu prioritas kita liat negara lain apa sih yg bikin mereka maju kaya singapura korea jepang itu maju karna pendidikan sdm nya maju dan pendidikan ini yg mampu merubah nasib miskin jd lebih baik yg kedua priorotasnya adalah membenahi hukum karna korupsi dah dmn nah baru dari sini siapa peminpin yg visi dia fokus di pendidikan sama perbaikan hukum coba lah situ riset sendiri dengerin semua dialog tokoh jokowi fokus ke infrastruktur prabowo fokus ke swasembada pangan dan yg fokus pendidikan baru ada anies anies jg beberapa kali pengen perbaikan hukum jg ini lahh kenapa ada anak abah yg loyal dgn anies karna kita paham indonesia butuh prioritas apa saat ini kita jelas blm tahu hasilnya tp kesempatan aja blm ada gmn tahu hasilnya dan jkw prabowo jg udah beda fokus apalagi prabowo ini mbg banyak masalah kebijakan tiba ada ruu tni makin ga jelas begini;gin lho jelasin buka kepala dlu jokowi prabowo anies ganjar dll indo prioritas liat negara bikin maju kaya singapura korea jepang maju didik sdm maju didik rubah nasib miskin priorotasnya benah hukum korupsi dah dmn peminpin visi fokus didik baik hukum coba situ riset dengerin dialog tokoh jokowi fokus infrastruktur prabowo fokus swasembada pangan fokus didik anies anies ken baik hukum lahh anak abah loyal anies paham indonesia butuh prioritas hasil sempat gmn hasil jkw prabowo beda fokus prabowo mbg bijak ruu tni;Negatif;0;1018;83
a2WXt0aW76g;Video 4;wiiihh mantap baru upgrade studio nih om, dpt suntikan dana asing kah????;0;wiiihh mantap baru upgrade studio nih om dpt suntikan dana asing kah;wiiihh mantap upgrade studio dpt sunti dana asing kah;Netral;1;68;9
za8EqDmgeiM;Video 3;"Ya betul itu, anak saya aja dan anak-anak TK lainnya malah gak mau makan mbg, untungnya ada antisipasi dari pihak sekolah untuk membawa wadah agar mbg tersebut bisa dibawa pulang oleh orang tuanya.
Seperti itulah anak-anak, susah untuk dipaksakan.
menurut saya lebih baik per orangtua murid diberi uangnya saja, biar orang tua yg menyesuaikan.
Dan untuk anak yg stanting harus diberi perhatian khusus.";0;ya betul itu anak saya aja dan anak anak tk lainnya malah gak mau makan mbg untungnya ada antisipasi dari pihak sekolah untuk membawa wadah agar mbg tersebut bisa dibawa pulang oleh orang tuanya seperti itulah anak anak susah untuk dipaksakan menurut saya lebih baik per orangtua murid diberi uangnya saja biar orang tua yg menyesuaikan dan untuk anak yg stanting harus diberi perhatian khusus;anak anak anak tk makan mbg untung antisipasi sekolah bawa wadah mbg bawa pulang tua anak anak susah paksa orangtua murid uang biar tua sesuai anak stanting perhati;Negatif;0;393;28
EEmfTnEhVJ0;Video 1;Dari banyak komentar dan konten, tidak banyak yang merespon untuk mau melakukan pemberian makan bagi lingkungannya secara mandiri, tanpa bantuan pemerintah ataupun pihak lain. Lebih baik kalau kita rasa itu kurang, kita buat contoh makan bergizi gratis versi kita. Dari situlah kita bisa belajar sebelum komentar dan membuat konten yang mengkoreksi pihak lain.;0;dari banyak komentar dan konten tidak banyak yang merespon untuk mau melakukan pemberian makan bagi lingkungannya secara mandiri tanpa bantuan pemerintah ataupun pihak lain lebih baik kalau kita rasa itu kurang kita buat contoh makan bergizi gratis versi kita dari situlah kita bisa belajar sebelum komentar dan membuat konten yang mengkoreksi pihak lain;komentar konten merespon beri makan lingkung mandiri bantu perintah contoh makan gizi gratis versi situ ajar komentar konten koreksi;Positif;2;354;19
za8EqDmgeiM;Video 3;Nah ente komplain.. Sekaya apa ente hai para netizen..rakyat miskin dilarang komen yee;0;nah ente komplain sekaya apa ente hai para netizen rakyat miskin dilarang komen yee;ente komplain kaya ente netizen rakyat miskin larang komen yee;Negatif;0;83;10
EEmfTnEhVJ0;Video 1;MEMBERDAYAKAN masyarakat dong mas wo;0;memberdayakan masyarakat dong mas wo;daya masyarakat wo;Netral;1;36;3
za8EqDmgeiM;Video 3;Baru kali ini segala kegelisahan tentang proyek MBG yang ingin saya bicarakan sudah terwakili oleh saudar saya bung Fery Amsari ?.;0;baru kali ini segala kegelisahan tentang proyek mbg yang ingin saya bicarakan sudah terwakili oleh saudar saya bung fery amsari;gelisah proyek mbg bicara wakil saudar fery amsari;Negatif;0;127;8
EEmfTnEhVJ0;Video 1;@user  eh goblok, lu cm ntn 1 video ini doang tolol. Lo liat smpe kebawah seperti apa bang fer ini.;0;eh goblok lu cm ntn video ini doang tolol lo liat smpe kebawah seperti apa bang fer ini;eh goblok lu cm ntn video doang tolol lo liat smpe bawah;Negatif;0;87;12
EEmfTnEhVJ0;Video 1;Dari mas ferry aku bisa melihat bahwa yg kerja di kementerian itu pinter2. Tapi yg berani itu dikit ??;0;dari mas ferry aku bisa melihat bahwa yg kerja di kementerian itu pinter tapi yg berani itu dikit;menteri pinter berani dikit;Positif;2;97;4
rrTT_3KwcSs;Video 2;"Untuk makan gratis secara garis besar setuju hanya menyisakan satu catatan. Sebaiknya dimulai dari kecil dulu pada daerah yang memang membutuhkan lalu secara bertahap di upscale dibarengi dengan evaluasi-evaluasi. Jika langsung besar dan buru-buru jadinya seperti program yang dipaksakan untuk ""kepentingan lain""

soal DP rumah 0%, setuju dengan gagasan bahwa pemerintah mestinya turun tangan untuk meregulasi harga properti. Tapi cara dan solusinya yg mesti dipikirkan dengan matang. Jika hanya asal mencetuskan ide program, lalu meminta masyarakat Indonesia memaafkan jika gagal, akan muncul ide2 liar lain dengan modal asal ngomong tanpa ada pemikiran strategisnya hanya untuk memenangkan kampanye. Kemudian berkilah, yang penting kan niatnya baik, jika gagal harus dimaafkan.

program pemerintah tidak hanya harus didasarkan pada niatan yg baik saja, tetapi juga dibarengi dengan perencanaan yg jelas arahnya, juga resources yang terukur yang dimiliki sehingga ide tersebut possible untuk diwujudkan. Jikapun gagal, sebagai warga bisa lebih legowo untuk memaafkan karena secara niat, tujuan dan langkah yg diambil sudah benar. Dan bisa disempurnakan lagi di percobaan selanjutnya.";50;untuk makan gratis secara garis besar setuju hanya menyisakan satu catatan sebaiknya dimulai dari kecil dulu pada daerah yang memang membutuhkan lalu secara bertahap di upscale dibarengi dengan evaluasi evaluasi jika langsung besar dan buru buru jadinya seperti program yang dipaksakan untuk kepentingan lain soal dp rumah setuju dengan gagasan bahwa pemerintah mestinya turun tangan untuk meregulasi harga properti tapi cara dan solusinya yg mesti dipikirkan dengan matang jika hanya asal mencetuskan ide program lalu meminta masyarakat indonesia memaafkan jika gagal akan muncul ide liar lain dengan modal asal ngomong tanpa ada pemikiran strategisnya hanya untuk memenangkan kampanye kemudian berkilah yang penting kan niatnya baik jika gagal harus dimaafkan program pemerintah tidak hanya harus didasarkan pada niatan yg baik saja tetapi juga dibarengi dengan perencanaan yg jelas arahnya juga resources yang terukur yang dimiliki sehingga ide tersebut possible untuk diwujudkan jikapun gagal sebagai warga bisa lebih legowo untuk memaafkan karena secara niat tujuan dan langkah yg diambil sudah benar dan bisa disempurnakan lagi di percobaan selanjutnya;makan gratis garis tuju sisa catat daerah butuh tahap upscale bareng evaluasi evaluasi buru buru program paksa penting dp rumah tuju gagas perintah mesti turun tangan regulasi harga properti solusi mesti pikir matang cetus ide program masyarakat indonesia maaf gagal muncul ide liar modal ngomong pikir strategis menang kampanye kilah niat gagal maaf program perintah dasar niat bareng rencana arah resources ukur milik ide possible wujud jika gagal warga legowo maaf niat tuju langkah ambil sempurna coba;Netral;1;1158;77
EEmfTnEhVJ0;Video 1;mantap bang fer, harusnya yg pintar begini masuk pemerintahan. pasti banyak mslh yg bisa terselesaikan terutama mslh kebijakan, pasti banyak kebijakannya yg bakal pro rakyat.;0;mantap bang fer harusnya yg pintar begini masuk pemerintahan pasti banyak mslh yg bisa terselesaikan terutama mslh kebijakan pasti banyak kebijakannya yg bakal pro rakyat;mantap pintar perintah mslh selesai mslh bijak bijak pro rakyat;Netral;0;170;10
za8EqDmgeiM;Video 3;Gila Uda Feri smart people bingit, terlihat podcaster belepotan... podcaster sebaiknya belajar dengan Uda Feri,biar jadi smart people;10;gila uda feri smart people bingit terlihat podcaster belepotan podcaster sebaiknya belajar dengan uda feri biar jadi smart people;gila uda feri smart people bingit podcaster belepotan podcaster ajar uda feri biar smart people;Netral;1;129;15
EEmfTnEhVJ0;Video 1;Saya setuju untuk makan siang gratis, cuma ayo semua harus lebih  terbuka dalam semua hal ini, karena ini bisa jadi ladang korupsi baru,;0;saya setuju untuk makan siang gratis cuma ayo semua harus lebih terbuka dalam semua hal ini karena ini bisa jadi ladang korupsi baru;tuju makan siang gratis ayo buka ladang korupsi;Netral;1;132;8
rrTT_3KwcSs;Video 2;"I do agree banyak program yg ok dari pemerintah... BPJS (dulu orang miskin dilarang sakit, orang menengah sakit jadi miskin), Pemmbuatan jalan dan Tol, BBM 1 harga, buat bendungan, MBG juga setuju.
Sy relatif setuju koruptor balikin duit korupsi, dimaafin tapi sdh ga boleh menjabat lagi di partai n pemerintahan... Setelah itu kalau ada yg korupsi dihukum mati.";0;i do agree banyak program yg ok dari pemerintah bpjs dulu orang miskin dilarang sakit orang menengah sakit jadi miskin pemmbuatan jalan dan tol bbm harga buat bendungan mbg juga setuju sy relatif setuju koruptor balikin duit korupsi dimaafin tapi sdh ga boleh menjabat lagi di partai n pemerintahan setelah itu kalau ada yg korupsi dihukum mati;do agree program ok perintah bpjs miskin larang sakit tengah sakit miskin pemmbuatan jalan tol bbm harga bendung mbg tuju sy relatif tuju koruptor balikin duit korupsi dimaafin jabat partai perintah korupsi hukum mati;Negatif;0;344;34
EEmfTnEhVJ0;Video 1;program beda dengan sedekah yaa , sedekah yang kita kasi sesuai yang kita mau yaa yang nerima bersukur atau gak urusan yang nerima , klo program lo rencanain , lo itung itung , pasti harus yang terbaik doang , klo di kritik yaa perbaiki;0;program beda dengan sedekah yaa sedekah yang kita kasi sesuai yang kita mau yaa yang nerima bersukur atau gak urusan yang nerima klo program lo rencanain lo itung itung pasti harus yang terbaik doang klo di kritik yaa perbaiki;program beda sedekah yaa sedekah kasi sesuai yaa nerima bersukur urus nerima program lo rencanain lo itung itung baik doang kritik yaa baik;Netral;1;226;23
EEmfTnEhVJ0;Video 1;Pake uang sendiri B4N99A ..  Ngarso Dalem IX taun 1948 DIY memindahkan Ibu Kota RI dan membiayai PEMERINTAHAN RI selama berada di Jogja ..;0;pake uang sendiri b n a ngarso dalem ix taun diy memindahkan ibu kota ri dan membiayai pemerintahan ri selama berada di jogja;pake uang ngarso dalem ix taun diy pindah kota ri biaya perintah ri jogja;Negatif;0;125;14
a2WXt0aW76g;Video 4;MBG harusnya melibatkan sekolah dalam pelaksanaannya.;0;mbg harusnya melibatkan sekolah dalam pelaksanaannya;mbg libat sekolah laksana;Netral;1;52;4
a2WXt0aW76g;Video 4;Klu mau mensukseskan dukungannya, ambil posisi kontrol, bukan minta bagian dn menikmati proses .. blm slsai programnya udh menikmati tetesan bocoran2 dana ??;0;klu mau mensukseskan dukungannya ambil posisi kontrol bukan minta bagian dn menikmati proses blm slsai programnya udh menikmati tetesan bocoran dana;klu sukses dukung ambil posisi kontrol dn nikmat proses slsai program nikmat tetes bocor dana;Negatif;0;148;15
za8EqDmgeiM;Video 3;Drpd ribet sana-sini. Udh paling bener MBG itu dilaksanakan di Sekolah masing2. Tinggal Quality control. Emang dasarnya pada mau dpt cuan proyek ya susah.. gak kelar2 urusan;0;drpd ribet sana sini udh paling bener mbg itu dilaksanakan di sekolah masing tinggal quality control emang dasarnya pada mau dpt cuan proyek ya susah gak kelar urusan;drpd ribet bener mbg laksana sekolah tinggal quality control dasar dpt cuan proyek susah kelar urus;Negatif;0;166;16
a2WXt0aW76g;Video 4;semoga media yg jujur seperti tempo selalu dilindungi Allah swt,.,;90;semoga media yg jujur seperti tempo selalu dilindungi allah swt;moga media jujur tempo lindung allah swt;Netral;1;63;7
a2WXt0aW76g;Video 4;"Prabowo presiden omon""";0;prabowo presiden omon;prabowo presiden omon;Negatif;0;21;3
EEmfTnEhVJ0;Video 1;"Coba dengerkan vidio ini lagi, menyesuaikan. Kantin itu yang sudah ada di situ bukan yang tiba"" muncul, kalau gak ada kantin baru menggunakan pihak ke 3 seperti vendor dll? @user ";0;coba dengerkan vidio ini lagi menyesuaikan kantin itu yang sudah ada di situ bukan yang tiba muncul kalau gak ada kantin baru menggunakan pihak ke seperti vendor dll;coba dengerkan vidio sesuai kantin situ muncul kantin vendor dll;Netral;1;165;10
a2WXt0aW76g;Video 4;"TEMPO bikin PARTAI aja
pasti bisa masuk parlemen
dan suara pasti lebih dari partai gajah";0;tempo bikin partai aja pasti bisa masuk parlemen dan suara pasti lebih dari partai gajah;tempo bikin partai parlemen suara partai gajah;Positif;2;88;7
a2WXt0aW76g;Video 4;? @user  resesi karena media.. apa bapak paham apa itu resesi? Dan variabel penyebabnya apa saja? Apa parameter untuk bisa dikatakan resesi? ??;0;resesi karena media apa bapak paham apa itu resesi dan variabel penyebabnya apa saja apa parameter untuk bisa dikatakan resesi;resesi media paham resesi variabel sebab parameter resesi;Netral;1;126;8
a2WXt0aW76g;Video 4;sekarang tempo mulai menerapkan nilai ekonomi ...lama2 jadi tempo berbayar;0;sekarang tempo mulai menerapkan nilai ekonomi lama jadi tempo berbayar;tempo terap nilai ekonomi tempo bayar;Netral;1;70;6
a2WXt0aW76g;Video 4;kalo partai yg berkuasa itu partai banteng. apakah tempodotco dan bocorhalus akan tetap mengkritik pemerintah???;0;kalo partai yg berkuasa itu partai banteng apakah tempodotco dan bocorhalus akan tetap mengkritik pemerintah;partai kuasa partai banteng tempodotco bocorhalus kritik perintah;Negatif;0;108;8
EEmfTnEhVJ0;Video 1;Teknisnya semoga semakin lebih simple dan mengutamakan daerah yg kurang makan gizinya;0;teknisnya semoga semakin lebih simple dan mengutamakan daerah yg kurang makan gizinya;teknis moga simple utama daerah makan gizi;Netral;1;85;7
a2WXt0aW76g;Video 4;Sdh diduga proyek2 pemerintah pasti yg menikmati pasti yg deket kekuasaan;0;sdh diduga proyek pemerintah pasti yg menikmati pasti yg deket kekuasaan;duga proyek perintah nikmat deket kuasa;Negatif;0;72;6
za8EqDmgeiM;Video 3;anggaran 1,2 T perhari. bayangkan jika anggran itu di alihkan untuk mengelola sumber daya alam di indonesia betapa sejahteranya masyarakat indonesia.;0;anggaran t perhari bayangkan jika anggran itu di alihkan untuk mengelola sumber daya alam di indonesia betapa sejahteranya masyarakat indonesia;anggar hari bayang anggran alih kelola sumber daya alam indonesia betapa sejahtera masyarakat indonesia;Positif;2;143;14
za8EqDmgeiM;Video 3;"bagi saya lebih baik TNI (Binmas) dan Polisi (bhabinkantibmas) dilibatkan untuk mengawal agar supaya dapur tidak menjadi inceran premanisme, pungli dari oknum""";0;bagi saya lebih baik tni binmas dan polisi bhabinkantibmas dilibatkan untuk mengawal agar supaya dapur tidak menjadi inceran premanisme pungli dari oknum;tni binmas polisi bhabinkantibmas libat awal dapur inceran preman pungli oknum;Negatif;0;153;11
a2WXt0aW76g;Video 4;"Biasa sdh mnjd tradisi
Klo ada program atau proyek maka biasanya jatuh kpd org² terdekat di lingkaran mrk sndiri
KKN sdh jd budaya
Sulit lepas meski aturan sdh ada utk mngaturnya

Dlm program mbg dg nilai sngt besar jelas membuat mrk ngiler utk rebutan mnjd vendor atau mitra mbg
Meski skrg mulai terlihat bermasalah krn duitnya terasa seret dll";0;biasa sdh mnjd tradisi klo ada program atau proyek maka biasanya jatuh kpd org terdekat di lingkaran mrk sndiri kkn sdh jd budaya sulit lepas meski aturan sdh ada utk mngaturnya dlm program mbg dg nilai sngt besar jelas membuat mrk ngiler utk rebutan mnjd vendor atau mitra mbg meski skrg mulai terlihat bermasalah krn duitnya terasa seret dll;mnjd tradisi program proyek jatuh kpd dekat lingkar mrk sndiri kkn budaya sulit lepas atur mngaturnya program mbg nilai sngt mrk ngiler rebut mnjd vendor mitra mbg skrg masalah duit seret dll;Negatif;0;343;32
EEmfTnEhVJ0;Video 1;saran aku pemerintah buat BUMN atau instansi khusus buat bikin dapur makan siang gratis , selain bisa standarisasi makan siang gratis juga bisa buka lapangan pekerjaan jugaa ..;0;saran aku pemerintah buat bumn atau instansi khusus buat bikin dapur makan siang gratis selain bisa standarisasi makan siang gratis juga bisa buka lapangan pekerjaan jugaa;saran perintah bumn instansi bikin dapur makan siang gratis standar makan siang gratis buka lapang kerja jugaa;Netral;1;171;17
EEmfTnEhVJ0;Video 1;"Konten ini sampai ga sii sebenernya ke Presiden dan jajarannya itu :""' ada yang ngasih tau ga sii ke beliau yang ada di atas sana?";0;konten ini sampai ga sii sebenernya ke presiden dan jajarannya itu ada yang ngasih tau ga sii ke beliau yang ada di atas sana;konten sii sebenernya presiden jajar ngasih tau sii beliau;Netral;1;125;9
a2WXt0aW76g;Video 4;"? @user  saran..
knp dana MBG ga diserahkan saja ke pihak sekolah dan pihak sekolah wajib membangun dapur sekolah plus SDMnya. dengan itu kantin sekolah bisa dijadikan tempat berkumpul yg asik.??";10;m o saran knp dana mbg ga diserahkan saja ke pihak sekolah dan pihak sekolah wajib membangun dapur sekolah plus sdmnya dengan itu kantin sekolah bisa dijadikan tempat berkumpul yg asik;saran knp dana mbg serah sekolah sekolah wajib bangun dapur sekolah plus sdmnya kantin sekolah jadi kumpul asik;Negatif;0;184;18
a2WXt0aW76g;Video 4;Indonesia mungkin kalah dalam berbagai bidang dan teknologi, tapi percayalah indonesia yg terhebat dalam korupsi;;indonesia mungkin kalah dalam berbagai bidang dan teknologi tapi percayalah indonesia yg terhebat dalam korupsi;indonesia kalah bidang teknologi percaya indonesia hebat korupsi;Positif;2;111;8
a2WXt0aW76g;Video 4;Anak muda yg makin putus asa dengan kondisi, melihat satu2nya jalan utk sejahtera di indonesia ini adalah menjadi pejabat. Makin lama makin kaya, makmur dan sejahtera. Menarik…;10;anak muda yg makin putus asa dengan kondisi melihat satu nya jalan utk sejahtera di indonesia ini adalah menjadi pejabat makin lama makin kaya makmur dan sejahtera menarik;anak muda putus asa kondisi jalan sejahtera indonesia jabat kaya makmur sejahtera tarik;Negatif;0;171;13
za8EqDmgeiM;Video 3;24:30 sudah kuduga....Dimana ada anggaran pasti banyak yg ikut proyek pejabat2 nya ??;0;sudah kuduga dimana ada anggaran pasti banyak yg ikut proyek pejabat nya;duga mana anggar proyek jabat;Negatif;0;72;5
a2WXt0aW76g;Video 4;Intinya programnya gak sampai mandek. Setidaknya 90 persen jatuh ke tangan Rakyat dan siswa.;10;intinya programnya gak sampai mandek setidaknya persen jatuh ke tangan rakyat dan siswa;inti program mandek persen jatuh tangan rakyat siswa;Positif;2;87;8
a2WXt0aW76g;Video 4;Setiap orang ada masanya, setiap masa ada orangnya, flash back periode sebelumnua Proyek hilirisasi, foodestate,, berapa banyak budget yg MENGUAP tanpa hasil ,,, wajarlah periode sekarang project MBG ,,,??????;10;setiap orang ada masanya setiap masa ada orangnya flash back periode sebelumnua proyek hilirisasi foodestate berapa banyak budget yg menguap tanpa hasil wajarlah periode sekarang project mbg;masa orang flash back periode sebelumnua proyek hilir foodestate budget uap hasil wajar periode project mbg;Negatif;0;190;16
za8EqDmgeiM;Video 3;Tanya bos lue.. Prabowo cok;0;tanya bos lue prabowo cok;bos lue prabowo cok;Netral;1;25;4
EEmfTnEhVJ0;Video 1;Hah setuju aku kalau memberdayakan kantin sekolah;0;hah setuju aku kalau memberdayakan kantin sekolah;hah tuju daya kantin sekolah;Positif;2;49;5
EEmfTnEhVJ0;Video 1;"Baik
Kecuali mereka kaya";0;baik kecuali mereka kaya;kecuali kaya;Negatif;0;24;2
EEmfTnEhVJ0;Video 1;dalam konteks gratis bagus si ga di paksa makan juga suka makan gasuka diam;0;dalam konteks gratis bagus si ga di paksa makan juga suka makan gasuka diam;konteks gratis bagus si paksa makan suka makan gasuka diam;Netral;1;75;10
a2WXt0aW76g;Video 4;Ya nga kagetlah memang mrk akan berpesta pora, slmt menikmati warga 58;0;ya nga kagetlah memang mrk akan berpesta pora slmt menikmati warga;nga kaget mrk pesta pora slmt nikmat warga;Negatif;0;66;8
za8EqDmgeiM;Video 3;Intix ini sebuah proyek;0;intix ini sebuah proyek;intix proyek;Negatif;0;23;2
a2WXt0aW76g;Video 4;Proyek orang2 pendukung pemilihan presiden;0;proyek orang pendukung pemilihan presiden;proyek dukung pilih presiden;Negatif;0;41;4
a2WXt0aW76g;Video 4;"Jare mas Wapres dl, MBG ini akan menghidupkan UMKM sebagai mitra. Percoyoooo. ""iya iya, kita lihat saja nanti"" , jawapan andalane yo mung ngono iku ??";0;jare mas wapres dl mbg ini akan menghidupkan umkm sebagai mitra percoyoooo iya iya kita lihat saja nanti jawapan andalane yo mung ngono iku;jare wapres dl mbg hidup umkm mitra percoyoooo iya iya jawapan andalane yo mung ngono iku;Netral;1;139;16
za8EqDmgeiM;Video 3;"Om Kl boleh titip pesan dr rakyat jelata..tlg blgin kpd pejabat terkait utk BRANTAS JUDOL SAMPAI KE AKAR2NYA..
trm kasih om";0;om kl boleh titip pesan dr rakyat jelata tlg blgin kpd pejabat terkait utk brantas judol sampai ke akar nya trm kasih om;titip pesan rakyat jelata tlg blgin kpd jabat kait brantas judol akar trm kasih;Negatif;0;120;14
za8EqDmgeiM;Video 3;cucu saya di sekolahnya jg dpt jatah MBG tapi tdk pernah dimakan,masih tetap bawa bekal dirumah.;0;cucu saya di sekolahnya jg dpt jatah mbg tapi tdk pernah dimakan masih tetap bawa bekal dirumah;cucu sekolah dpt jatah mbg makan bawa bekal rumah;Netral;1;95;9
a2WXt0aW76g;Video 4;Semua kebijakan strategis ini pasti sudah lewat kajian matang. MBG adalah pemenuhan HAM paling dasar bagi anak bangsa agar sehat dan cerdas.;0;semua kebijakan strategis ini pasti sudah lewat kajian matang mbg adalah pemenuhan ham paling dasar bagi anak bangsa agar sehat dan cerdas;bijak strategis kaji matang mbg penuh ham dasar anak bangsa sehat cerdas;Positif;2;138;12
a2WXt0aW76g;Video 4;Kok didaerah ku SMP skrg blm ada makan bergizi gratis????..dah penasaran menunya apa aja .benar2 bergizi apa enggak??;0;kok didaerah ku smp skrg blm ada makan bergizi gratis dah penasaran menunya apa aja benar bergizi apa enggak;daerah ku smp skrg makan gizi gratis dah penasaran menu gizi;Netral;1;108;11
a2WXt0aW76g;Video 4;Pemerintah Pusat sudah seharusnya mendukung penuh Podcast Bocor Halus ini.Sehingga Pemerintah Pusat tahu isus-isu yang dimunculkan oleh Bocor Halus ke permukaan.Dengan demikian Pemerintah Pusat bisa menurunkan timnya menyediliki apakah isu itu benar atau tidak ? Dengan demikian uang negara bisa diselamatkan untuk membangun bangsa dan negara yang kita cintai ini.Jadi tidak perlu lagi kesana-kemari pemerintah untuk mencari dan membujuk Investor dari luar agar menanamkan modalnya ke Indonesia.;10;pemerintah pusat sudah seharusnya mendukung penuh podcast bocor halus ini sehingga pemerintah pusat tahu isus isu yang dimunculkan oleh bocor halus ke permukaan dengan demikian pemerintah pusat bisa menurunkan timnya menyediliki apakah isu itu benar atau tidak dengan demikian uang negara bisa diselamatkan untuk membangun bangsa dan negara yang kita cintai ini jadi tidak perlu lagi kesana kemari pemerintah untuk mencari dan membujuk investor dari luar agar menanamkan modalnya ke indonesia;perintah pusat dukung penuh podcast bocor halus perintah pusat isus isu muncul bocor halus muka perintah pusat turun tim lik isu uang negara selamat bangun bangsa negara cinta kesana kemari perintah cari bujuk investor tanam modal indonesia;Netral;1;492;37
za8EqDmgeiM;Video 3;INTINYA Semoga Semakin jelas aja ,dan presiden harus memperbaiki sistem MBG tugasin beberapa Intel untuk ngawasin berjalan nya Makanan bergizi gratis,dan pastikan yang di kasih tugas jadi Intel harus sejalan dengan pak Prabowo,enggak nusuk dari belakang;0;intinya semoga semakin jelas aja dan presiden harus memperbaiki sistem mbg tugasin beberapa intel untuk ngawasin berjalan nya makanan bergizi gratis dan pastikan yang di kasih tugas jadi intel harus sejalan dengan pak prabowo enggak nusuk dari belakang;inti moga presiden baik sistem mbg tugasin intel ngawasin jalan makan gizi gratis pasti kasih tugas intel jalan prabowo nusuk;Positif;2;252;20
za8EqDmgeiM;Video 3;begitu ada masalah baru BGN kooordinasi SLHS dengan Direktur Kesling Kemenkes RI;0;begitu ada masalah baru bgn kooordinasi slhs dengan direktur kesling kemenkes ri;bgn kooordinasi slhs direktur sling kemenkes ri;Negatif;0;80;7
EEmfTnEhVJ0;Video 1;"makanan gratisnya mana wo aduh laper nih wo
bowo gendut
jangan lupa sprei nya wo";0;makanan gratisnya mana wo aduh laper nih wo bowo gendut jangan lupa sprei nya wo;makan gratis wo aduh laper wo bowo gendut lupa sprei wo;Positif;2;80;11
rrTT_3KwcSs;Video 2;"Untuk menghilangkan stunting itu dari dari dalam kandungan.

Jika pemerintah serius. Generasi tahun depanlah yang seharusnya mendapat program makan gratis, sudah dirawat dari dalam kandungan dan mendapat program makan bergizi ketika menempuh pendidikan.";0;untuk menghilangkan stunting itu dari dari dalam kandungan jika pemerintah serius generasi tahun depanlah yang seharusnya mendapat program makan gratis sudah dirawat dari dalam kandungan dan mendapat program makan bergizi ketika menempuh pendidikan;hilang stunting kandung perintah serius generasi tahun depan program makan gratis rawat kandung program makan gizi tempuh didik;Negatif;0;248;18
za8EqDmgeiM;Video 3;MBG sebaiknya jangan dibuat setiap hari, tapi 2 / 3 hari sekali dulu. benerin dan kuatkan dulu sistem nya. setidaknya kantin juga tidak mati karena program ini.;0;mbg sebaiknya jangan dibuat setiap hari tapi hari sekali dulu benerin dan kuatkan dulu sistem nya setidaknya kantin juga tidak mati karena program ini;mbg benerin kuat sistem kantin mati program;Negatif;0;150;7
a2WXt0aW76g;Video 4;"ya tempo ga usah baper kalo ga di undang
orang banyak media lain pun kagak di undang";0;ya tempo ga usah baper kalo ga di undang orang banyak media lain pun kagak di undang;tempo baper undang media kagak undang;Negatif;0;84;6
a2WXt0aW76g;Video 4;Itu duit Ratusan T lho MBG itu;0;itu duit ratusan t lho mbg itu;duit ratus lho mbg;Negatif;0;30;4
za8EqDmgeiM;Video 3;"Sri Sultan HB aja dulu dh pernah bilang, kalau :
1. Bikin prasmanan aja, biar gampang liat mana makanan yg disukai dan gak disukai. Dan gampang liat kualitas makanannya. 
2. Jangan ditutup ungkep selagi masih panas, apalagi selama 3jam lebih.
3. Jangan biarkan sayur mengendap / disimpan terlalu lama, apalagi masak jam 2 pagi, dikasihkan jam 9-10 pagi. Krna PASTI BASI DAN JADI RACUN. 
4. Lebih baik masaknya per sekolah atau per-rayon maksimal 3 sekolah kecil. Seperti yg sudah dilakukan bertahun-tahun oleh banyak SDi/SMPi Muhammadiyah.

Knpa sri sultan HB tau? Krna beliau dan seluruh keturunan beliau, layaknya bangsawan lain, selain belajar politik, sosial, ekonomi, budaya dll.. juga belajar kesenian dan masak memasak makanan/minuman.";0;sri sultan hb aja dulu dh pernah bilang kalau bikin prasmanan aja biar gampang liat mana makanan yg disukai dan gak disukai dan gampang liat kualitas makanannya jangan ditutup ungkep selagi masih panas apalagi selama jam lebih jangan biarkan sayur mengendap disimpan terlalu lama apalagi masak jam pagi dikasihkan jam pagi krna pasti basi dan jadi racun lebih baik masaknya per sekolah atau per rayon maksimal sekolah kecil seperti yg sudah dilakukan bertahun tahun oleh banyak sdi smpi muhammadiyah knpa sri sultan hb tau krna beliau dan seluruh keturunan beliau layaknya bangsawan lain selain belajar politik sosial ekonomi budaya dll juga belajar kesenian dan masak memasak makanan minuman;sri sultan hb dh bikin prasmanan biar gampang liat makan suka suka gampang liat kualitas makan tutup ungkep selagi panas jam biar sayur endap simpan masak jam pagi kasih jam pagi basi racun masak sekolah rayon maksimal sekolah tahun tahun sdi smpi muhammadiyah knpa sri sultan hb tau beliau turun beliau layak bangsawan ajar politik sosial ekonomi budaya dll ajar seni masak masak makan minum;Positif;2;692;65
a2WXt0aW76g;Video 4;Orang  awampun  dari awal sdh bisa prediksi hal ini.;0;orang awampun dari awal sdh bisa prediksi hal ini;awam prediksi;Netral;1;49;2
a2WXt0aW76g;Video 4;Kawal terus program MBG supaya tidak terjadi penyelewengan,;10;kawal terus program mbg supaya tidak terjadi penyelewengan;kawal program mbg seleweng;Positif;2;58;4
a2WXt0aW76g;Video 4;"Bang Arga boleh juga nih cara menyampaikan hasil investigasi nya.  Asik betul. 

Boleh kali tim Tempo Bang Arga di duetkan sama Bang Riky";10;bang arga boleh juga nih cara menyampaikan hasil investigasi nya asik betul boleh kali tim tempo bang arga di duetkan sama bang riky;arga hasil investigasi asik tim tempo arga duet riky;Netral;1;132;9
za8EqDmgeiM;Video 3;Fer fer saya yakin di kasi amanah untuk kepala badan gizi pasti jg banyak masalah, itulah namanya proses..;0;fer fer saya yakin di kasi amanah untuk kepala badan gizi pasti jg banyak masalah itulah namanya proses;kasi amanah kepala badan gizi nama proses;Positif;2;103;7
EEmfTnEhVJ0;Video 1;Sepakat sama bg Ferry sih ganti program makan bergizi gratis ke kantin bersubsidi,toh budget yg disediain lebih dikit dari makan bergizi gratis,dari sisi perencanaan dan pelaksanaan lebih simple dan gak ribet;1820;sepakat sama bg ferry sih ganti program makan bergizi gratis ke kantin bersubsidi toh budget yg disediain lebih dikit dari makan bergizi gratis dari sisi perencanaan dan pelaksanaan lebih simple dan gak ribet;sepakat ganti program makan gizi gratis kantin subsidi budget ain dikit makan gizi gratis sisi rencana laksana simple ribet;Positif;2;208;19
rrTT_3KwcSs;Video 2;masalah dedi bikin jelas mana konten kreator yang ride the wave sama yg beneran mencerna wkwkkwkw;10;masalah dedi bikin jelas mana konten kreator yang ride the wave sama yg beneran mencerna wkwkkwkw;dedi bikin konten kreator ride the wave beneran cerna wkwkkwkw;Negatif;0;97;10
za8EqDmgeiM;Video 3;Simpelnya kalau pemerintah dan masyarakat kalau mau sama sama  berkerja sama dan satu visi misi pasti akan sukses dengan sendirinya. Tapi ya ini Indonesia yg sdmnya punya kepentingan masing masing JD ya  begini JD carut marut.;0;simpelnya kalau pemerintah dan masyarakat kalau mau sama sama berkerja sama dan satu visi misi pasti akan sukses dengan sendirinya tapi ya ini indonesia yg sdmnya punya kepentingan masing masing jd ya begini jd carut marut;simpel perintah masyarakat kerja visi misi sukses indonesia sdmnya penting carut marut;Netral;1;222;12
rrTT_3KwcSs;Video 2;makan bergizi gratis bukan solusi stunting;10;makan bergizi gratis bukan solusi stunting;makan gizi gratis solusi stunting;Negatif;0;42;5
za8EqDmgeiM;Video 3;Gratis bagi siswa yg makannya, artinya gak ada yg gratis secara langsung;40;gratis bagi siswa yg makannya artinya gak ada yg gratis secara langsung;gratis siswa makan gratis;Positif;2;71;4
